product,year,date_dir,hdf_count,total_bytes
05kmAP,2007,2007_01_01,29,4734443255
05kmAP,2007,2007_01_02,29,4754521671
05kmAP,2007,2007_01_03,29,4688752011
05kmAP,2007,2007_01_04,30,4908087601
05kmAP,2007,2007_01_05,29,4744331679
05kmAP,2007,2007_01_06,29,4732802495
05kmAP,2007,2007_01_07,29,4754521672
05kmAP,2007,2007_01_08,29,4734272690
05kmAP,2007,2007_01_09,29,4754351094
05kmAP,2007,2007_01_10,29,4717077922
05kmAP,2007,2007_01_11,29,4752880870
05kmAP,2007,2007_01_12,30,4872282259
05kmAP,2007,2007_01_13,29,4734443340
05kmAP,2007,2007_01_14,29,4754587260
05kmAP,2007,2007_01_15,8,1308775292
05kmAP,2007,2007_01_17,15,2444037400
05kmAP,2007,2007_01_18,29,4754587226
05kmAP,2007,2007_01_19,29,4734443329
05kmAP,2007,2007_01_20,30,4909660475
05kmAP,2007,2007_01_21,29,4756029002
05kmAP,2007,2007_01_22,29,4740472612
05kmAP,2007,2007_01_23,29,4765072961
05kmAP,2007,2007_01_24,29,4744823986
05kmAP,2007,2007_01_25,28,4604937461
05kmAP,2007,2007_01_26,29,4679491626
05kmAP,2007,2007_01_27,29,4768022117
05kmAP,2007,2007_01_28,30,4920211781
05kmAP,2007,2007_01_29,29,4748074779
05kmAP,2007,2007_01_30,29,4769594962
05kmAP,2007,2007_01_31,29,4748009218
05kmAP,2007,2007_02_01,29,4756219683
05kmAP,2007,2007_02_02,29,4755611434
05kmAP,2007,2007_02_03,29,4771102283
05kmAP,2007,2007_02_04,29,4751023931
05kmAP,2007,2007_02_05,29,4774116961
05kmAP,2007,2007_02_06,30,4648679763
05kmAP,2007,2007_02_07,29,4754038591
05kmAP,2007,2007_02_08,29,4772609644
05kmAP,2007,2007_02_09,29,4754038593
05kmAP,2007,2007_02_10,29,4774116954
05kmAP,2007,2007_02_11,29,4755545917
05kmAP,2007,2007_02_12,29,4774051397
05kmAP,2007,2007_02_13,30,4929255757
05kmAP,2007,2007_02_14,29,4757053221
05kmAP,2007,2007_02_15,29,4775624330
05kmAP,2007,2007_02_16,29,4613847141
05kmAP,2007,2007_02_17,29,4775689832
05kmAP,2007,2007_02_18,20,3050586397
05kmAP,2007,2007_02_19,29,4775689842
05kmAP,2007,2007_02_20,29,4757118783
05kmAP,2007,2007_02_21,29,4775689848
05kmAP,2007,2007_02_22,30,4930763078
05kmAP,2007,2007_02_23,29,4555386062
05kmAP,2007,2007_02_24,29,4775624282
05kmAP,2007,2007_02_25,29,4757053243
05kmAP,2007,2007_02_26,29,4775624259
05kmAP,2007,2007_02_27,29,4757118768
05kmAP,2007,2007_02_28,29,4775689801
05kmAP,2007,2007_03_01,29,4756987657
05kmAP,2007,2007_03_02,30,4930763059
05kmAP,2007,2007_03_03,29,4775689791
05kmAP,2007,2007_03_04,29,4757118787
05kmAP,2007,2007_03_05,29,4775624282
05kmAP,2007,2007_03_06,29,4757053194
05kmAP,2007,2007_03_07,11,1793533164
05kmAP,2007,2007_03_08,15,2456096011
05kmAP,2007,2007_03_09,29,4698054339
05kmAP,2007,2007_03_10,30,4930697543
05kmAP,2007,2007_03_11,29,4757118765
05kmAP,2007,2007_03_12,29,4775624238
05kmAP,2007,2007_03_13,29,4757053242
05kmAP,2007,2007_03_14,29,4775689819
05kmAP,2007,2007_03_15,29,4757118758
05kmAP,2007,2007_03_16,29,4775624288
05kmAP,2007,2007_03_17,29,4757053252
05kmAP,2007,2007_03_18,30,4930697555
05kmAP,2007,2007_03_19,29,4774049024
05kmAP,2007,2007_03_20,29,4757053221
05kmAP,2007,2007_03_21,29,4775689821
05kmAP,2007,2007_03_22,29,4757053228
05kmAP,2007,2007_03_23,29,4775624301
05kmAP,2007,2007_03_24,29,4757053236
05kmAP,2007,2007_03_25,29,4775624274
05kmAP,2007,2007_03_26,12,1972239684
05kmAP,2007,2007_03_27,18,2857556291
05kmAP,2007,2007_03_28,29,4774182467
05kmAP,2007,2007_03_29,29,4757053218
05kmAP,2007,2007_03_30,29,4775624284
05kmAP,2007,2007_03_31,29,4757053246
05kmAP,2007,2007_04_01,29,4775624292
05kmAP,2007,2007_04_02,29,4615828982
05kmAP,2007,2007_04_03,29,4775624331
05kmAP,2007,2007_04_04,30,4930763155
05kmAP,2007,2007_04_05,16,2629674809
05kmAP,2007,2007_04_06,12,1967242986
05kmAP,2007,2007_04_07,29,4757053251
05kmAP,2007,2007_04_08,29,4658031115
05kmAP,2007,2007_04_09,29,4755611440
05kmAP,2007,2007_04_10,29,4775624235
05kmAP,2007,2007_04_11,30,4930697518
05kmAP,2007,2007_04_12,29,4757118782
05kmAP,2007,2007_04_13,29,4775689780
05kmAP,2007,2007_04_14,29,4757053177
05kmAP,2007,2007_04_15,29,4775624248
05kmAP,2007,2007_04_16,29,4747164895
05kmAP,2007,2007_04_17,29,4775624240
05kmAP,2007,2007_04_18,29,4757053234
05kmAP,2007,2007_04_19,29,4775624281
05kmAP,2007,2007_04_20,30,4930763030
05kmAP,2007,2007_04_21,29,4757053227
05kmAP,2007,2007_04_22,29,4775689810
05kmAP,2007,2007_04_23,29,4757053225
05kmAP,2007,2007_04_24,9,1488448875
05kmAP,2007,2007_04_26,18,2953461120
05kmAP,2007,2007_04_27,29,4757053245
05kmAP,2007,2007_04_28,30,4930697505
05kmAP,2007,2007_04_29,29,4775624257
05kmAP,2007,2007_04_30,29,4757053228
05kmAP,2007,2007_05_01,29,4775624254
05kmAP,2007,2007_05_02,29,4757053237
05kmAP,2007,2007_05_03,29,4775624309
05kmAP,2007,2007_05_04,29,4757053254
05kmAP,2007,2007_05_05,29,4775624248
05kmAP,2007,2007_05_06,30,4929255749
05kmAP,2007,2007_05_07,29,4757053233
05kmAP,2007,2007_05_08,29,4725240409
05kmAP,2007,2007_05_09,29,4757053206
05kmAP,2007,2007_05_10,29,4775624257
05kmAP,2007,2007_05_11,29,4756987718
05kmAP,2007,2007_05_12,29,4775624273
05kmAP,2007,2007_05_13,29,4757118799
05kmAP,2007,2007_05_14,29,4775624258
05kmAP,2007,2007_05_15,18,2958457841
05kmAP,2007,2007_05_16,29,4756922175
05kmAP,2007,2007_05_17,29,4775362122
05kmAP,2007,2007_05_18,29,4756922195
05kmAP,2007,2007_05_19,29,4728163513
05kmAP,2007,2007_05_20,29,4756791113
05kmAP,2007,2007_05_21,29,4775296574
05kmAP,2007,2007_05_22,30,4928495291
05kmAP,2007,2007_05_23,29,4685961324
05kmAP,2007,2007_05_24,29,4775362134
05kmAP,2007,2007_05_25,29,4754956070
05kmAP,2007,2007_05_26,29,4775099979
05kmAP,2007,2007_05_27,29,4754785443
05kmAP,2007,2007_05_28,29,4774837883
05kmAP,2007,2007_05_29,29,4753081534
05kmAP,2007,2007_05_30,30,4929845543
05kmAP,2007,2007_05_31,29,4773199453
05kmAP,2007,2007_06_01,29,4756201292
05kmAP,2007,2007_06_02,29,4773199473
05kmAP,2007,2007_06_03,29,4756201300
05kmAP,2007,2007_06_04,29,4773199440
05kmAP,2007,2007_06_05,29,4756201280
05kmAP,2007,2007_06_06,29,4773199481
05kmAP,2007,2007_06_07,30,4928272741
05kmAP,2007,2007_06_08,29,4756201305
05kmAP,2007,2007_06_09,29,4625232858
05kmAP,2007,2007_06_10,29,4756201344
05kmAP,2007,2007_06_11,29,4773199513
05kmAP,2007,2007_06_12,29,4756201333
05kmAP,2007,2007_06_13,29,4774706833
05kmAP,2007,2007_06_14,29,4754694010
05kmAP,2007,2007_06_15,30,4929780059
05kmAP,2007,2007_06_16,29,4773199528
05kmAP,2007,2007_06_17,29,4756201326
05kmAP,2007,2007_06_18,29,4774706805
05kmAP,2007,2007_06_19,29,4756201339
05kmAP,2007,2007_06_20,29,4773199419
05kmAP,2007,2007_06_21,29,4756201347
05kmAP,2007,2007_06_22,29,4774706800
05kmAP,2007,2007_06_23,30,4928272744
05kmAP,2007,2007_06_24,29,4756201333
05kmAP,2007,2007_06_25,29,4771692190
05kmAP,2007,2007_06_26,29,4756201356
05kmAP,2007,2007_06_27,27,4380720331
05kmAP,2007,2007_06_28,29,4754694005
05kmAP,2007,2007_06_29,29,4773199482
05kmAP,2007,2007_06_30,29,4756201299
05kmAP,2007,2007_07_01,30,4928272719
05kmAP,2007,2007_07_02,29,4773199468
05kmAP,2007,2007_07_03,29,4756201283
05kmAP,2007,2007_07_04,29,4773199473
05kmAP,2007,2007_07_05,29,4756201288
05kmAP,2007,2007_07_06,29,4773199464
05kmAP,2007,2007_07_07,29,4754693954
05kmAP,2007,2007_07_08,29,4774706773
05kmAP,2007,2007_07_09,30,4854323227
05kmAP,2007,2007_07_10,29,4754693924
05kmAP,2007,2007_07_11,27,4441527970
05kmAP,2007,2007_07_12,2,328652002
05kmAP,2007,2007_07_13,8,1314608008
05kmAP,2007,2007_07_14,29,4756201275
05kmAP,2007,2007_07_15,29,4774706778
05kmAP,2007,2007_07_16,29,4754693959
05kmAP,2007,2007_07_17,30,4929780025
05kmAP,2007,2007_07_18,29,4773199420
05kmAP,2007,2007_07_19,29,4754691543
05kmAP,2007,2007_07_20,29,4771692109
05kmAP,2007,2007_07_21,29,4756201270
05kmAP,2007,2007_07_22,29,4773199462
05kmAP,2007,2007_07_23,29,4754693939
05kmAP,2007,2007_07_24,29,4773197048
05kmAP,2007,2007_07_25,30,4929780006
05kmAP,2007,2007_07_26,29,4754693929
05kmAP,2007,2007_07_27,27,4444545039
05kmAP,2007,2007_07_28,11,1798333274
05kmAP,2007,2007_07_29,29,4774706770
05kmAP,2007,2007_07_30,29,4756201298
05kmAP,2007,2007_07_31,29,4774706764
05kmAP,2007,2007_08_01,29,4756201274
05kmAP,2007,2007_08_02,30,4929780030
05kmAP,2007,2007_08_03,29,4774706771
05kmAP,2007,2007_08_04,29,4756201238
05kmAP,2007,2007_08_05,29,4774706766
05kmAP,2007,2007_08_06,29,4756201270
05kmAP,2007,2007_08_07,29,4771453539
05kmAP,2007,2007_08_08,29,4756201286
05kmAP,2007,2007_08_09,29,4774706748
05kmAP,2007,2007_08_10,30,4929780011
05kmAP,2007,2007_08_11,29,4756266803
05kmAP,2007,2007_08_12,29,4774903388
05kmAP,2007,2007_08_13,29,4756528967
05kmAP,2007,2007_08_14,29,4775100011
05kmAP,2007,2007_08_15,29,4756594494
05kmAP,2007,2007_08_16,29,4775231040
05kmAP,2007,2007_08_17,30,4928928054
05kmAP,2007,2007_08_18,29,4757053224
05kmAP,2007,2007_08_19,29,4775624265
05kmAP,2007,2007_08_20,29,4757053265
05kmAP,2007,2007_08_21,28,4602045524
05kmAP,2007,2007_08_22,29,4755611414
05kmAP,2007,2007_08_23,29,4775624289
05kmAP,2007,2007_08_24,29,4757053247
05kmAP,2007,2007_08_25,29,4775624290
05kmAP,2007,2007_08_26,30,4930697531
05kmAP,2007,2007_08_27,29,4757053221
05kmAP,2007,2007_08_28,29,4773880783
05kmAP,2007,2007_08_29,29,4757118786
05kmAP,2007,2007_08_30,29,4775624266
05kmAP,2007,2007_08_31,29,4757118768
05kmAP,2007,2007_09_01,29,4775624270
05kmAP,2007,2007_09_02,30,4930631987
05kmAP,2007,2007_09_03,29,4757053232
05kmAP,2007,2007_09_04,29,4774051458
05kmAP,2007,2007_09_05,29,4757118769
05kmAP,2007,2007_09_06,28,4543521395
05kmAP,2007,2007_09_07,29,4754038635
05kmAP,2007,2007_09_08,29,4769595013
05kmAP,2007,2007_09_09,29,4747943819
05kmAP,2007,2007_09_10,29,4765073058
05kmAP,2007,2007_09_11,30,4912609638
05kmAP,2007,2007_09_12,29,4734443354
05kmAP,2007,2007_09_13,28,4580641247
05kmAP,2007,2007_09_14,29,4734443345
05kmAP,2007,2007_09_15,29,4750730584
05kmAP,2007,2007_09_16,29,4734443310
05kmAP,2007,2007_09_17,29,4754521676
05kmAP,2007,2007_09_18,30,4908087601
05kmAP,2007,2007_09_19,29,4734272709
05kmAP,2007,2007_09_20,29,4754521708
05kmAP,2007,2007_09_21,29,4734443303
05kmAP,2007,2007_09_22,29,4754521683
05kmAP,2007,2007_09_23,29,4734443347
05kmAP,2007,2007_09_24,29,4558820720
05kmAP,2007,2007_09_25,29,4734443299
05kmAP,2007,2007_09_26,30,4907916978
05kmAP,2007,2007_09_27,29,4754521689
05kmAP,2007,2007_09_28,29,4734443303
05kmAP,2007,2007_09_29,29,4762976980
05kmAP,2007,2007_09_30,29,4744576581
05kmAP,2007,2007_10_01,29,4767945306
05kmAP,2007,2007_10_02,29,4736186784
05kmAP,2007,2007_10_03,29,4762911452
05kmAP,2007,2007_10_04,30,4929901012
05kmAP,2007,2007_10_05,29,4756086037
05kmAP,2007,2007_10_06,29,4778078527
05kmAP,2007,2007_10_07,29,4756322251
05kmAP,2007,2007_10_08,29,4645128009
05kmAP,2007,2007_10_09,29,4758000205
05kmAP,2007,2007_10_10,29,4777842381
05kmAP,2007,2007_10_11,30,4931408313
05kmAP,2007,2007_10_12,29,4756322220
05kmAP,2007,2007_10_13,29,4778078554
05kmAP,2007,2007_10_14,29,4758000135
05kmAP,2007,2007_10_15,29,4778078561
05kmAP,2007,2007_10_16,2,328888158
05kmAP,2007,2007_10_17,10,1622448324
05kmAP,2007,2007_10_18,29,4756322227
05kmAP,2007,2007_10_19,29,4776335035
05kmAP,2007,2007_10_20,30,4929494196
05kmAP,2007,2007_10_21,29,4758000130
05kmAP,2007,2007_10_22,29,4778078542
05kmAP,2007,2007_10_23,29,4756322238
05kmAP,2007,2007_10_24,29,4778078572
05kmAP,2007,2007_10_25,29,4756322233
05kmAP,2007,2007_10_26,29,4742343604
05kmAP,2007,2007_10_27,30,4930936018
05kmAP,2007,2007_10_28,29,4755849927
05kmAP,2007,2007_10_29,29,4779048040
05kmAP,2007,2007_10_30,27,4392563453
05kmAP,2007,2007_10_31,29,4777606253
05kmAP,2007,2007_11_01,29,4754669104
05kmAP,2007,2007_11_02,29,4726747597
05kmAP,2007,2007_11_03,29,4754432955
05kmAP,2007,2007_11_04,27,4450159853
05kmAP,2007,2007_11_05,4,657776314
05kmAP,2007,2007_11_06,29,4754196793
05kmAP,2007,2007_11_07,29,4674856135
05kmAP,2007,2007_11_08,29,4753724448
05kmAP,2007,2007_11_09,29,4777370102
05kmAP,2007,2007_11_10,29,4755638566
05kmAP,2007,2007_11_11,29,4775928290
05kmAP,2007,2007_11_12,30,4929519023
05kmAP,2007,2007_11_13,29,4755849911
05kmAP,2007,2007_11_14,29,4777867197
05kmAP,2007,2007_11_15,29,4754408071
05kmAP,2007,2007_11_16,29,4778339541
05kmAP,2007,2007_11_17,29,4756086080
05kmAP,2007,2007_11_18,29,4777370052
05kmAP,2007,2007_11_19,29,4755613786
05kmAP,2007,2007_11_20,30,4933322403
05kmAP,2007,2007_11_21,29,4778078560
05kmAP,2007,2007_11_22,29,4754171953
05kmAP,2007,2007_11_23,29,4778078545
05kmAP,2007,2007_11_24,29,4758000183
05kmAP,2007,2007_11_25,29,4778078517
05kmAP,2007,2007_11_26,29,4756322207
05kmAP,2007,2007_11_27,29,4778078556
05kmAP,2007,2007_11_28,29,4754644276
05kmAP,2007,2007_11_29,29,4758000192
05kmAP,2007,2007_11_30,29,4778078529
05kmAP,2007,2007_12_01,29,4756322202
05kmAP,2007,2007_12_02,29,4778078527
05kmAP,2007,2007_12_03,29,4758000206
05kmAP,2007,2007_12_04,29,4727392724
05kmAP,2007,2007_12_05,29,4756322240
05kmAP,2007,2007_12_06,30,4882636579
05kmAP,2007,2007_12_07,29,4779520375
05kmAP,2007,2007_12_08,29,4756322181
05kmAP,2007,2007_12_09,29,4778078569
05kmAP,2007,2007_12_10,29,4758000156
05kmAP,2007,2007_12_11,29,4778078567
05kmAP,2007,2007_12_12,19,2055916593
05kmAP,2007,2007_12_13,29,4778078566
05kmAP,2007,2007_12_14,30,4931644471
05kmAP,2007,2007_12_15,28,4602756321
05kmAP,2007,2007_12_16,6,986664493
05kmAP,2007,2007_12_17,17,2771256356
05kmAP,2007,2007_12_18,29,4773044667
05kmAP,2007,2007_12_19,25,4086734670
05kmAP,2007,2007_12_20,29,4768010829
05kmAP,2007,2007_12_21,29,4739477187
05kmAP,2007,2007_12_22,30,4918220860
05kmAP,2007,2007_12_23,29,4756208410
05kmAP,2007,2007_12_24,29,4734443301
05kmAP,2007,2007_12_25,29,4754521714
05kmAP,2007,2007_12_26,29,4736186793
05kmAP,2007,2007_12_27,29,4754587233
05kmAP,2007,2007_12_28,29,4734508840
05kmAP,2007,2007_12_29,29,4754587229
05kmAP,2007,2007_12_30,30,4908087608
05kmAP,2007,2007_12_31,29,4734443296
05kmAP,2008,2008_01_01,29,4754521690
05kmAP,2008,2008_01_02,29,4734443295
05kmAP,2008,2008_01_03,29,4754521712
05kmAP,2008,2008_01_04,29,4734443347
05kmAP,2008,2008_01_05,29,4747713557
05kmAP,2008,2008_01_06,29,4734508841
05kmAP,2008,2008_01_07,30,4908087601
05kmAP,2008,2008_01_08,29,4752539647
05kmAP,2008,2008_01_09,29,4685500922
05kmAP,2008,2008_01_10,29,4754521682
05kmAP,2008,2008_01_11,29,4734443335
05kmAP,2008,2008_01_12,29,4754521692
05kmAP,2008,2008_01_13,29,4734443314
05kmAP,2008,2008_01_14,29,4754521675
05kmAP,2008,2008_01_15,30,4862632470
05kmAP,2008,2008_01_16,24,3926220795
05kmAP,2008,2008_01_17,4,654420427
05kmAP,2008,2008_01_18,29,4653489077
05kmAP,2008,2008_01_19,29,4754521660
05kmAP,2008,2008_01_20,25,3891125511
05kmAP,2008,2008_01_21,29,4752106858
05kmAP,2008,2008_01_22,29,4739030821
05kmAP,2008,2008_01_23,30,4915689776
05kmAP,2008,2008_01_24,29,4760380379
05kmAP,2008,2008_01_25,29,4743487252
05kmAP,2008,2008_01_26,29,4763565696
05kmAP,2008,2008_01_27,29,4746567483
05kmAP,2008,2008_01_28,29,4763565651
05kmAP,2008,2008_01_29,29,4723903670
05kmAP,2008,2008_01_30,29,4766276181
05kmAP,2008,2008_01_31,30,4924602652
05kmAP,2008,2008_02_01,29,4747838637
05kmAP,2008,2008_02_02,29,4769293285
05kmAP,2008,2008_02_03,29,4723901268
05kmAP,2008,2008_02_04,14,2297942586
05kmAP,2008,2008_02_05,9,1469943389
05kmAP,2008,2008_02_06,29,4775624266
05kmAP,2008,2008_02_07,28,4600102982
05kmAP,2008,2008_02_08,29,4774116948
05kmAP,2008,2008_02_09,30,4930697524
05kmAP,2008,2008_02_10,29,4755480387
05kmAP,2008,2008_02_11,29,4775689823
05kmAP,2008,2008_02_12,29,4757118779
05kmAP,2008,2008_02_13,28,4620551038
05kmAP,2008,2008_02_14,29,4757053262
05kmAP,2008,2008_02_15,29,4775689861
05kmAP,2008,2008_02_16,30,4930697532
05kmAP,2008,2008_02_17,29,4757053265
05kmAP,2008,2008_02_18,29,4774182514
05kmAP,2008,2008_02_19,29,4620718449
05kmAP,2008,2008_02_20,29,4775624282
05kmAP,2008,2008_02_21,29,4757053239
05kmAP,2008,2008_02_22,29,4573957095
05kmAP,2008,2008_02_23,29,4757053235
05kmAP,2008,2008_02_24,25,4087986327
05kmAP,2008,2008_02_25,26,4273327989
05kmAP,2008,2008_02_26,29,4755611435
05kmAP,2008,2008_02_27,29,4775624251
05kmAP,2008,2008_02_28,29,4757053220
05kmAP,2008,2008_02_29,29,4774116969
05kmAP,2008,2008_03_01,29,4757118770
05kmAP,2008,2008_03_02,29,4750549193
05kmAP,2008,2008_03_03,14,2243937994
05kmAP,2008,2008_03_11,14,2284263149
05kmAP,2008,2008_03_12,30,4930697551
05kmAP,2008,2008_03_13,29,4711794736
05kmAP,2008,2008_03_14,29,4775689820
05kmAP,2008,2008_03_15,29,4757053276
05kmAP,2008,2008_03_16,29,4775624342
05kmAP,2008,2008_03_17,28,4601980076
05kmAP,2008,2008_03_18,18,2835566252
05kmAP,2008,2008_03_19,29,4757053309
05kmAP,2008,2008_03_20,30,4929187816
05kmAP,2008,2008_03_21,29,4695037334
05kmAP,2008,2008_03_22,29,4757053287
05kmAP,2008,2008_03_23,29,4774182536
05kmAP,2008,2008_03_24,29,4757053304
05kmAP,2008,2008_03_25,29,4775689909
05kmAP,2008,2008_03_26,29,4757053283
05kmAP,2008,2008_03_27,29,4775558788
05kmAP,2008,2008_03_28,30,4732045093
05kmAP,2008,2008_03_29,29,4757053260
05kmAP,2008,2008_03_30,29,4775624303
05kmAP,2008,2008_03_31,29,4757053348
05kmAP,2008,2008_04_01,29,4775624329
05kmAP,2008,2008_04_02,29,4757053353
05kmAP,2008,2008_04_03,29,4775624373
05kmAP,2008,2008_04_04,29,4757053387
05kmAP,2008,2008_04_05,29,4775624374
05kmAP,2008,2008_04_06,30,4930763142
05kmAP,2008,2008_04_07,29,4757053291
05kmAP,2008,2008_04_08,29,4774051473
05kmAP,2008,2008_04_09,29,4755611509
05kmAP,2008,2008_04_10,29,4775624319
05kmAP,2008,2008_04_11,29,4757053322
05kmAP,2008,2008_04_12,29,4775624338
05kmAP,2008,2008_04_13,30,4929124728
05kmAP,2008,2008_04_14,29,4757053277
05kmAP,2008,2008_04_15,29,4775624345
05kmAP,2008,2008_04_16,29,4757053281
05kmAP,2008,2008_04_17,29,4775624314
05kmAP,2008,2008_04_18,29,4755545943
05kmAP,2008,2008_04_19,29,4775624336
05kmAP,2008,2008_04_20,29,4757118847
05kmAP,2008,2008_04_21,29,4775624323
05kmAP,2008,2008_04_22,30,4930697589
05kmAP,2008,2008_04_23,29,4755480423
05kmAP,2008,2008_04_24,29,4775624302
05kmAP,2008,2008_04_25,29,4757118800
05kmAP,2008,2008_04_26,29,4775624342
05kmAP,2008,2008_04_27,29,4757053294
05kmAP,2008,2008_04_28,29,4775624321
05kmAP,2008,2008_04_29,28,4601914475
05kmAP,2008,2008_04_30,30,4912564155
05kmAP,2008,2008_05_01,29,4774051486
05kmAP,2008,2008_05_02,29,4757053281
05kmAP,2008,2008_05_03,29,4774182494
05kmAP,2008,2008_05_04,29,4755480443
05kmAP,2008,2008_05_05,29,4775624289
05kmAP,2008,2008_05_06,29,4757118807
05kmAP,2008,2008_05_07,29,4775624282
05kmAP,2008,2008_05_08,30,4929255782
05kmAP,2008,2008_05_09,29,4757053271
05kmAP,2008,2008_05_10,29,4774117026
05kmAP,2008,2008_05_11,29,4757053314
05kmAP,2008,2008_05_12,29,4774182548
05kmAP,2008,2008_05_13,29,4757053287
05kmAP,2008,2008_05_14,29,4775624338
05kmAP,2008,2008_05_15,29,4755478015
05kmAP,2008,2008_05_16,30,4929059202
05kmAP,2008,2008_05_17,29,4775493258
05kmAP,2008,2008_05_18,29,4756791161
05kmAP,2008,2008_05_19,29,4601835678
05kmAP,2008,2008_05_20,29,4551437992
05kmAP,2008,2008_05_21,29,4772216449
05kmAP,2008,2008_05_22,29,4756660077
05kmAP,2008,2008_05_23,29,4773592722
05kmAP,2008,2008_05_24,30,4928665959
05kmAP,2008,2008_05_25,29,4756529012
05kmAP,2008,2008_05_26,29,4774772354
05kmAP,2008,2008_05_27,29,4756594532
05kmAP,2008,2008_05_28,29,4770079772
05kmAP,2008,2008_05_29,29,4756201351
05kmAP,2008,2008_05_30,29,4774772365
05kmAP,2008,2008_05_31,29,4754759563
05kmAP,2008,2008_06_01,30,4928272759
05kmAP,2008,2008_06_02,29,4774706849
05kmAP,2008,2008_06_03,20,3286520082
05kmAP,2008,2008_06_10,5,812377289
05kmAP,2008,2008_06_11,29,4759889825
05kmAP,2008,2008_06_12,29,4756201366
05kmAP,2008,2008_06_13,29,4771692226
05kmAP,2008,2008_06_14,29,4554894476
05kmAP,2008,2008_06_15,29,4772963401
05kmAP,2008,2008_06_16,29,4756201378
05kmAP,2008,2008_06_17,29,4773199550
05kmAP,2008,2008_06_18,30,4928272817
05kmAP,2008,2008_06_19,29,4756201399
05kmAP,2008,2008_06_20,29,4771217509
05kmAP,2008,2008_06_21,29,4756201393
05kmAP,2008,2008_06_22,29,4774706887
05kmAP,2008,2008_06_23,29,4756201375
05kmAP,2008,2008_06_24,29,4773197165
05kmAP,2008,2008_06_25,30,4928272837
05kmAP,2008,2008_06_26,29,4756201397
05kmAP,2008,2008_06_27,29,4708461022
05kmAP,2008,2008_06_28,29,4756201339
05kmAP,2008,2008_06_29,29,4773199538
05kmAP,2008,2008_06_30,29,4749631786
05kmAP,2008,2008_07_01,29,4774706836
05kmAP,2008,2008_07_02,29,4756201358
05kmAP,2008,2008_07_03,29,4772960983
05kmAP,2008,2008_07_04,30,4929780114
05kmAP,2008,2008_07_05,29,4756201390
05kmAP,2008,2008_07_06,29,4774706844
05kmAP,2008,2008_07_07,29,4756201371
05kmAP,2008,2008_07_08,29,4771692177
05kmAP,2008,2008_07_09,29,4756201298
05kmAP,2008,2008_07_10,29,4774706811
05kmAP,2008,2008_07_11,30,4929780065
05kmAP,2008,2008_07_12,29,4756201324
05kmAP,2008,2008_07_13,29,4773199532
05kmAP,2008,2008_07_14,29,4756201312
05kmAP,2008,2008_07_15,29,4774706849
05kmAP,2008,2008_07_16,29,4756201339
05kmAP,2008,2008_07_17,29,4774706821
05kmAP,2008,2008_07_18,28,4597874820
05kmAP,2008,2008_07_22,12,1970404702
05kmAP,2008,2008_07_23,29,4756201348
05kmAP,2008,2008_07_24,29,4774706845
05kmAP,2008,2008_07_25,29,4756201324
05kmAP,2008,2008_07_26,29,4774706808
05kmAP,2008,2008_07_27,30,4928272760
05kmAP,2008,2008_07_28,29,4756201335
05kmAP,2008,2008_07_29,29,4774706842
05kmAP,2008,2008_07_30,29,4744635072
05kmAP,2008,2008_07_31,29,4774706858
05kmAP,2008,2008_08_01,29,4756201298
05kmAP,2008,2008_08_02,29,4774706806
05kmAP,2008,2008_08_03,29,4756201340
05kmAP,2008,2008_08_04,30,4929845575
05kmAP,2008,2008_08_05,29,4774837908
05kmAP,2008,2008_08_06,29,4756266881
05kmAP,2008,2008_08_07,29,4772148507
05kmAP,2008,2008_08_08,29,4756201311
05kmAP,2008,2008_08_09,29,4775362222
05kmAP,2008,2008_08_10,29,4756528988
05kmAP,2008,2008_08_11,29,4773094436
05kmAP,2008,2008_08_12,30,4925742831
05kmAP,2008,2008_08_13,29,4756791146
05kmAP,2008,2008_08_14,29,4739860894
05kmAP,2008,2008_08_15,29,4756856652
05kmAP,2008,2008_08_16,29,4774117024
05kmAP,2008,2008_08_17,29,4757053328
05kmAP,2008,2008_08_18,29,4775624326
05kmAP,2008,2008_08_19,29,4756987735
05kmAP,2008,2008_08_20,30,4930763101
05kmAP,2008,2008_08_21,29,4775624334
05kmAP,2008,2008_08_22,29,4757053293
05kmAP,2008,2008_08_23,29,4775624313
05kmAP,2008,2008_08_24,29,4757053303
05kmAP,2008,2008_08_25,29,4775624347
05kmAP,2008,2008_08_26,4,657369557
05kmAP,2008,2008_08_27,10,1637018129
05kmAP,2008,2008_08_28,30,4930697572
05kmAP,2008,2008_08_29,29,4757053318
05kmAP,2008,2008_08_30,29,4775558809
05kmAP,2008,2008_08_31,29,4757053305
05kmAP,2008,2008_09_01,29,4775624329
05kmAP,2008,2008_09_02,29,4755611475
05kmAP,2008,2008_09_03,29,4771102330
05kmAP,2008,2008_09_04,30,4924602775
05kmAP,2008,2008_09_05,29,4746567534
05kmAP,2008,2008_09_06,29,4758873153
05kmAP,2008,2008_09_07,29,4737458084
05kmAP,2008,2008_09_08,17,2794275167
05kmAP,2008,2008_09_10,14,2263351278
05kmAP,2008,2008_09_11,29,4734272798
05kmAP,2008,2008_09_12,29,4754351159
05kmAP,2008,2008_09_13,30,4907680901
05kmAP,2008,2008_09_14,29,4734508908
05kmAP,2008,2008_09_15,29,4754285550
05kmAP,2008,2008_09_16,29,4734443374
05kmAP,2008,2008_09_17,29,4754587276
05kmAP,2008,2008_09_18,29,4734443398
05kmAP,2008,2008_09_19,29,4754521723
05kmAP,2008,2008_09_20,30,4908087652
05kmAP,2008,2008_09_21,29,4734443347
05kmAP,2008,2008_09_22,29,4754521744
05kmAP,2008,2008_09_23,29,4734508923
05kmAP,2008,2008_09_24,21,3447358859
05kmAP,2008,2008_09_26,4,521102644
05kmAP,2008,2008_09_27,29,4749374324
05kmAP,2008,2008_09_28,27,4445769011
05kmAP,2008,2008_10_01,10,1629017939
05kmAP,2008,2008_10_02,29,4756322303
05kmAP,2008,2008_10_03,29,4778078602
05kmAP,2008,2008_10_04,29,4756322297
05kmAP,2008,2008_10_05,29,4779756565
05kmAP,2008,2008_10_06,30,4739390971
05kmAP,2008,2008_10_07,29,4755849949
05kmAP,2008,2008_10_08,29,4778078602
05kmAP,2008,2008_10_09,29,4756322297
05kmAP,2008,2008_10_10,29,4778078571
05kmAP,2008,2008_10_11,29,4756322298
05kmAP,2008,2008_10_12,29,4777842412
05kmAP,2008,2008_10_13,29,4754513249
05kmAP,2008,2008_10_14,30,4931644525
05kmAP,2008,2008_10_15,19,3012017339
05kmAP,2008,2008_10_16,29,4718906904
05kmAP,2008,2008_10_17,29,4726041591
05kmAP,2008,2008_10_18,29,4732912824
05kmAP,2008,2008_10_19,29,4725503469
05kmAP,2008,2008_10_20,29,4754196865
05kmAP,2008,2008_10_21,29,4773802899
05kmAP,2008,2008_10_22,30,4930960886
05kmAP,2008,2008_10_23,29,4753252194
05kmAP,2008,2008_10_24,29,4775480899
05kmAP,2008,2008_10_25,29,4753016043
05kmAP,2008,2008_10_26,29,4773566768
05kmAP,2008,2008_10_27,29,4699247888
05kmAP,2008,2008_10_28,29,4744466829
05kmAP,2008,2008_10_29,29,4749461144
05kmAP,2008,2008_10_30,30,4872656003
05kmAP,2008,2008_10_31,29,4772963317
05kmAP,2008,2008_11_01,29,4752779899
05kmAP,2008,2008_11_02,29,4774772360
05kmAP,2008,2008_11_03,29,4747783153
05kmAP,2008,2008_11_04,29,4774772375
05kmAP,2008,2008_11_05,29,4752779861
05kmAP,2008,2008_11_06,29,4744398905
05kmAP,2008,2008_11_07,30,4928102142
05kmAP,2008,2008_11_08,29,4752779864
05kmAP,2008,2008_11_09,29,4768134861
05kmAP,2008,2008_11_10,29,4752779887
05kmAP,2008,2008_11_11,29,4776450306
05kmAP,2008,2008_11_12,26,4090821976
05kmAP,2008,2008_11_13,29,4774772342
05kmAP,2008,2008_11_14,30,4924848922
05kmAP,2008,2008_11_15,29,4752884949
05kmAP,2008,2008_11_16,29,4774772379
05kmAP,2008,2008_11_17,29,4752779869
05kmAP,2008,2008_11_18,29,4775008517
05kmAP,2008,2008_11_19,29,4752779890
05kmAP,2008,2008_11_20,27,4440023102
05kmAP,2008,2008_11_21,29,4753960649
05kmAP,2008,2008_11_22,29,4774772336
05kmAP,2008,2008_11_23,30,4747917935
05kmAP,2008,2008_11_24,29,4753488326
05kmAP,2008,2008_11_25,29,4775953153
05kmAP,2008,2008_11_26,29,4755638624
05kmAP,2008,2008_11_27,29,4778339592
05kmAP,2008,2008_11_28,29,4754669183
05kmAP,2008,2008_11_29,29,4777133954
05kmAP,2008,2008_11_30,30,4930804962
05kmAP,2008,2008_12_01,29,4756086106
05kmAP,2008,2008_12_02,29,4778078589
05kmAP,2008,2008_12_03,29,4756322295
05kmAP,2008,2008_12_04,29,4778078622
05kmAP,2008,2008_12_05,29,4756322274
05kmAP,2008,2008_12_06,29,4778078585
05kmAP,2008,2008_12_07,29,4756322282
05kmAP,2008,2008_12_08,29,4777842463
05kmAP,2008,2008_12_09,30,4931644550
05kmAP,2008,2008_12_10,29,4758000229
05kmAP,2008,2008_12_11,29,4779756547
05kmAP,2008,2008_12_12,29,4753069071
05kmAP,2008,2008_12_13,29,4777842415
05kmAP,2008,2008_12_14,29,4756322276
05kmAP,2008,2008_12_15,29,4778078596
05kmAP,2008,2008_12_16,30,4931644494
05kmAP,2008,2008_12_17,29,4756322305
05kmAP,2008,2008_12_18,29,4777842465
05kmAP,2008,2008_12_19,29,4756322267
05kmAP,2008,2008_12_20,29,4778078585
05kmAP,2008,2008_12_21,29,4756322278
05kmAP,2008,2008_12_22,29,4779756559
05kmAP,2008,2008_12_23,29,4757764067
05kmAP,2008,2008_12_24,29,4774722701
05kmAP,2008,2008_12_25,30,4924932735
05kmAP,2008,2008_12_26,29,4749610447
05kmAP,2008,2008_12_27,29,4759592728
05kmAP,2008,2008_12_28,29,4747932548
05kmAP,2008,2008_12_29,29,4774722719
05kmAP,2008,2008_12_30,29,4747696337
05kmAP,2008,2008_12_31,29,4764219830
05kmAP,2009,2009_01_01,30,4918155368
05kmAP,2009,2009_01_02,29,4739477228
05kmAP,2009,2009_01_03,29,4755963525
05kmAP,2009,2009_01_04,29,4734443355
05kmAP,2009,2009_01_05,29,4754521737
05kmAP,2009,2009_01_06,26,4253667225
05kmAP,2009,2009_01_07,20,3150481746
05kmAP,2009,2009_01_08,29,4734443359
05kmAP,2009,2009_01_09,29,4754521731
05kmAP,2009,2009_01_10,30,4908087634
05kmAP,2009,2009_01_11,29,4734207215
05kmAP,2009,2009_01_12,29,4754521737
05kmAP,2009,2009_01_13,29,4734443358
05kmAP,2009,2009_01_14,29,4751100289
05kmAP,2009,2009_01_15,29,4734508904
05kmAP,2009,2009_01_16,29,4752542089
05kmAP,2009,2009_01_17,30,4908087672
05kmAP,2009,2009_01_18,29,4734443382
05kmAP,2009,2009_01_19,29,4754351143
05kmAP,2009,2009_01_20,29,4734443370
05kmAP,2009,2009_01_21,29,4754521737
05kmAP,2009,2009_01_22,29,4734272742
05kmAP,2009,2009_01_23,29,4754521756
05kmAP,2009,2009_01_24,29,4734508909
05kmAP,2009,2009_01_25,29,4754521736
05kmAP,2009,2009_01_26,30,4906512409
05kmAP,2009,2009_01_27,29,4734508906
05kmAP,2009,2009_01_28,29,4754587291
05kmAP,2009,2009_01_29,29,4734443375
05kmAP,2009,2009_01_30,29,4754285600
05kmAP,2009,2009_01_31,29,4734443374
05kmAP,2009,2009_02_01,29,4754521736
05kmAP,2009,2009_02_02,29,4734443354
05kmAP,2009,2009_02_03,30,4908087648
05kmAP,2009,2009_02_04,29,4756029063
05kmAP,2009,2009_02_05,29,4737457987
05kmAP,2009,2009_02_06,29,4558713229
05kmAP,2009,2009_02_07,29,4735950731
05kmAP,2009,2009_02_08,29,4757300253
05kmAP,2009,2009_02_09,27,4411689632
05kmAP,2009,2009_02_10,29,4759109272
05kmAP,2009,2009_02_11,30,4914116983
05kmAP,2009,2009_02_12,29,4737523576
05kmAP,2009,2009_02_13,29,4760616621
05kmAP,2009,2009_02_14,29,4737458058
05kmAP,2009,2009_02_15,29,4760551100
05kmAP,2009,2009_02_16,8,1311789981
05kmAP,2009,2009_03_12,17,2595386430
05kmAP,2009,2009_03_13,16,2622138183
05kmAP,2009,2009_03_15,7,1138211216
05kmAP,2009,2009_03_16,29,4748009324
05kmAP,2009,2009_03_17,29,4420199762
05kmAP,2009,2009_03_18,29,4746501985
05kmAP,2009,2009_03_19,29,4765007485
05kmAP,2009,2009_03_20,29,4744758497
05kmAP,2009,2009_03_21,28,4228393911
05kmAP,2009,2009_03_22,29,4665482231
05kmAP,2009,2009_03_23,29,4768087662
05kmAP,2009,2009_03_24,30,4923226483
05kmAP,2009,2009_03_25,29,4749451083
05kmAP,2009,2009_03_26,29,4768153187
05kmAP,2009,2009_03_27,29,4750958443
05kmAP,2009,2009_03_28,29,4693532421
05kmAP,2009,2009_03_29,29,4625220675
05kmAP,2009,2009_03_30,29,4768153249
05kmAP,2009,2009_03_31,28,4595950752
05kmAP,2009,2009_04_01,19,3107436283
05kmAP,2009,2009_04_02,29,4766580426
05kmAP,2009,2009_04_03,29,4751024059
05kmAP,2009,2009_04_04,29,4763264113
05kmAP,2009,2009_04_05,29,4752531343
05kmAP,2009,2009_04_06,29,4769595043
05kmAP,2009,2009_04_07,29,4751024012
05kmAP,2009,2009_04_08,29,4769595026
05kmAP,2009,2009_04_09,30,4926175621
05kmAP,2009,2009_04_10,29,4752531323
05kmAP,2009,2009_04_11,29,4772373448
05kmAP,2009,2009_04_12,29,4754038646
05kmAP,2009,2009_04_13,29,4775624328
05kmAP,2009,2009_04_14,29,4755545964
05kmAP,2009,2009_04_15,21,3267334539
05kmAP,2009,2009_04_16,29,4757118857
05kmAP,2009,2009_04_17,29,4775689847
05kmAP,2009,2009_04_18,30,4930697614
05kmAP,2009,2009_04_19,24,3944544935
05kmAP,2009,2009_04_20,6,856625944
05kmAP,2009,2009_04_21,29,4757053318
05kmAP,2009,2009_04_22,29,4775624306
05kmAP,2009,2009_04_23,29,4757053288
05kmAP,2009,2009_04_24,29,4571912013
05kmAP,2009,2009_04_25,30,4929255811
05kmAP,2009,2009_04_26,29,4757053277
05kmAP,2009,2009_04_27,29,4774051466
05kmAP,2009,2009_04_28,29,4745119800
05kmAP,2009,2009_04_29,29,4679588698
05kmAP,2009,2009_04_30,29,4755309772
05kmAP,2009,2009_05_01,29,4774117019
05kmAP,2009,2009_05_02,29,4757118842
05kmAP,2009,2009_05_03,29,4775624303
05kmAP,2009,2009_05_04,28,4602045550
05kmAP,2009,2009_05_05,19,3113465590
05kmAP,2009,2009_05_06,29,4775624330
05kmAP,2009,2009_05_07,29,4757053298
05kmAP,2009,2009_05_08,29,4775558784
05kmAP,2009,2009_05_09,29,4757053296
05kmAP,2009,2009_05_10,29,4735362520
05kmAP,2009,2009_05_11,29,4754038623
05kmAP,2009,2009_05_12,30,4930697564
05kmAP,2009,2009_05_13,29,4774051455
05kmAP,2009,2009_05_14,29,4757053300
05kmAP,2009,2009_05_15,29,4775624358
05kmAP,2009,2009_05_16,29,4757053299
05kmAP,2009,2009_05_17,29,4775624337
05kmAP,2009,2009_05_18,29,4757053312
05kmAP,2009,2009_05_19,29,4775624315
05kmAP,2009,2009_05_20,30,4930697580
05kmAP,2009,2009_05_21,29,4757053294
05kmAP,2009,2009_05_22,29,4775689893
05kmAP,2009,2009_05_23,29,4757053320
05kmAP,2009,2009_05_24,29,4775624331
05kmAP,2009,2009_05_25,29,4755480428
05kmAP,2009,2009_05_26,29,4775624322
05kmAP,2009,2009_05_27,29,4757053310
05kmAP,2009,2009_05_28,30,4929190291
05kmAP,2009,2009_05_29,29,4773789320
05kmAP,2009,2009_05_30,29,4756791174
05kmAP,2009,2009_05_31,29,4775296698
05kmAP,2009,2009_06_01,29,4756660136
05kmAP,2009,2009_06_02,29,4775165621
05kmAP,2009,2009_06_03,29,4756660131
05kmAP,2009,2009_06_04,29,4774706890
05kmAP,2009,2009_06_05,30,4928666028
05kmAP,2009,2009_06_06,29,4756660138
05kmAP,2009,2009_06_07,29,4775165627
05kmAP,2009,2009_06_08,29,4554796361
05kmAP,2009,2009_06_09,29,4772017508
05kmAP,2009,2009_06_10,29,4756332444
05kmAP,2009,2009_06_11,29,4773199558
05kmAP,2009,2009_06_12,24,3942382292
05kmAP,2009,2009_06_14,28,4598113491
05kmAP,2009,2009_06_15,29,4756201392
05kmAP,2009,2009_06_16,29,4773199542
05kmAP,2009,2009_06_17,29,4754694104
05kmAP,2009,2009_06_18,29,4773199562
05kmAP,2009,2009_06_19,29,4756201414
05kmAP,2009,2009_06_20,29,4774706898
05kmAP,2009,2009_06_21,30,4928272794
05kmAP,2009,2009_06_22,29,4756201421
05kmAP,2009,2009_06_23,29,4773199553
05kmAP,2009,2009_06_24,29,4752885029
05kmAP,2009,2009_06_25,29,4774706911
05kmAP,2009,2009_06_26,29,4756201371
05kmAP,2009,2009_06_27,29,4774706885
05kmAP,2009,2009_06_28,29,4756201380
05kmAP,2009,2009_06_29,30,4929780134
05kmAP,2009,2009_06_30,29,4773199587
05kmAP,2009,2009_07_01,29,4756201411
05kmAP,2009,2009_07_02,29,4773199576
05kmAP,2009,2009_07_03,29,4753186703
05kmAP,2009,2009_07_04,29,4773199514
05kmAP,2009,2009_07_05,29,4756201348
05kmAP,2009,2009_07_06,29,4774706861
05kmAP,2009,2009_07_07,30,4929780111
05kmAP,2009,2009_07_08,29,4756201330
05kmAP,2009,2009_07_09,29,4773197128
05kmAP,2009,2009_07_10,29,4756201308
05kmAP,2009,2009_07_11,29,4773197120
05kmAP,2009,2009_07_12,29,4754693979
05kmAP,2009,2009_07_13,29,4773199464
05kmAP,2009,2009_07_14,29,4754693983
05kmAP,2009,2009_07_15,30,4929780048
05kmAP,2009,2009_07_16,29,4773199508
05kmAP,2009,2009_07_17,29,4756201312
05kmAP,2009,2009_07_18,29,4774706841
05kmAP,2009,2009_07_19,29,4754691611
05kmAP,2009,2009_07_20,29,4774706822
05kmAP,2009,2009_07_21,29,4756201337
05kmAP,2009,2009_07_22,29,4774706783
05kmAP,2009,2009_07_23,30,4928272756
05kmAP,2009,2009_07_24,29,4756201308
05kmAP,2009,2009_07_25,29,4774706850
05kmAP,2009,2009_07_26,29,4756201335
05kmAP,2009,2009_07_27,29,4774706818
05kmAP,2009,2009_07_28,29,4756201321
05kmAP,2009,2009_07_29,29,4774837863
05kmAP,2009,2009_07_30,30,4928272710
05kmAP,2009,2009_07_31,29,4756266844
05kmAP,2009,2009_08_01,29,4773094413
05kmAP,2009,2009_08_02,29,4756397941
05kmAP,2009,2009_08_03,12,1728104804
05kmAP,2009,2009_08_04,29,4756463489
05kmAP,2009,2009_08_05,29,4774968985
05kmAP,2009,2009_08_06,29,4756594561
05kmAP,2009,2009_08_07,29,4775165585
05kmAP,2009,2009_08_08,14,2300826141
05kmAP,2009,2009_08_09,11,1798595437
05kmAP,2009,2009_08_10,27,4446644669
05kmAP,2009,2009_08_11,17,2784813582
05kmAP,2009,2009_08_12,29,4775493246
05kmAP,2009,2009_08_13,29,4755545954
05kmAP,2009,2009_08_14,29,4775624320
05kmAP,2009,2009_08_15,30,4927748466
05kmAP,2009,2009_08_16,29,4757053251
05kmAP,2009,2009_08_17,29,4773880827
05kmAP,2009,2009_08_18,29,4757053307
05kmAP,2009,2009_08_19,29,4775689884
05kmAP,2009,2009_08_20,29,4757118839
05kmAP,2009,2009_08_21,29,4773880846
05kmAP,2009,2009_08_22,29,4755545979
05kmAP,2009,2009_08_23,30,4930697553
05kmAP,2009,2009_08_24,29,4775624347
05kmAP,2009,2009_08_25,29,4757053247
05kmAP,2009,2009_08_26,29,4768750664
05kmAP,2009,2009_08_27,29,4757053297
05kmAP,2009,2009_08_28,29,4760844403
05kmAP,2009,2009_08_29,29,4731915122
05kmAP,2009,2009_08_30,29,4774182512
05kmAP,2009,2009_08_31,29,4656825484
05kmAP,2009,2009_09_01,21,3435983182
05kmAP,2009,2009_09_02,29,4763500116
05kmAP,2009,2009_09_03,29,4736545760
05kmAP,2009,2009_09_04,29,4556602545
05kmAP,2009,2009_09_05,29,4738965386
05kmAP,2009,2009_09_06,29,4754456226
05kmAP,2009,2009_09_07,29,4734508966
05kmAP,2009,2009_09_08,30,4908087755
05kmAP,2009,2009_09_09,29,4754521831
05kmAP,2009,2009_09_10,29,4734443408
05kmAP,2009,2009_09_11,29,4754220045
05kmAP,2009,2009_09_12,29,4734443400
05kmAP,2009,2009_09_13,29,4754521749
05kmAP,2009,2009_09_14,29,4734443359
05kmAP,2009,2009_09_15,29,4754521725
05kmAP,2009,2009_09_16,30,4907917001
05kmAP,2009,2009_09_17,29,4734443398
05kmAP,2009,2009_09_18,29,4754521744
05kmAP,2009,2009_09_19,29,4734443378
05kmAP,2009,2009_09_20,29,4754521722
05kmAP,2009,2009_09_21,29,4734272771
05kmAP,2009,2009_09_22,29,4754521756
05kmAP,2009,2009_09_23,30,4812023423
05kmAP,2009,2009_09_24,29,4746189038
05kmAP,2009,2009_09_25,29,4766332920
05kmAP,2009,2009_09_26,29,4747932536
05kmAP,2009,2009_09_27,29,4771366823
05kmAP,2009,2009_09_28,29,4751157328
05kmAP,2009,2009_09_29,29,4777842433
05kmAP,2009,2009_09_30,29,4756086098
05kmAP,2009,2009_10_01,29,4778078614
05kmAP,2009,2009_10_02,30,4931644535
05kmAP,2009,2009_10_03,29,4758000227
05kmAP,2009,2009_10_04,29,4778013040
05kmAP,2009,2009_10_05,29,4756322255
05kmAP,2009,2009_10_06,29,4776335118
05kmAP,2009,2009_10_07,29,4756322272
05kmAP,2009,2009_10_08,29,4778078605
05kmAP,2009,2009_10_09,30,4931644531
05kmAP,2009,2009_10_10,29,4758000243
05kmAP,2009,2009_10_11,29,4778078591
05kmAP,2009,2009_10_12,29,4756322287
05kmAP,2009,2009_10_13,29,4775928323
05kmAP,2009,2009_10_14,29,4757055587
05kmAP,2009,2009_10_15,29,4776897806
05kmAP,2009,2009_10_16,29,4753227329
05kmAP,2009,2009_10_17,30,4929046758
05kmAP,2009,2009_10_18,29,4777394978
05kmAP,2009,2009_10_19,29,4755874782
05kmAP,2009,2009_10_20,29,4775244680
05kmAP,2009,2009_10_21,29,4753488353
05kmAP,2009,2009_10_22,29,4776450335
05kmAP,2009,2009_10_23,29,4754457845
05kmAP,2009,2009_10_24,29,4775008581
05kmAP,2009,2009_10_25,30,4928102123
05kmAP,2009,2009_10_26,29,4754457832
05kmAP,2009,2009_10_27,29,4776450331
05kmAP,2009,2009_10_28,29,4752779912
05kmAP,2009,2009_10_29,29,4774772396
05kmAP,2009,2009_10_30,29,4752779906
05kmAP,2009,2009_10_31,29,4774772387
05kmAP,2009,2009_11_01,29,4752779864
05kmAP,2009,2009_11_02,30,4929780072
05kmAP,2009,2009_11_03,29,4776450322
05kmAP,2009,2009_11_04,29,4752779905
05kmAP,2009,2009_11_05,29,4774772369
05kmAP,2009,2009_11_06,29,4606388502
05kmAP,2009,2009_11_07,29,4774772390
05kmAP,2009,2009_11_08,29,4752779900
05kmAP,2009,2009_11_09,29,4774772369
05kmAP,2009,2009_11_10,30,4928102121
05kmAP,2009,2009_11_11,24,3937083858
05kmAP,2009,2009_11_12,18,2831791199
05kmAP,2009,2009_11_13,29,4752779853
05kmAP,2009,2009_11_14,29,4773265029
05kmAP,2009,2009_11_15,29,4752779883
05kmAP,2009,2009_11_16,29,4769775677
05kmAP,2009,2009_11_17,30,4928102157
05kmAP,2009,2009_11_18,29,4752779872
05kmAP,2009,2009_11_19,29,4538008100
05kmAP,2009,2009_11_20,29,4413469582
05kmAP,2009,2009_11_21,29,4775480823
05kmAP,2009,2009_11_22,29,4753252214
05kmAP,2009,2009_11_23,27,4216691489
05kmAP,2009,2009_11_24,28,4593890718
05kmAP,2009,2009_11_25,29,4775716998
05kmAP,2009,2009_11_26,30,4921166469
05kmAP,2009,2009_11_27,29,4703207146
05kmAP,2009,2009_11_28,29,4778103431
05kmAP,2009,2009_11_29,29,4755613804
05kmAP,2009,2009_11_30,29,4779520398
05kmAP,2009,2009_12_01,29,4755849975
05kmAP,2009,2009_12_02,29,4777842437
05kmAP,2009,2009_12_03,30,4930069241
05kmAP,2009,2009_12_04,29,4756322308
05kmAP,2009,2009_12_05,29,4778078638
05kmAP,2009,2009_12_06,29,4756322291
05kmAP,2009,2009_12_07,29,4542118204
05kmAP,2009,2009_12_08,29,4756322274
05kmAP,2009,2009_12_09,29,4709020723
05kmAP,2009,2009_12_10,5,786031021
05kmAP,2009,2009_12_11,29,4779756558
05kmAP,2009,2009_12_12,30,4931644541
05kmAP,2009,2009_12_13,29,4756322293
05kmAP,2009,2009_12_14,29,4778078578
05kmAP,2009,2009_12_15,29,4756322278
05kmAP,2009,2009_12_16,29,4778078603
05kmAP,2009,2009_12_17,29,4758000232
05kmAP,2009,2009_12_18,29,4778078634
05kmAP,2009,2009_12_19,30,4931644523
05kmAP,2009,2009_12_20,29,4754644304
05kmAP,2009,2009_12_21,29,4778078607
05kmAP,2009,2009_12_22,29,4752966357
05kmAP,2009,2009_12_23,29,4773044745
05kmAP,2009,2009_12_24,29,4751288422
05kmAP,2009,2009_12_25,29,4769688839
05kmAP,2009,2009_12_26,29,4744511127
05kmAP,2009,2009_12_27,29,4764589463
05kmAP,2009,2009_12_28,30,4918155385
05kmAP,2009,2009_12_29,29,4741155155
05kmAP,2009,2009_12_30,29,4762911526
05kmAP,2009,2009_12_31,29,4734443372
05kmAP,2010,2010_01_01,29,4754587248
05kmAP,2010,2010_01_02,29,4734443403
05kmAP,2010,2010_01_03,29,4754285557
05kmAP,2010,2010_01_04,30,4908087655
05kmAP,2010,2010_01_05,29,4734508885
05kmAP,2010,2010_01_06,29,4754456222
05kmAP,2010,2010_01_07,29,4734443350
05kmAP,2010,2010_01_08,29,4754456216
05kmAP,2010,2010_01_09,29,4734443370
05kmAP,2010,2010_01_10,29,4754521754
05kmAP,2010,2010_01_11,29,4734272783
05kmAP,2010,2010_01_12,29,4754587305
05kmAP,2010,2010_01_13,30,4908087635
05kmAP,2010,2010_01_14,29,4734443368
05kmAP,2010,2010_01_15,29,4754521722
05kmAP,2010,2010_01_16,29,4734443369
05kmAP,2010,2010_01_17,29,4727333522
05kmAP,2010,2010_01_18,29,4734207201
05kmAP,2010,2010_01_19,29,4754285588
05kmAP,2010,2010_01_20,30,4908087655
05kmAP,2010,2010_01_21,29,4734443336
05kmAP,2010,2010_01_22,29,4754521766
05kmAP,2010,2010_01_23,29,4734508878
05kmAP,2010,2010_01_24,29,4754285588
05kmAP,2010,2010_01_25,29,4734443368
05kmAP,2010,2010_01_26,29,4754285561
05kmAP,2010,2010_01_27,29,4734443353
05kmAP,2010,2010_01_28,29,4754521718
05kmAP,2010,2010_01_29,30,4909660535
05kmAP,2010,2010_01_30,29,4734443366
05kmAP,2010,2010_01_31,27,4403612728
05kmAP,2010,2010_02_01,29,4740302060
05kmAP,2010,2010_02_02,29,4754521749
05kmAP,2010,2010_02_03,29,4737458033
05kmAP,2010,2010_02_04,29,4766580370
05kmAP,2010,2010_02_05,30,4911102326
05kmAP,2010,2010_02_06,29,4734508917
05kmAP,2010,2010_02_07,29,4754351102
05kmAP,2010,2010_02_08,28,4560864588
05kmAP,2010,2010_02_09,19,3004454850
05kmAP,2010,2010_02_10,29,4746567516
05kmAP,2010,2010_02_11,29,4768087704
05kmAP,2010,2010_02_12,29,4745060234
05kmAP,2010,2010_02_13,29,4766580414
05kmAP,2010,2010_02_14,30,4920146315
05kmAP,2010,2010_02_15,29,4699064855
05kmAP,2010,2010_02_16,29,4768087736
05kmAP,2010,2010_02_17,29,4746502054
05kmAP,2010,2010_02_18,29,4762892010
05kmAP,2010,2010_02_19,29,4751024018
05kmAP,2010,2010_02_20,29,4695512084
05kmAP,2010,2010_02_21,29,4748009337
05kmAP,2010,2010_02_22,30,4916224116
05kmAP,2010,2010_02_23,29,4768153230
05kmAP,2010,2010_02_24,29,4751023994
05kmAP,2010,2010_02_25,29,4757490911
05kmAP,2010,2010_02_26,29,4752596856
05kmAP,2010,2010_02_27,14,2216909976
05kmAP,2010,2010_02_28,29,4752531347
05kmAP,2010,2010_03_01,29,4769529488
05kmAP,2010,2010_03_02,30,4925939452
05kmAP,2010,2010_03_03,29,4752596853
05kmAP,2010,2010_03_04,29,4771102321
05kmAP,2010,2010_03_05,29,4752531322
05kmAP,2010,2010_03_06,29,4771167865
05kmAP,2010,2010_03_07,29,4755545989
05kmAP,2010,2010_03_08,29,4772544132
05kmAP,2010,2010_03_09,29,4752465790
05kmAP,2010,2010_03_10,25,4110044426
05kmAP,2010,2010_03_11,20,3287109889
05kmAP,2010,2010_03_12,29,4752531302
05kmAP,2010,2010_03_13,29,4774117014
05kmAP,2010,2010_03_14,29,4754104153
05kmAP,2010,2010_03_15,29,4771102366
05kmAP,2010,2010_03_16,29,4754038642
05kmAP,2010,2010_03_17,29,4775689834
05kmAP,2010,2010_03_18,30,4926175619
05kmAP,2010,2010_03_19,28,4428809641
05kmAP,2010,2010_03_20,29,4775624310
05kmAP,2010,2010_03_21,29,4755611485
05kmAP,2010,2010_03_22,29,4573484858
05kmAP,2010,2010_03_23,29,4757053265
05kmAP,2010,2010_03_24,29,4775624320
05kmAP,2010,2010_03_25,29,4754104144
05kmAP,2010,2010_03_26,29,4774116980
05kmAP,2010,2010_03_27,30,4929255824
05kmAP,2010,2010_03_28,29,4720215342
05kmAP,2010,2010_03_29,27,4408428017
05kmAP,2010,2010_03_30,19,3113465579
05kmAP,2010,2010_03_31,29,4775624299
05kmAP,2010,2010_04_01,29,4757053300
05kmAP,2010,2010_04_02,29,4774117030
05kmAP,2010,2010_04_03,30,4928888600
05kmAP,2010,2010_04_04,29,4757053398
05kmAP,2010,2010_04_05,29,4691482482
05kmAP,2010,2010_04_06,29,4240881541
05kmAP,2010,2010_04_07,29,4773880850
05kmAP,2010,2010_04_08,29,4752531339
05kmAP,2010,2010_04_09,29,4775624310
05kmAP,2010,2010_04_10,13,2072781207
05kmAP,2010,2010_04_11,29,4775624309
05kmAP,2010,2010_04_12,30,4929255843
05kmAP,2010,2010_04_13,29,4757118840
05kmAP,2010,2010_04_14,29,4775558808
05kmAP,2010,2010_04_15,29,4757053267
05kmAP,2010,2010_04_16,29,4775624338
05kmAP,2010,2010_04_17,29,4757053294
05kmAP,2010,2010_04_18,29,4774116990
05kmAP,2010,2010_04_19,29,4757118850
05kmAP,2010,2010_04_20,30,4930697599
05kmAP,2010,2010_04_21,29,4775624366
05kmAP,2010,2010_04_22,29,4622461965
05kmAP,2010,2010_04_23,29,4773815315
05kmAP,2010,2010_04_24,29,4757053310
05kmAP,2010,2010_04_25,29,4775624341
05kmAP,2010,2010_04_26,29,4757053305
05kmAP,2010,2010_04_27,27,4446906802
05kmAP,2010,2010_04_28,20,3287109880
05kmAP,2010,2010_04_29,29,4755244261
05kmAP,2010,2010_04_30,29,4774051431
05kmAP,2010,2010_05_01,29,4757053276
05kmAP,2010,2010_05_02,29,4775624318
05kmAP,2010,2010_05_03,29,4756987734
05kmAP,2010,2010_05_04,29,4775624324
05kmAP,2010,2010_05_05,29,4757053290
05kmAP,2010,2010_05_06,30,4929255789
05kmAP,2010,2010_05_07,29,4774117013
05kmAP,2010,2010_05_08,29,4757118831
05kmAP,2010,2010_05_09,29,4775624340
05kmAP,2010,2010_05_10,29,4442086714
05kmAP,2010,2010_05_11,29,4775624304
05kmAP,2010,2010_05_12,29,4755545973
05kmAP,2010,2010_05_13,29,4775558802
05kmAP,2010,2010_05_14,30,4930697586
05kmAP,2010,2010_05_15,29,4757118818
05kmAP,2010,2010_05_16,29,4775624359
05kmAP,2010,2010_05_17,29,4757053291
05kmAP,2010,2010_05_18,29,4775624316
05kmAP,2010,2010_05_19,29,4756856680
05kmAP,2010,2010_05_20,29,4775558797
05kmAP,2010,2010_05_21,29,4756791144
05kmAP,2010,2010_05_22,29,4775296631
05kmAP,2010,2010_05_23,30,4928993654
05kmAP,2010,2010_05_24,29,4756725628
05kmAP,2010,2010_05_25,29,4770339517
05kmAP,2010,2010_05_26,29,4756791169
05kmAP,2010,2010_05_27,29,4775165574
05kmAP,2010,2010_05_28,29,4756397943
05kmAP,2010,2010_05_29,29,4775034507
05kmAP,2010,2010_05_30,30,4926896521
05kmAP,2010,2010_05_31,29,4756397926
05kmAP,2010,2010_06_01,29,4774706869
05kmAP,2010,2010_06_02,29,4756332410
05kmAP,2010,2010_06_03,29,4774772380
05kmAP,2010,2010_06_04,29,4753081621
05kmAP,2010,2010_06_05,29,4773199521
05kmAP,2010,2010_06_06,29,4756201335
05kmAP,2010,2010_06_07,29,4774706859
05kmAP,2010,2010_06_08,30,4928272788
05kmAP,2010,2010_06_09,29,4754457908
05kmAP,2010,2010_06_10,29,4773199577
05kmAP,2010,2010_06_11,29,4756201389
05kmAP,2010,2010_06_12,29,4773199579
05kmAP,2010,2010_06_13,29,4756201385
05kmAP,2010,2010_06_14,29,4773199547
05kmAP,2010,2010_06_15,30,4929780147
05kmAP,2010,2010_06_16,29,4756201374
05kmAP,2010,2010_06_17,29,4774706892
05kmAP,2010,2010_06_18,29,4756201397
05kmAP,2010,2010_06_19,29,4772963404
05kmAP,2010,2010_06_20,29,4749631835
05kmAP,2010,2010_06_21,29,4773199541
05kmAP,2010,2010_06_22,28,4599620792
05kmAP,2010,2010_06_23,16,2629216085
05kmAP,2010,2010_06_24,30,4929780143
05kmAP,2010,2010_06_25,29,4756201346
05kmAP,2010,2010_06_26,29,4763376732
05kmAP,2010,2010_06_27,48,7310518010
05kmAP,2010,2010_06_28,29,4305412662
05kmAP,2010,2010_06_29,29,4382791958
05kmAP,2010,2010_06_30,27,4096995584
05kmAP,2010,2010_07_01,14,2119946903
05kmAP,2010,2010_07_02,29,4382791933
05kmAP,2010,2010_07_03,29,4396787284
05kmAP,2010,2010_07_04,29,4382791934
05kmAP,2010,2010_07_05,29,4398400958
05kmAP,2010,2010_07_06,29,4382791955
05kmAP,2010,2010_07_07,29,4398231513
05kmAP,2010,2010_07_08,29,4382791945
05kmAP,2010,2010_07_09,29,4399845135
05kmAP,2010,2010_07_10,30,4542743304
05kmAP,2010,2010_07_11,29,4382791924
05kmAP,2010,2010_07_12,29,4399845153
05kmAP,2010,2010_07_13,29,4382791904
05kmAP,2010,2010_07_14,29,4396787273
05kmAP,2010,2010_07_15,29,4382791918
05kmAP,2010,2010_07_16,29,4399845096
05kmAP,2010,2010_07_17,15,2261400853
05kmAP,2010,2010_07_18,11,1657145917
05kmAP,2010,2010_07_19,29,4396787263
05kmAP,2010,2010_07_20,29,4381347709
05kmAP,2010,2010_07_21,29,4398400979
05kmAP,2010,2010_07_22,29,4381347695
05kmAP,2010,2010_07_23,29,4399845109
05kmAP,2010,2010_07_24,29,4382791873
05kmAP,2010,2010_07_25,30,4542743264
05kmAP,2010,2010_07_26,29,4399845122
05kmAP,2010,2010_07_27,29,4382791926
05kmAP,2010,2010_07_28,29,4399845133
05kmAP,2010,2010_07_29,29,4382791920
05kmAP,2010,2010_07_30,29,4399845099
05kmAP,2010,2010_07_31,29,4382791891
05kmAP,2010,2010_08_01,29,4399845125
05kmAP,2010,2010_08_02,28,4238449527
05kmAP,2010,2010_08_05,3,479854177
05kmAP,2010,2010_08_06,29,4399845147
05kmAP,2010,2010_08_07,29,4382791910
05kmAP,2010,2010_08_08,29,4399845137
05kmAP,2010,2010_08_09,29,4379736453
05kmAP,2010,2010_08_10,30,4542743302
05kmAP,2010,2010_08_11,29,4399845134
05kmAP,2010,2010_08_12,29,4382791913
05kmAP,2010,2010_08_13,29,4399845163
05kmAP,2010,2010_08_14,14,2119946886
05kmAP,2010,2010_08_16,9,1354296388
05kmAP,2010,2010_08_17,29,4398400933
05kmAP,2010,2010_08_18,30,4541299109
05kmAP,2010,2010_08_19,29,4382791895
05kmAP,2010,2010_08_20,29,4416898325
05kmAP,2010,2010_08_21,29,4382791878
05kmAP,2010,2010_08_22,29,4399845171
05kmAP,2010,2010_08_23,29,4382791900
05kmAP,2010,2010_08_24,29,4399845149
05kmAP,2010,2010_08_25,29,4381347674
05kmAP,2010,2010_08_26,30,4542743294
05kmAP,2010,2010_08_27,29,4399845146
05kmAP,2010,2010_08_28,29,4382791911
05kmAP,2010,2010_08_29,29,4396956747
05kmAP,2010,2010_08_30,29,4288189852
05kmAP,2010,2010_08_31,29,4396789660
05kmAP,2010,2010_09_01,29,4381347747
05kmAP,2010,2010_09_02,29,4399845163
05kmAP,2010,2010_09_03,30,4536797053
05kmAP,2010,2010_09_04,29,4377015158
05kmAP,2010,2010_09_05,29,4392624176
05kmAP,2010,2010_09_06,29,4375570966
05kmAP,2010,2010_09_07,29,4383791958
05kmAP,2010,2010_09_08,29,4366905813
05kmAP,2010,2010_09_09,29,4377681027
05kmAP,2010,2010_09_10,30,4516244187
05kmAP,2010,2010_09_11,29,4361128914
05kmAP,2010,2010_09_12,29,4379626381
05kmAP,2010,2010_09_13,29,4360959446
05kmAP,2010,2010_09_14,29,4379626373
05kmAP,2010,2010_09_15,29,4361128970
05kmAP,2010,2010_09_16,29,4378012729
05kmAP,2010,2010_09_17,29,4361128945
05kmAP,2010,2010_09_18,29,4379456867
05kmAP,2010,2010_09_19,30,4519130122
05kmAP,2010,2010_09_20,29,4361128945
05kmAP,2010,2010_09_21,25,3769093481
05kmAP,2010,2010_09_22,15,2251291431
05kmAP,2010,2010_09_23,23,3475410330
05kmAP,2010,2010_09_24,27,4059554107
05kmAP,2010,2010_09_25,29,4379456877
05kmAP,2010,2010_09_26,30,4522522095
05kmAP,2010,2010_09_27,29,4364351450
05kmAP,2010,2010_09_28,29,4382848922
05kmAP,2010,2010_09_29,29,4367574002
05kmAP,2010,2010_09_30,29,4366127395
05kmAP,2010,2010_10_01,29,4380464088
05kmAP,2010,2010_10_02,29,4359679911
05kmAP,2010,2010_10_03,29,4382075371
05kmAP,2010,2010_10_04,30,4537360055
05kmAP,2010,2010_10_05,29,4402014602
05kmAP,2010,2010_10_06,29,4383517131
05kmAP,2010,2010_10_07,29,4403625883
05kmAP,2010,2010_10_08,29,4381905862
05kmAP,2010,2010_10_09,29,4403625854
05kmAP,2010,2010_10_10,29,4383517149
05kmAP,2010,2010_10_11,29,4403625882
05kmAP,2010,2010_10_12,30,4544910330
05kmAP,2010,2010_10_13,29,4382075326
05kmAP,2010,2010_10_14,29,4403456393
05kmAP,2010,2010_10_15,29,4383517159
05kmAP,2010,2010_10_16,29,4327690773
05kmAP,2010,2010_10_17,27,3459284475
05kmAP,2010,2010_10_18,29,4395564737
05kmAP,2010,2010_10_19,20,3029996671
05kmAP,2010,2010_10_20,29,4383347676
05kmAP,2010,2010_10_21,29,4403117419
05kmAP,2010,2010_10_22,29,4383008747
05kmAP,2010,2010_10_23,29,4402778526
05kmAP,2010,2010_10_24,29,4380889045
05kmAP,2010,2010_10_25,29,4402609075
05kmAP,2010,2010_10_26,29,4368163669
05kmAP,2010,2010_10_27,29,4377160537
05kmAP,2010,2010_10_28,30,4543385128
05kmAP,2010,2010_10_29,29,4381822434
05kmAP,2010,2010_10_30,29,4401931122
05kmAP,2010,2010_10_31,29,4381652975
05kmAP,2010,2010_11_01,29,4310387000
05kmAP,2010,2010_11_02,29,4381483481
05kmAP,2010,2010_11_03,29,4400150414
05kmAP,2010,2010_11_04,30,4540162576
05kmAP,2010,2010_11_05,29,4381652963
05kmAP,2010,2010_11_06,29,4401761707
05kmAP,2010,2010_11_07,29,4379702695
05kmAP,2010,2010_11_08,29,4400489375
05kmAP,2010,2010_11_09,29,4379702764
05kmAP,2010,2010_11_10,29,4400319882
05kmAP,2010,2010_11_11,29,4381652960
05kmAP,2010,2010_11_12,29,4400319893
05kmAP,2010,2010_11_13,30,4543385124
05kmAP,2010,2010_11_14,29,4381822449
05kmAP,2010,2010_11_15,29,4400489333
05kmAP,2010,2010_11_16,26,3937690819
05kmAP,2010,2010_11_17,2,199085964
05kmAP,2010,2010_11_18,29,4380380663
05kmAP,2010,2010_11_19,29,4401336694
05kmAP,2010,2010_11_20,30,4542282240
05kmAP,2010,2010_11_21,29,4382500282
05kmAP,2010,2010_11_22,29,4399386493
05kmAP,2010,2010_11_23,15,2145744713
05kmAP,2010,2010_11_24,29,4402184046
05kmAP,2010,2010_11_25,29,4345851633
05kmAP,2010,2010_11_26,29,4403456420
05kmAP,2010,2010_11_27,29,4382075374
05kmAP,2010,2010_11_28,30,4543638013
05kmAP,2010,2010_11_29,29,4402184069
05kmAP,2010,2010_11_30,29,4382075381
05kmAP,2010,2010_12_01,29,4400572805
05kmAP,2010,2010_12_02,29,4382075383
05kmAP,2010,2010_12_03,29,4402184092
05kmAP,2010,2010_12_04,29,4382075350
05kmAP,2010,2010_12_05,29,4402184083
05kmAP,2010,2010_12_06,30,4545079805
05kmAP,2010,2010_12_07,29,4383517126
05kmAP,2010,2010_12_08,29,4402184085
05kmAP,2010,2010_12_09,26,3937604803
05kmAP,2010,2010_12_10,2,197472294
05kmAP,2010,2010_12_11,29,4383686611
05kmAP,2010,2010_12_12,29,4402184079
05kmAP,2010,2010_12_13,29,4380464095
05kmAP,2010,2010_12_14,30,4542026789
05kmAP,2010,2010_12_15,29,4400233860
05kmAP,2010,2010_12_16,29,4382075325
05kmAP,2010,2010_12_17,29,4400572814
05kmAP,2010,2010_12_18,29,4378852857
05kmAP,2010,2010_12_19,29,4398961503
05kmAP,2010,2010_12_20,29,4377241561
05kmAP,2010,2010_12_21,29,4392516504
05kmAP,2010,2010_12_22,30,4530578436
05kmAP,2010,2010_12_23,29,4369015764
05kmAP,2010,2010_12_24,29,4384460180
05kmAP,2010,2010_12_25,29,4365962698
05kmAP,2010,2010_12_26,29,4384460172
05kmAP,2010,2010_12_27,29,4361128942
05kmAP,2010,2010_12_28,29,4379626348
05kmAP,2010,2010_12_29,29,4361128927
05kmAP,2010,2010_12_30,30,4521080303
05kmAP,2010,2010_12_31,29,4379626351
05kmAP,2011,2011_01_01,29,4361128926
05kmAP,2011,2011_01_02,29,4373517858
05kmAP,2011,2011_01_03,29,4350184256
05kmAP,2011,2011_01_04,29,4379626367
05kmAP,2011,2011_01_05,29,4361128919
05kmAP,2011,2011_01_06,29,4379626335
05kmAP,2011,2011_01_07,30,4521080340
05kmAP,2011,2011_01_08,29,4360959452
05kmAP,2011,2011_01_09,29,4379626393
05kmAP,2011,2011_01_10,29,4267801616
05kmAP,2011,2011_01_11,29,4381068160
05kmAP,2011,2011_01_12,29,4361128910
05kmAP,2011,2011_01_13,29,4379626385
05kmAP,2011,2011_01_14,29,4361128958
05kmAP,2011,2011_01_15,30,4521080337
05kmAP,2011,2011_01_16,29,4379626387
05kmAP,2011,2011_01_17,29,4360959412
05kmAP,2011,2011_01_18,29,4379626348
05kmAP,2011,2011_01_19,29,4359517679
05kmAP,2011,2011_01_20,29,4379626372
05kmAP,2011,2011_01_21,29,4362573116
05kmAP,2011,2011_01_22,29,4381070573
05kmAP,2011,2011_01_23,30,4523799270
05kmAP,2011,2011_01_24,29,4363847832
05kmAP,2011,2011_01_25,29,4381070597
05kmAP,2011,2011_01_26,29,4360959450
05kmAP,2011,2011_01_27,29,4386847389
05kmAP,2011,2011_01_28,17,2461921392
05kmAP,2011,2011_01_29,29,4385233696
05kmAP,2011,2011_01_30,29,4360959448
05kmAP,2011,2011_01_31,29,4379626375
05kmAP,2011,2011_02_01,26,3911657514
05kmAP,2011,2011_02_02,17,2562806171
05kmAP,2011,2011_02_03,29,4388291573
05kmAP,2011,2011_02_04,29,4375570899
05kmAP,2011,2011_02_05,29,4394068345
05kmAP,2011,2011_02_06,29,4369794136
05kmAP,2011,2011_02_07,29,4398400957
05kmAP,2011,2011_02_08,30,4532464428
05kmAP,2011,2011_02_09,29,4375401461
05kmAP,2011,2011_02_10,29,4395512562
05kmAP,2011,2011_02_11,29,4377015119
05kmAP,2011,2011_02_12,29,4395512568
05kmAP,2011,2011_02_13,29,4377015134
05kmAP,2011,2011_02_14,29,4394068389
05kmAP,2011,2011_02_15,29,4317966179
05kmAP,2011,2011_02_16,29,4379736463
05kmAP,2011,2011_02_17,20,3027051350
05kmAP,2011,2011_02_18,13,1959995491
05kmAP,2011,2011_02_19,29,4398400952
05kmAP,2011,2011_02_20,29,4381347713
05kmAP,2011,2011_02_21,29,4258919568
05kmAP,2011,2011_02_22,29,4381347715
05kmAP,2011,2011_02_23,29,4399845162
05kmAP,2011,2011_02_24,30,4539854886
05kmAP,2011,2011_02_25,29,4381347685
05kmAP,2011,2011_02_26,29,4398400974
05kmAP,2011,2011_02_27,29,4381347705
05kmAP,2011,2011_02_28,29,4398400941
05kmAP,2011,2011_03_01,29,4381347701
05kmAP,2011,2011_03_02,29,4398400959
05kmAP,2011,2011_03_03,29,4382791893
05kmAP,2011,2011_03_04,29,4396787260
05kmAP,2011,2011_03_05,30,4542743326
05kmAP,2011,2011_03_06,29,4381347707
05kmAP,2011,2011_03_07,29,4300406924
05kmAP,2011,2011_03_14,10,1514247751
05kmAP,2011,2011_03_15,29,4381347706
05kmAP,2011,2011_03_16,27,4095551402
05kmAP,2011,2011_03_17,17,2556358733
05kmAP,2011,2011_03_18,29,4399845141
05kmAP,2011,2011_03_19,29,4381347683
05kmAP,2011,2011_03_20,29,4398400907
05kmAP,2011,2011_03_21,28,4239893753
05kmAP,2011,2011_03_22,3,444134028
05kmAP,2011,2011_03_23,23,3491296468
05kmAP,2011,2011_03_24,21,3171393652
05kmAP,2011,2011_03_25,29,4399845148
05kmAP,2011,2011_03_26,29,4381347724
05kmAP,2011,2011_03_27,29,4399845155
05kmAP,2011,2011_03_28,29,4381347704
05kmAP,2011,2011_03_29,29,4399845141
05kmAP,2011,2011_03_30,30,4539685425
05kmAP,2011,2011_03_31,29,4381347699
05kmAP,2011,2011_04_01,29,4398400940
05kmAP,2011,2011_04_02,29,4378459337
05kmAP,2011,2011_04_03,29,4398401011
05kmAP,2011,2011_04_04,29,4381347814
05kmAP,2011,2011_04_05,29,4399845211
05kmAP,2011,2011_04_06,26,3935600063
05kmAP,2011,2011_04_07,21,3171393704
05kmAP,2011,2011_04_08,29,4398400947
05kmAP,2011,2011_04_09,29,4381347668
05kmAP,2011,2011_04_10,29,4398400963
05kmAP,2011,2011_04_11,29,4379733987
05kmAP,2011,2011_04_12,29,4399845127
05kmAP,2011,2011_04_13,29,4381347689
05kmAP,2011,2011_04_14,29,4398400936
05kmAP,2011,2011_04_15,30,4541299119
05kmAP,2011,2011_04_16,29,4382791892
05kmAP,2011,2011_04_17,29,4398400988
05kmAP,2011,2011_04_18,26,3935599997
05kmAP,2011,2011_04_19,18,2724201767
05kmAP,2011,2011_04_20,29,4381347697
05kmAP,2011,2011_04_21,29,4396956751
05kmAP,2011,2011_04_22,30,4541299097
05kmAP,2011,2011_04_23,29,4381347709
05kmAP,2011,2011_04_24,29,4398400926
05kmAP,2011,2011_04_25,29,4381347748
05kmAP,2011,2011_04_26,29,4398400955
05kmAP,2011,2011_04_27,29,4381347682
05kmAP,2011,2011_04_28,29,4399845100
05kmAP,2011,2011_04_29,29,4381347688
05kmAP,2011,2011_04_30,29,4398400940
05kmAP,2011,2011_05_01,30,4524245859
05kmAP,2011,2011_05_02,29,4381347679
05kmAP,2011,2011_05_03,29,4399845128
05kmAP,2011,2011_05_04,29,4379903469
05kmAP,2011,2011_05_05,29,4398400952
05kmAP,2011,2011_05_06,29,4379903497
05kmAP,2011,2011_05_07,29,4399845168
05kmAP,2011,2011_05_08,29,4382791873
05kmAP,2011,2011_05_09,30,4448310730
05kmAP,2011,2011_05_10,27,4095551383
05kmAP,2011,2011_05_11,3,377532387
05kmAP,2011,2011_05_12,29,4398400947
05kmAP,2011,2011_05_13,29,4381347707
05kmAP,2011,2011_05_14,29,4399845144
05kmAP,2011,2011_05_15,29,4379734011
05kmAP,2011,2011_05_16,29,4398400943
05kmAP,2011,2011_05_17,30,4541299067
05kmAP,2011,2011_05_18,29,4381347658
05kmAP,2011,2011_05_19,29,4398400907
05kmAP,2011,2011_05_20,29,4339681315
05kmAP,2011,2011_05_21,29,4398400936
05kmAP,2011,2011_05_22,29,4381347728
05kmAP,2011,2011_05_23,27,3958956040
05kmAP,2011,2011_05_24,17,2564250376
05kmAP,2011,2011_05_25,30,4539854886
05kmAP,2011,2011_05_26,29,4398400924
05kmAP,2011,2011_05_27,29,4323900396
05kmAP,2011,2011_05_28,29,4396787268
05kmAP,2011,2011_05_29,29,4381347694
05kmAP,2011,2011_05_30,29,4398400952
05kmAP,2011,2011_05_31,27,4077053973
05kmAP,2011,2011_06_01,29,4399845182
05kmAP,2011,2011_06_02,30,4541299154
05kmAP,2011,2011_06_03,26,3924822336
05kmAP,2011,2011_06_05,29,4291407606
05kmAP,2011,2011_06_06,1,80960811
05kmAP,2011,2011_06_15,14,2058009545
05kmAP,2011,2011_06_16,29,4379903578
05kmAP,2011,2011_06_17,29,4333241130
05kmAP,2011,2011_06_18,30,4542743376
05kmAP,2011,2011_06_19,29,4381347775
05kmAP,2011,2011_06_20,29,4398400984
05kmAP,2011,2011_06_21,29,4381347771
05kmAP,2011,2011_06_22,29,4398401020
05kmAP,2011,2011_06_23,29,4381347761
05kmAP,2011,2011_06_24,29,4399845220
05kmAP,2011,2011_06_25,29,4379903603
05kmAP,2011,2011_06_26,30,4541299210
05kmAP,2011,2011_06_27,29,4399845197
05kmAP,2011,2011_06_28,53,8141599764
05kmAP,2011,2011_06_29,29,4774706840
05kmAP,2011,2011_06_30,29,4756201343
05kmAP,2011,2011_07_01,29,4774706875
05kmAP,2011,2011_07_02,29,4579738212
05kmAP,2011,2011_07_03,29,4633545935
05kmAP,2011,2011_07_04,30,4928272810
05kmAP,2011,2011_07_05,29,4756201366
05kmAP,2011,2011_07_06,29,4769946300
05kmAP,2011,2011_07_07,13,2113607593
05kmAP,2011,2011_07_08,29,4773199495
05kmAP,2011,2011_07_09,29,4754693997
05kmAP,2011,2011_07_10,29,4774706822
05kmAP,2011,2011_07_11,29,4754694011
05kmAP,2011,2011_07_12,25,4104025102
05kmAP,2011,2011_07_13,18,2956360707
05kmAP,2011,2011_07_14,29,4754693996
05kmAP,2011,2011_07_15,29,4773199476
05kmAP,2011,2011_07_16,29,4754693987
05kmAP,2011,2011_07_17,29,4774706832
05kmAP,2011,2011_07_18,29,4753186645
05kmAP,2011,2011_07_19,29,4773199487
05kmAP,2011,2011_07_20,30,4928272766
05kmAP,2011,2011_07_21,29,4754693992
05kmAP,2011,2011_07_22,29,4773199538
05kmAP,2011,2011_07_23,29,4756201357
05kmAP,2011,2011_07_24,25,4115895484
05kmAP,2011,2011_07_25,23,3768737971
05kmAP,2011,2011_07_26,29,4773199526
05kmAP,2011,2011_07_27,28,4599620773
05kmAP,2011,2011_07_28,25,4021652879
05kmAP,2011,2011_07_29,29,4773199501
05kmAP,2011,2011_07_30,29,4754694023
05kmAP,2011,2011_07_31,29,4773199483
05kmAP,2011,2011_08_01,29,4751440774
05kmAP,2011,2011_08_02,29,4774706814
05kmAP,2011,2011_08_03,26,4270968740
05kmAP,2011,2011_08_10,9,1469746824
05kmAP,2011,2011_08_11,29,4773396118
05kmAP,2011,2011_08_12,29,4755087207
05kmAP,2011,2011_08_13,30,4928534875
05kmAP,2011,2011_08_14,29,4773291011
05kmAP,2011,2011_08_15,29,4755218305
05kmAP,2011,2011_08_16,29,4773920381
05kmAP,2011,2011_08_17,29,4755283807
05kmAP,2011,2011_08_18,29,4775558829
05kmAP,2011,2011_08_19,29,4750483732
05kmAP,2011,2011_08_20,29,4774182530
05kmAP,2011,2011_08_21,30,4929255837
05kmAP,2011,2011_08_22,28,4600538245
05kmAP,2011,2011_08_23,18,2958392344
05kmAP,2011,2011_08_24,29,4755611475
05kmAP,2011,2011_08_25,29,4774182579
05kmAP,2011,2011_08_26,29,4754038643
05kmAP,2011,2011_08_27,29,4774117007
05kmAP,2011,2011_08_28,30,4915747013
05kmAP,2011,2011_08_29,29,4607277577
05kmAP,2011,2011_08_30,29,4774117030
05kmAP,2011,2011_08_31,29,4748609153
05kmAP,2011,2011_09_01,29,4774182549
05kmAP,2011,2011_09_02,29,4756987768
05kmAP,2011,2011_09_03,29,4772305555
05kmAP,2011,2011_09_04,7,1104219699
05kmAP,2011,2011_09_05,29,4772675230
05kmAP,2011,2011_09_06,20,3282587924
05kmAP,2011,2011_09_07,29,4749582245
05kmAP,2011,2011_09_08,29,4762124017
05kmAP,2011,2011_09_09,29,4740302129
05kmAP,2011,2011_09_10,29,4760616661
05kmAP,2011,2011_09_11,29,4737287452
05kmAP,2011,2011_09_12,29,4754351132
05kmAP,2011,2011_09_13,30,4907851498
05kmAP,2011,2011_09_14,29,4734508903
05kmAP,2011,2011_09_15,29,4754351092
05kmAP,2011,2011_09_16,29,4734272706
05kmAP,2011,2011_09_17,29,4754351122
05kmAP,2011,2011_09_18,29,4734272734
05kmAP,2011,2011_09_19,29,4754521763
05kmAP,2011,2011_09_20,29,4730652308
05kmAP,2011,2011_09_21,30,4907917036
05kmAP,2011,2011_09_22,25,4099628957
05kmAP,2011,2011_09_29,4,656098378
05kmAP,2011,2011_09_30,29,4740984580
05kmAP,2011,2011_10_01,27,4437208598
05kmAP,2011,2011_10_02,25,4066184070
05kmAP,2011,2011_10_03,27,4447276319
05kmAP,2011,2011_10_04,17,2784671244
05kmAP,2011,2011_10_05,29,4778078570
05kmAP,2011,2011_10_06,29,4757527908
05kmAP,2011,2011_10_07,30,4933322457
05kmAP,2011,2011_10_08,29,4772780186
05kmAP,2011,2011_10_09,29,4757764092
05kmAP,2011,2011_10_10,29,4779756529
05kmAP,2011,2011_10_11,29,4756086132
05kmAP,2011,2011_10_12,29,4779520400
05kmAP,2011,2011_10_13,29,4756256756
05kmAP,2011,2011_10_14,29,4778078567
05kmAP,2011,2011_10_15,30,4931342828
05kmAP,2011,2011_10_16,29,4722330727
05kmAP,2011,2011_10_17,29,4776267173
05kmAP,2011,2011_10_18,29,4756086088
05kmAP,2011,2011_10_19,29,4779756565
05kmAP,2011,2011_10_20,29,4756086155
05kmAP,2011,2011_10_21,29,4778078591
05kmAP,2011,2011_10_22,30,4929599350
05kmAP,2011,2011_10_23,29,4757291737
05kmAP,2011,2011_10_24,29,4778811936
05kmAP,2011,2011_10_25,29,4757055615
05kmAP,2011,2011_10_26,29,4778339641
05kmAP,2011,2011_10_27,26,4273656878
05kmAP,2011,2011_10_28,20,3286731406
05kmAP,2011,2011_10_29,28,4112446474
05kmAP,2011,2011_10_30,29,4778575769
05kmAP,2011,2011_10_31,30,4930488536
05kmAP,2011,2011_11_01,29,4754432998
05kmAP,2011,2011_11_02,29,4769551803
05kmAP,2011,2011_11_03,29,4735628193
05kmAP,2011,2011_11_04,29,4777158785
05kmAP,2011,2011_11_05,29,4754457819
05kmAP,2011,2011_11_06,29,4774772328
05kmAP,2011,2011_11_07,30,4788450912
05kmAP,2011,2011_11_08,29,4754457832
05kmAP,2011,2011_11_09,29,4774772380
05kmAP,2011,2011_11_10,29,4699509959
05kmAP,2011,2011_11_11,29,4775244681
05kmAP,2011,2011_11_12,29,4752453346
05kmAP,2011,2011_11_13,29,4776189321
05kmAP,2011,2011_11_14,29,4751810380
05kmAP,2011,2011_11_15,30,4931433186
05kmAP,2011,2011_11_16,29,4777631116
05kmAP,2011,2011_11_17,29,4624499499
05kmAP,2011,2011_11_18,29,4598048205
05kmAP,2011,2011_11_19,29,4751313240
05kmAP,2011,2011_11_20,29,4777133961
05kmAP,2011,2011_11_21,29,4755377626
05kmAP,2011,2011_11_22,29,4777606285
05kmAP,2011,2011_11_23,28,4600540551
05kmAP,2011,2011_11_24,19,3113323241
05kmAP,2011,2011_11_25,25,4121744096
05kmAP,2011,2011_11_26,1,153565917
05kmAP,2011,2011_11_27,9,1489196958
05kmAP,2011,2011_11_29,10,1644440836
05kmAP,2011,2011_11_30,29,4756322242
05kmAP,2011,2011_12_01,30,4931644504
05kmAP,2011,2011_12_02,29,4776033462
05kmAP,2011,2011_12_03,29,4754445316
05kmAP,2011,2011_12_04,29,4778078613
05kmAP,2011,2011_12_05,29,4756086150
05kmAP,2011,2011_12_06,29,4778078634
05kmAP,2011,2011_12_07,29,4756322274
05kmAP,2011,2011_12_08,29,4627896164
05kmAP,2011,2011_12_09,30,4933086318
05kmAP,2011,2011_12_10,29,4757527918
05kmAP,2011,2011_12_11,29,4778078590
05kmAP,2011,2011_12_12,29,4756322273
05kmAP,2011,2011_12_13,19,3133637774
05kmAP,2011,2011_12_14,5,688450651
05kmAP,2011,2011_12_15,29,4778078601
05kmAP,2011,2011_12_16,29,4754644342
05kmAP,2011,2011_12_17,30,4931644527
05kmAP,2011,2011_12_18,29,4762544251
05kmAP,2011,2011_12_19,29,4752900841
05kmAP,2011,2011_12_20,27,4439057217
05kmAP,2011,2011_12_21,19,3098156139
05kmAP,2011,2011_12_22,29,4766096785
05kmAP,2011,2011_12_23,29,4742767627
05kmAP,2011,2011_12_24,29,4757943199
05kmAP,2011,2011_12_25,30,4894513339
05kmAP,2011,2011_12_26,29,4726926768
05kmAP,2011,2011_12_27,29,4754521750
05kmAP,2011,2011_12_28,29,4734508895
05kmAP,2011,2011_12_29,29,4754456213
05kmAP,2011,2011_12_30,29,4734443363
05kmAP,2011,2011_12_31,29,4754285570
05kmAP,2012,2012_01_01,29,4734443366
05kmAP,2012,2012_01_02,30,4907917015
05kmAP,2012,2012_01_03,29,4754521762
05kmAP,2012,2012_01_04,29,4734443342
05kmAP,2012,2012_01_05,29,4754521751
05kmAP,2012,2012_01_06,29,4734141668
05kmAP,2012,2012_01_07,29,4754521755
05kmAP,2012,2012_01_08,29,4734443340
05kmAP,2012,2012_01_09,29,4754521709
05kmAP,2012,2012_01_10,30,4906409723
05kmAP,2012,2012_01_11,29,4734272712
05kmAP,2012,2012_01_12,29,4754456255
05kmAP,2012,2012_01_13,29,4734272729
05kmAP,2012,2012_01_14,29,4754521754
05kmAP,2012,2012_01_15,19,3098156143
05kmAP,2012,2012_01_16,10,1636051074
05kmAP,2012,2012_01_17,29,4734443356
05kmAP,2012,2012_01_18,30,4907917018
05kmAP,2012,2012_01_19,29,4754351133
05kmAP,2012,2012_01_20,29,4661697354
05kmAP,2012,2012_01_21,29,4756029088
05kmAP,2012,2012_01_22,25,4034029941
05kmAP,2012,2012_02_03,13,2125871186
05kmAP,2012,2012_02_04,27,4437626673
05kmAP,2012,2012_02_05,23,3769458878
05kmAP,2012,2012_02_06,29,4767917102
05kmAP,2012,2012_02_07,29,4751089462
05kmAP,2012,2012_02_08,28,4617601923
05kmAP,2012,2012_02_09,29,4750853359
05kmAP,2012,2012_02_10,29,4774116995
05kmAP,2012,2012_02_11,30,4924668259
05kmAP,2012,2012_02_12,29,4744218207
05kmAP,2012,2012_02_13,29,4772675254
05kmAP,2012,2012_02_14,29,4755611519
05kmAP,2012,2012_02_15,29,4774182582
05kmAP,2012,2012_02_16,29,4497567155
05kmAP,2012,2012_02_17,29,4773946398
05kmAP,2012,2012_02_18,29,4757053341
05kmAP,2012,2012_02_19,29,4772371160
05kmAP,2012,2012_02_20,30,4930697618
05kmAP,2012,2012_02_21,29,4752360671
05kmAP,2012,2012_02_22,29,4774182533
05kmAP,2012,2012_02_23,29,4649584617
05kmAP,2012,2012_02_24,29,4774182525
05kmAP,2012,2012_02_25,29,4752295140
05kmAP,2012,2012_02_26,29,4774182541
05kmAP,2012,2012_02_27,29,4755545970
05kmAP,2012,2012_02_28,30,4930763123
05kmAP,2012,2012_02_29,29,4774182520
05kmAP,2012,2012_03_01,29,4737040443
05kmAP,2012,2012_03_02,29,4774182527
05kmAP,2012,2012_03_03,29,4753802465
05kmAP,2012,2012_03_04,29,4775689861
05kmAP,2012,2012_03_05,29,4755611488
05kmAP,2012,2012_03_06,27,4445465016
05kmAP,2012,2012_03_20,8,1314870131
05kmAP,2012,2012_03_21,29,4755545927
05kmAP,2012,2012_03_22,29,4774182553
05kmAP,2012,2012_03_23,30,4771272114
05kmAP,2012,2012_03_24,29,4723597208
05kmAP,2012,2012_03_25,29,4774182520
05kmAP,2012,2012_03_26,29,4755611462
05kmAP,2012,2012_03_27,29,4775689873
05kmAP,2012,2012_03_28,24,3932913136
05kmAP,2012,2012_03_29,20,3287109884
05kmAP,2012,2012_03_30,29,4755545968
05kmAP,2012,2012_03_31,29,4755850050
05kmAP,2012,2012_04_01,30,4929255825
05kmAP,2012,2012_04_02,29,4755611522
05kmAP,2012,2012_04_03,29,4767545109
05kmAP,2012,2012_04_04,29,4725649696
05kmAP,2012,2012_04_05,29,4774182567
05kmAP,2012,2012_04_06,29,4753868078
05kmAP,2012,2012_04_07,29,4774182557
05kmAP,2012,2012_04_08,30,4929255794
05kmAP,2012,2012_04_09,29,4754104139
05kmAP,2012,2012_04_10,27,4445465002
05kmAP,2012,2012_04_11,3,482283476
05kmAP,2012,2012_04_12,29,4774182559
05kmAP,2012,2012_04_13,29,4755611514
05kmAP,2012,2012_04_14,29,4775624324
05kmAP,2012,2012_04_15,29,4755545977
05kmAP,2012,2012_04_16,17,2801877298
05kmAP,2012,2012_04_17,30,4929255790
05kmAP,2012,2012_04_18,29,4755611521
05kmAP,2012,2012_04_19,29,4774182553
05kmAP,2012,2012_04_20,29,4755611469
05kmAP,2012,2012_04_21,29,4774117023
05kmAP,2012,2012_04_22,29,4755611514
05kmAP,2012,2012_04_23,29,4772675206
05kmAP,2012,2012_04_24,29,4754104161
05kmAP,2012,2012_04_25,30,4927276129
05kmAP,2012,2012_04_26,29,4774182555
05kmAP,2012,2012_04_27,29,4757053312
05kmAP,2012,2012_04_28,29,4774182519
05kmAP,2012,2012_04_29,29,4755611504
05kmAP,2012,2012_04_30,29,4641271538
05kmAP,2012,2012_05_01,29,4755611499
05kmAP,2012,2012_05_02,29,4774182553
05kmAP,2012,2012_05_03,28,4600472731
05kmAP,2012,2012_05_04,19,3113531108
05kmAP,2012,2012_05_05,29,4774182530
05kmAP,2012,2012_05_06,29,4752292764
05kmAP,2012,2012_05_07,29,4774182521
05kmAP,2012,2012_05_08,29,4755611496
05kmAP,2012,2012_05_09,27,4445465016
05kmAP,2012,2012_05_10,19,3112023798
05kmAP,2012,2012_05_11,30,4929255766
05kmAP,2012,2012_05_12,29,4772439024
05kmAP,2012,2012_05_13,29,4754104182
05kmAP,2012,2012_05_14,29,4772675181
05kmAP,2012,2012_05_15,29,4757118864
05kmAP,2012,2012_05_16,25,4118058167
05kmAP,2012,2012_05_22,9,1466362529
05kmAP,2012,2012_05_23,29,4773854872
05kmAP,2012,2012_05_24,29,4755152744
05kmAP,2012,2012_05_25,29,4773199491
05kmAP,2012,2012_05_26,29,4754759551
05kmAP,2012,2012_05_27,30,4928600428
05kmAP,2012,2012_05_28,29,4773789349
05kmAP,2012,2012_05_29,29,4754890622
05kmAP,2012,2012_05_30,29,4741321114
05kmAP,2012,2012_05_31,29,4537559955
05kmAP,2012,2012_06_01,29,4774706846
05kmAP,2012,2012_06_02,29,4753186724
05kmAP,2012,2012_06_03,29,4773199540
05kmAP,2012,2012_06_04,30,4928272797
05kmAP,2012,2012_06_05,29,4753186685
05kmAP,2012,2012_06_06,27,4444547499
05kmAP,2012,2012_06_07,19,3111433995
05kmAP,2012,2012_06_08,29,4773199548
05kmAP,2012,2012_06_09,29,4754694066
05kmAP,2012,2012_06_10,29,4773199571
05kmAP,2012,2012_06_11,29,4754694078
05kmAP,2012,2012_06_12,30,4926765466
05kmAP,2012,2012_06_13,29,4773199570
05kmAP,2012,2012_06_14,29,4754694070
05kmAP,2012,2012_06_15,29,4773199532
05kmAP,2012,2012_06_16,29,4754694069
05kmAP,2012,2012_06_17,29,4773199555
05kmAP,2012,2012_06_18,29,4752950587
05kmAP,2012,2012_06_19,29,4773199564
05kmAP,2012,2012_06_20,18,2957868101
05kmAP,2012,2012_06_21,29,4754694054
05kmAP,2012,2012_06_22,29,4773199579
05kmAP,2012,2012_06_23,29,4752950604
05kmAP,2012,2012_06_24,29,4773199571
05kmAP,2012,2012_06_25,29,4754694079
05kmAP,2012,2012_06_26,29,4773199587
05kmAP,2012,2012_06_27,29,4610046137
05kmAP,2012,2012_06_28,30,4928272758
05kmAP,2012,2012_06_29,29,4773199519
05kmAP,2012,2012_06_30,29,4749697300
05kmAP,2012,2012_07_01,29,4768137289
05kmAP,2012,2012_07_02,29,4753186731
05kmAP,2012,2012_07_03,29,4774706821
05kmAP,2012,2012_07_04,29,4756201336
05kmAP,2012,2012_07_05,29,4773199537
05kmAP,2012,2012_07_06,30,4926765383
05kmAP,2012,2012_07_07,29,4726433679
05kmAP,2012,2012_07_08,29,4771692167
05kmAP,2012,2012_07_09,29,4749697279
05kmAP,2012,2012_07_10,29,4769946280
05kmAP,2012,2012_07_11,29,4754694022
05kmAP,2012,2012_07_12,29,4771692179
05kmAP,2012,2012_07_13,18,2806650563
05kmAP,2012,2012_07_17,12,1971912032
05kmAP,2012,2012_07_18,10,1641752700
05kmAP,2012,2012_07_23,11,1798333273
05kmAP,2012,2012_07_24,29,4774706853
05kmAP,2012,2012_07_25,24,3942316730
05kmAP,2012,2012_07_28,28,4601128085
05kmAP,2012,2012_07_29,29,4754457839
05kmAP,2012,2012_07_30,30,4926526815
05kmAP,2012,2012_07_31,29,4593223142
05kmAP,2012,2012_08_01,29,4754694033
05kmAP,2012,2012_08_02,29,4771692160
05kmAP,2012,2012_08_03,29,4754693995
05kmAP,2012,2012_08_04,29,4774706840
05kmAP,2012,2012_08_05,29,4753186672
05kmAP,2012,2012_08_06,29,4774706825
05kmAP,2012,2012_08_07,30,4928272716
05kmAP,2012,2012_08_08,29,4753013639
05kmAP,2012,2012_08_09,29,4774968966
05kmAP,2012,2012_08_10,29,4754825036
05kmAP,2012,2012_08_11,29,4773527161
05kmAP,2012,2012_08_12,29,4753514374
05kmAP,2012,2012_08_13,29,4773723799
05kmAP,2012,2012_08_14,29,4755087227
05kmAP,2012,2012_08_15,30,4922557560
05kmAP,2012,2012_08_16,29,4773789321
05kmAP,2012,2012_08_17,29,4755480420
05kmAP,2012,2012_08_18,29,4775624350
05kmAP,2012,2012_08_19,29,4755611495
05kmAP,2012,2012_08_20,29,4775689857
05kmAP,2012,2012_08_21,29,4752164090
05kmAP,2012,2012_08_22,29,4774182541
05kmAP,2012,2012_08_23,30,4929255800
05kmAP,2012,2012_08_24,29,4733487944
05kmAP,2012,2012_08_25,29,4774182549
05kmAP,2012,2012_08_26,29,4753970685
05kmAP,2012,2012_08_27,29,4774182537
05kmAP,2012,2012_08_28,29,4755545992
05kmAP,2012,2012_08_29,29,4774182538
05kmAP,2012,2012_08_30,30,4824869716
05kmAP,2012,2012_08_31,29,4755611478
05kmAP,2012,2012_09_01,25,3961936356
05kmAP,2012,2012_09_02,29,4755611511
05kmAP,2012,2012_09_03,13,2144442211
05kmAP,2012,2012_09_05,10,1643587710
05kmAP,2012,2012_09_06,29,4744994724
05kmAP,2012,2012_09_07,29,4763631327
05kmAP,2012,2012_09_08,30,4915388246
05kmAP,2012,2012_09_09,29,4737153974
05kmAP,2012,2012_09_10,29,4754351143
05kmAP,2012,2012_09_11,29,4734207214
05kmAP,2012,2012_09_12,25,4081425195
05kmAP,2012,2012_09_13,19,3098392306
05kmAP,2012,2012_09_14,27,4427140890
05kmAP,2012,2012_09_15,2,242834554
05kmAP,2012,2012_09_16,26,4253496616
05kmAP,2012,2012_09_17,2,237772305
05kmAP,2012,2012_09_18,29,4734272745
05kmAP,2012,2012_09_19,29,4668334655
05kmAP,2012,2012_09_20,29,4673698523
05kmAP,2012,2012_09_21,29,4498073772
05kmAP,2012,2012_09_22,29,4734508913
05kmAP,2012,2012_09_23,30,4907615351
05kmAP,2012,2012_09_24,29,4753983881
05kmAP,2012,2012_09_25,29,4727637657
05kmAP,2012,2012_09_26,29,4756265245
05kmAP,2012,2012_09_27,29,4738834254
05kmAP,2012,2012_09_28,29,4760826750
05kmAP,2012,2012_09_29,29,4744576640
05kmAP,2012,2012_09_30,29,4769688843
05kmAP,2012,2012_10_01,28,4594064879
05kmAP,2012,2012_10_02,17,2782993272
05kmAP,2012,2012_10_03,29,4779520402
05kmAP,2012,2012_10_04,29,4757764108
05kmAP,2012,2012_10_05,29,4779520385
05kmAP,2012,2012_10_06,29,4757764090
05kmAP,2012,2012_10_07,29,4778078602
05kmAP,2012,2012_10_08,29,4755849951
05kmAP,2012,2012_10_09,30,4933086308
05kmAP,2012,2012_10_10,29,4779284224
05kmAP,2012,2012_10_11,29,4593857631
05kmAP,2012,2012_10_12,29,4779520380
05kmAP,2012,2012_10_13,29,4756322285
05kmAP,2012,2012_10_14,29,4779520400
05kmAP,2012,2012_10_15,29,4757764088
05kmAP,2012,2012_10_16,29,4779520397
05kmAP,2012,2012_10_17,30,4929664875
05kmAP,2012,2012_10_18,29,4757764061
05kmAP,2012,2012_10_19,29,4776030995
05kmAP,2012,2012_10_20,29,4755784456
05kmAP,2012,2012_10_21,29,4777606268
05kmAP,2012,2012_10_22,29,4757291748
05kmAP,2012,2012_10_23,29,4777133975
05kmAP,2012,2012_10_24,30,4930960914
05kmAP,2012,2012_10_25,29,4607739954
05kmAP,2012,2012_10_26,29,4774275260
05kmAP,2012,2012_10_27,29,4755874823
05kmAP,2012,2012_10_28,29,4777631142
05kmAP,2012,2012_10_29,29,4753488401
05kmAP,2012,2012_10_30,29,4777867267
05kmAP,2012,2012_10_31,29,4637573110
05kmAP,2012,2012_11_01,27,4446592713
05kmAP,2012,2012_11_02,26,4271506598
05kmAP,2012,2012_11_03,29,4755402459
05kmAP,2012,2012_11_04,29,4776686470
05kmAP,2012,2012_11_05,29,4755166299
05kmAP,2012,2012_11_06,29,4776922638
05kmAP,2012,2012_11_07,29,4755166301
05kmAP,2012,2012_11_08,29,4775953174
05kmAP,2012,2012_11_09,18,2955692926
05kmAP,2012,2012_11_10,29,4755166339
05kmAP,2012,2012_11_11,29,4777394974
05kmAP,2012,2012_11_12,29,4755166276
05kmAP,2012,2012_11_13,29,4777631110
05kmAP,2012,2012_11_14,29,4748832911
05kmAP,2012,2012_11_15,29,4777631124
05kmAP,2012,2012_11_16,29,4744374084
05kmAP,2012,2012_11_17,30,4926502028
05kmAP,2012,2012_11_18,29,4776661656
05kmAP,2012,2012_11_19,29,4756583291
05kmAP,2012,2012_11_20,29,4777370145
05kmAP,2012,2012_11_21,28,4603725855
05kmAP,2012,2012_11_22,29,4777842458
05kmAP,2012,2012_11_23,29,4756086074
05kmAP,2012,2012_11_24,29,4778078627
05kmAP,2012,2012_11_25,30,4929966566
05kmAP,2012,2012_11_26,29,4758000221
05kmAP,2012,2012_11_27,29,4779756565
05kmAP,2012,2012_11_28,29,4756322273
05kmAP,2012,2012_11_29,29,4778078592
05kmAP,2012,2012_11_30,29,4756322258
05kmAP,2012,2012_12_01,29,4778078606
05kmAP,2012,2012_12_02,29,4756322249
05kmAP,2012,2012_12_03,30,4933086300
05kmAP,2012,2012_12_04,29,4778078631
05kmAP,2012,2012_12_05,29,4756322263
05kmAP,2012,2012_12_06,29,4778078595
05kmAP,2012,2012_12_07,29,4758000253
05kmAP,2012,2012_12_08,29,4778078582
05kmAP,2012,2012_12_09,29,4748006783
05kmAP,2012,2012_12_10,29,4774657135
05kmAP,2012,2012_12_11,30,4918030677
05kmAP,2012,2012_12_12,28,4431167893
05kmAP,2012,2012_12_13,18,2958315530
05kmAP,2012,2012_12_14,29,4703575524
05kmAP,2012,2012_12_15,29,4754405807
05kmAP,2012,2012_12_16,29,4577065905
05kmAP,2012,2012_12_17,29,4762920255
05kmAP,2012,2012_12_18,29,4742634106
05kmAP,2012,2012_12_19,30,4897775340
05kmAP,2012,2012_12_20,29,4747659240
05kmAP,2012,2012_12_21,29,4654731914
05kmAP,2012,2012_12_22,27,4302711190
05kmAP,2012,2012_12_23,29,4737628661
05kmAP,2012,2012_12_24,29,4759555605
05kmAP,2012,2012_12_25,29,4734443364
05kmAP,2012,2012_12_26,29,4754521725
05kmAP,2012,2012_12_27,30,4908087662
05kmAP,2012,2012_12_28,29,4734272725
05kmAP,2012,2012_12_29,29,4754521780
05kmAP,2012,2012_12_30,29,4724318834
05kmAP,2012,2012_12_31,29,4700517124
05kmAP,2013,2013_01_01,29,4726062371
05kmAP,2013,2013_01_02,29,4754587286
05kmAP,2013,2013_01_03,24,3827130779
05kmAP,2013,2013_01_07,6,981630630
05kmAP,2013,2013_01_08,29,4727567308
05kmAP,2013,2013_01_09,29,4754521738
05kmAP,2013,2013_01_10,29,4734443330
05kmAP,2013,2013_01_11,29,4754521735
05kmAP,2013,2013_01_12,17,2609540145
05kmAP,2013,2013_01_13,29,4734272741
05kmAP,2013,2013_01_14,29,4754521744
05kmAP,2013,2013_01_15,29,4734443372
05kmAP,2013,2013_01_16,23,3764444567
05kmAP,2013,2013_01_17,17,2771182098
05kmAP,2013,2013_01_18,29,4754521745
05kmAP,2013,2013_01_19,29,4735950685
05kmAP,2013,2013_01_20,30,4909424351
05kmAP,2013,2013_01_21,18,2944590216
05kmAP,2013,2013_01_22,11,1794138932
05kmAP,2013,2013_01_23,29,4760551041
05kmAP,2013,2013_01_24,29,4737287407
05kmAP,2013,2013_01_25,29,4760551077
05kmAP,2013,2013_01_26,29,4741980014
05kmAP,2013,2013_01_27,29,4756094571
05kmAP,2013,2013_01_28,30,4918638979
05kmAP,2013,2013_01_29,29,4582766191
05kmAP,2013,2013_01_30,29,4769595038
05kmAP,2013,2013_01_31,29,4735780044
05kmAP,2013,2013_02_01,29,4612348261
05kmAP,2013,2013_02_02,29,4738558579
05kmAP,2013,2013_02_03,29,4772675245
05kmAP,2013,2013_02_04,29,4755611463
05kmAP,2013,2013_02_05,29,4766645921
05kmAP,2013,2013_02_06,30,4641170557
05kmAP,2013,2013_02_07,29,4748074842
05kmAP,2013,2013_02_08,29,4765138550
05kmAP,2013,2013_02_09,29,4755375331
05kmAP,2013,2013_02_10,29,4772675210
05kmAP,2013,2013_02_11,29,4752596836
05kmAP,2013,2013_02_12,29,4771167880
05kmAP,2013,2013_02_13,30,4927512339
05kmAP,2013,2013_02_14,29,4755611506
05kmAP,2013,2013_02_15,29,4765869508
05kmAP,2013,2013_02_16,29,4710198358
05kmAP,2013,2013_02_17,29,4755677085
05kmAP,2013,2013_02_18,29,4412449018
05kmAP,2013,2013_02_19,29,4774182565
05kmAP,2013,2013_02_20,29,4755611493
05kmAP,2013,2013_02_21,29,4774182553
05kmAP,2013,2013_02_22,30,4929255805
05kmAP,2013,2013_02_23,29,4755545944
05kmAP,2013,2013_02_24,29,4774182531
05kmAP,2013,2013_02_25,29,4753800048
05kmAP,2013,2013_02_26,29,4705161857
05kmAP,2013,2013_02_27,29,4694735643
05kmAP,2013,2013_02_28,29,4773880858
05kmAP,2013,2013_03_01,29,4755611517
05kmAP,2013,2013_03_02,30,4929255793
05kmAP,2013,2013_03_03,29,4774182538
05kmAP,2013,2013_03_04,29,4757118819
05kmAP,2013,2013_03_05,29,4774182529
05kmAP,2013,2013_03_06,29,4755611482
05kmAP,2013,2013_03_07,29,4774117024
05kmAP,2013,2013_03_08,29,4639525638
05kmAP,2013,2013_03_09,29,4774182522
05kmAP,2013,2013_03_10,30,4929255781
05kmAP,2013,2013_03_11,29,4755611520
05kmAP,2013,2013_03_12,29,4772609704
05kmAP,2013,2013_03_13,29,4755611502
05kmAP,2013,2013_03_14,29,4774182550
05kmAP,2013,2013_03_15,29,4735296993
05kmAP,2013,2013_03_16,29,4775624334
05kmAP,2013,2013_03_17,29,4757118830
05kmAP,2013,2013_03_18,30,4927512309
05kmAP,2013,2013_03_19,27,4445464995
05kmAP,2013,2013_03_21,12,1932150941
05kmAP,2013,2013_03_22,29,4755611496
05kmAP,2013,2013_03_23,29,4774182578
05kmAP,2013,2013_03_24,29,4755611475
05kmAP,2013,2013_03_25,29,4774182556
05kmAP,2013,2013_03_26,30,4929255783
05kmAP,2013,2013_03_27,29,4617703799
05kmAP,2013,2013_03_28,29,4774182541
05kmAP,2013,2013_03_29,29,4754038651
05kmAP,2013,2013_03_30,29,4681661997
05kmAP,2013,2013_03_31,29,4753802517
05kmAP,2013,2013_04_01,29,4775624406
05kmAP,2013,2013_04_02,29,4755611553
05kmAP,2013,2013_04_03,29,4775689916
05kmAP,2013,2013_04_04,30,4929255901
05kmAP,2013,2013_04_05,29,4755611576
05kmAP,2013,2013_04_06,29,4775624344
05kmAP,2013,2013_04_07,29,4753802544
05kmAP,2013,2013_04_08,29,4774182502
05kmAP,2013,2013_04_09,26,4271820730
05kmAP,2013,2013_04_16,15,2456096027
05kmAP,2013,2013_04_17,29,4775689838
05kmAP,2013,2013_04_18,29,4752059025
05kmAP,2013,2013_04_19,29,4772675194
05kmAP,2013,2013_04_20,30,4929255829
05kmAP,2013,2013_04_21,29,4755611487
05kmAP,2013,2013_04_22,29,4774182534
05kmAP,2013,2013_04_23,29,4755611485
05kmAP,2013,2013_04_24,25,4116747471
05kmAP,2013,2013_04_25,3,402970056
05kmAP,2013,2013_04_26,29,4774182530
05kmAP,2013,2013_04_27,29,4757118849
05kmAP,2013,2013_04_28,30,4929255777
05kmAP,2013,2013_04_29,29,4774182571
05kmAP,2013,2013_04_30,29,4755611525
05kmAP,2013,2013_05_01,29,4625914206
05kmAP,2013,2013_05_02,29,4755611501
05kmAP,2013,2013_05_03,29,4775624332
05kmAP,2013,2013_05_04,29,4158692209
05kmAP,2013,2013_05_05,29,4774182543
05kmAP,2013,2013_05_06,24,3932978687
05kmAP,2013,2013_05_07,17,2784813564
05kmAP,2013,2013_05_08,29,4774182550
05kmAP,2013,2013_05_09,29,4642844428
05kmAP,2013,2013_05_10,29,4774182555
05kmAP,2013,2013_05_11,29,4754104178
05kmAP,2013,2013_05_12,29,4774182568
05kmAP,2013,2013_05_13,29,4755611503
05kmAP,2013,2013_05_14,30,4929255748
05kmAP,2013,2013_05_15,15,2473159741
05kmAP,2013,2013_05_21,4,657369544
05kmAP,2013,2013_05_28,10,1643325561
05kmAP,2013,2013_05_29,29,4751508703
05kmAP,2013,2013_05_30,30,4928272785
05kmAP,2013,2013_05_31,29,4774903419
05kmAP,2013,2013_06_01,29,4749697311
05kmAP,2013,2013_06_02,29,4774706851
05kmAP,2013,2013_06_03,29,4754694025
05kmAP,2013,2013_06_04,29,4773199508
05kmAP,2013,2013_06_05,29,4756201333
05kmAP,2013,2013_06_06,29,4769707756
05kmAP,2013,2013_06_07,30,4929780103
05kmAP,2013,2013_06_08,29,4752950513
05kmAP,2013,2013_06_09,29,4773199569
05kmAP,2013,2013_06_10,29,4749931151
05kmAP,2013,2013_06_11,27,4444547560
05kmAP,2013,2013_06_12,17,2782782013
05kmAP,2013,2013_06_13,29,4769948741
05kmAP,2013,2013_06_14,29,4752950600
05kmAP,2013,2013_06_15,29,4774706914
05kmAP,2013,2013_06_16,28,4599620786
05kmAP,2013,2013_06_17,1,155073261
05kmAP,2013,2013_06_18,29,4773197142
05kmAP,2013,2013_06_19,29,4756201400
05kmAP,2013,2013_06_20,29,4774706880
05kmAP,2013,2013_06_21,29,4753186706
05kmAP,2013,2013_06_22,29,4744632716
05kmAP,2013,2013_06_23,30,4928272814
05kmAP,2013,2013_06_24,29,4744871242
05kmAP,2013,2013_06_25,25,4115895533
05kmAP,2013,2013_06_26,3,483725257
05kmAP,2013,2013_06_27,29,4774706899
05kmAP,2013,2013_06_28,29,4754694061
05kmAP,2013,2013_06_29,29,4773199521
05kmAP,2013,2013_06_30,29,4754694039
05kmAP,2013,2013_07_01,29,4773199499
05kmAP,2013,2013_07_02,30,4928272780
05kmAP,2013,2013_07_03,29,4754694033
05kmAP,2013,2013_07_04,29,4719496869
05kmAP,2013,2013_07_05,29,4754694031
05kmAP,2013,2013_07_06,29,4773199506
05kmAP,2013,2013_07_07,29,4754694037
05kmAP,2013,2013_07_08,29,4773199488
05kmAP,2013,2013_07_09,30,4928272769
05kmAP,2013,2013_07_10,29,4751443173
05kmAP,2013,2013_07_11,29,4773199522
05kmAP,2013,2013_07_12,29,4645481825
05kmAP,2013,2013_07_13,29,4773199516
05kmAP,2013,2013_07_14,29,4754694029
05kmAP,2013,2013_07_15,29,4773199496
05kmAP,2013,2013_07_16,29,4754694013
05kmAP,2013,2013_07_17,30,4928272710
05kmAP,2013,2013_07_18,29,4774706789
05kmAP,2013,2013_07_19,29,4756201336
05kmAP,2013,2013_07_20,29,4773199471
05kmAP,2013,2013_07_21,29,4754693994
05kmAP,2013,2013_07_22,29,4774706787
05kmAP,2013,2013_07_23,29,4754694003
05kmAP,2013,2013_07_24,29,4774706809
05kmAP,2013,2013_07_25,30,4891500338
05kmAP,2013,2013_07_26,29,4754693999
05kmAP,2013,2013_07_27,29,4773199503
05kmAP,2013,2013_07_28,29,4744871188
05kmAP,2013,2013_07_29,29,4774706846
05kmAP,2013,2013_07_30,28,4547664002
05kmAP,2013,2013_07_31,16,2627472556
05kmAP,2013,2013_08_01,29,4601901316
05kmAP,2013,2013_08_02,30,4928272763
05kmAP,2013,2013_08_03,29,4773199499
05kmAP,2013,2013_08_04,29,4753186680
05kmAP,2013,2013_08_05,29,4773199483
05kmAP,2013,2013_08_06,29,4754693995
05kmAP,2013,2013_08_07,29,4774706831
05kmAP,2013,2013_08_08,29,4746680252
05kmAP,2013,2013_08_09,29,4773396112
05kmAP,2013,2013_08_10,30,4926962035
05kmAP,2013,2013_08_11,29,4751901940
05kmAP,2013,2013_08_12,29,4775034513
05kmAP,2013,2013_08_13,29,4482787167
05kmAP,2013,2013_08_14,29,4773592739
05kmAP,2013,2013_08_15,29,4755346977
05kmAP,2013,2013_08_16,29,4770732693
05kmAP,2013,2013_08_17,29,4753973108
05kmAP,2013,2013_08_18,30,4929255702
05kmAP,2013,2013_08_19,29,4775624321
05kmAP,2013,2013_08_20,29,4757053230
05kmAP,2013,2013_08_21,29,4774182587
05kmAP,2013,2013_08_22,29,4525183529
05kmAP,2013,2013_08_23,29,4775624304
05kmAP,2013,2013_08_24,29,4752295187
05kmAP,2013,2013_08_25,29,4765904185
05kmAP,2013,2013_08_26,30,4929190274
05kmAP,2013,2013_08_27,29,4755611495
05kmAP,2013,2013_08_28,28,4485959745
05kmAP,2013,2013_08_29,29,4755611522
05kmAP,2013,2013_08_30,29,4774182507
05kmAP,2013,2013_08_31,29,4757118835
05kmAP,2013,2013_09_01,29,4775689889
05kmAP,2013,2013_09_02,30,4927748491
05kmAP,2013,2013_09_03,29,4728963547
05kmAP,2013,2013_09_04,29,4771167894
05kmAP,2013,2013_09_05,29,4748074891
05kmAP,2013,2013_09_06,29,4766645941
05kmAP,2013,2013_09_07,29,4741743926
05kmAP,2013,2013_09_08,29,4762058464
05kmAP,2013,2013_09_09,29,4735543950
05kmAP,2013,2013_09_10,29,4754587309
05kmAP,2013,2013_09_11,30,4908153225
05kmAP,2013,2013_09_12,29,4628140757
05kmAP,2013,2013_09_13,29,4754351080
05kmAP,2013,2013_09_14,29,4734272746
05kmAP,2013,2013_09_15,29,4754285595
05kmAP,2013,2013_09_16,29,4734272738
05kmAP,2013,2013_09_17,28,4577322565
05kmAP,2013,2013_09_18,28,4580706831
05kmAP,2013,2013_09_19,16,2617681704
05kmAP,2013,2013_09_20,2,232710056
05kmAP,2013,2013_09_21,29,4734272762
05kmAP,2013,2013_09_22,29,4599379712
05kmAP,2013,2013_09_23,24,3916267010
05kmAP,2013,2013_09_24,18,2944826361
05kmAP,2013,2013_09_25,29,4734036619
05kmAP,2013,2013_09_26,30,4907680860
05kmAP,2013,2013_09_27,29,4757707031
05kmAP,2013,2013_09_28,29,4722584126
05kmAP,2013,2013_09_29,29,4766267406
05kmAP,2013,2013_09_30,10,1639407003
05kmAP,2013,2013_10_03,8,1315552642
05kmAP,2013,2013_10_04,30,4931277275
05kmAP,2013,2013_10_05,29,4757527927
05kmAP,2013,2013_10_06,29,4779520403
05kmAP,2013,2013_10_07,29,4757527915
05kmAP,2013,2013_10_08,29,4779520379
05kmAP,2013,2013_10_09,29,4757764107
05kmAP,2013,2013_10_10,29,4778078564
05kmAP,2013,2013_10_11,29,4757764093
05kmAP,2013,2013_10_12,30,4933086315
05kmAP,2013,2013_10_13,29,4779520415
05kmAP,2013,2013_10_14,29,4757764080
05kmAP,2013,2013_10_15,29,4777842419
05kmAP,2013,2013_10_16,29,4755849998
05kmAP,2013,2013_10_17,29,4747875740
05kmAP,2013,2013_10_18,29,4756086140
05kmAP,2013,2013_10_19,29,4779756561
05kmAP,2013,2013_10_20,30,4932850188
05kmAP,2013,2013_10_21,29,4757055564
05kmAP,2013,2013_10_22,29,4779048078
05kmAP,2013,2013_10_23,29,4756583276
05kmAP,2013,2013_10_24,29,4776897825
05kmAP,2013,2013_10_25,29,4753960743
05kmAP,2013,2013_10_26,7,1159836487
05kmAP,2013,2013_10_27,27,4054824945
05kmAP,2013,2013_10_28,28,4602545052
05kmAP,2013,2013_10_29,16,2593283184
05kmAP,2013,2013_10_30,20,3286022910
05kmAP,2013,2013_11_01,19,3111670129
05kmAP,2013,2013_11_02,29,4598477401
05kmAP,2013,2013_11_03,29,4652245606
05kmAP,2013,2013_11_04,29,4774983679
05kmAP,2013,2013_11_05,28,4482867118
05kmAP,2013,2013_11_06,29,4754457832
05kmAP,2013,2013_11_07,29,4444179771
05kmAP,2013,2013_11_08,29,4753252218
05kmAP,2013,2013_11_09,29,4729294842
05kmAP,2013,2013_11_10,29,4750408156
05kmAP,2013,2013_11_11,29,4767873854
05kmAP,2013,2013_11_12,29,4579908787
05kmAP,2013,2013_11_13,29,4750709871
05kmAP,2013,2013_11_14,29,4670856206
05kmAP,2013,2013_11_15,29,4754196842
05kmAP,2013,2013_11_16,29,4775480835
05kmAP,2013,2013_11_17,29,4756110967
05kmAP,2013,2013_11_18,29,4774681978
05kmAP,2013,2013_11_19,29,4754433015
05kmAP,2013,2013_11_20,30,4931669291
05kmAP,2013,2013_11_21,29,4775456034
05kmAP,2013,2013_11_22,29,4755613774
05kmAP,2013,2013_11_23,29,4777606294
05kmAP,2013,2013_11_24,29,4756322282
05kmAP,2013,2013_11_25,29,4777842452
05kmAP,2013,2013_11_26,15,2236208950
05kmAP,2013,2013_11_27,18,2958079387
05kmAP,2013,2013_11_28,30,4889639226
05kmAP,2013,2013_11_29,29,4712271801
05kmAP,2013,2013_11_30,29,4778078618
05kmAP,2013,2013_12_01,29,4756322289
05kmAP,2013,2013_12_02,29,4778078592
05kmAP,2013,2013_12_03,29,4756086119
05kmAP,2013,2013_12_04,29,4778078618
05kmAP,2013,2013_12_05,29,4757764113
05kmAP,2013,2013_12_06,30,4931644504
05kmAP,2013,2013_12_07,29,4776400674
05kmAP,2013,2013_12_08,29,4756322282
05kmAP,2013,2013_12_09,29,4774722710
05kmAP,2013,2013_12_10,29,4718974865
05kmAP,2013,2013_12_11,29,4778078586
05kmAP,2013,2013_12_12,29,4756322295
05kmAP,2013,2013_12_13,29,4779756563
05kmAP,2013,2013_12_14,30,4929966587
05kmAP,2013,2013_12_15,29,4757764061
05kmAP,2013,2013_12_16,29,4773081893
05kmAP,2013,2013_12_17,29,4756086103
05kmAP,2013,2013_12_18,29,4768010883
05kmAP,2013,2013_12_19,29,4744445574
05kmAP,2013,2013_12_20,29,4771366792
05kmAP,2013,2013_12_21,29,4746189028
05kmAP,2013,2013_12_22,30,4923018583
05kmAP,2013,2013_12_23,29,4762845994
05kmAP,2013,2013_12_24,29,4737799258
05kmAP,2013,2013_12_25,29,4754390687
05kmAP,2013,2013_12_26,29,4734443390
05kmAP,2013,2013_12_27,29,4729144936
05kmAP,2013,2013_12_28,29,4634986017
05kmAP,2013,2013_12_29,29,4754456219
05kmAP,2013,2013_12_30,30,4908022136
05kmAP,2013,2013_12_31,29,4734272755
05kmAP,2014,2014_01_01,29,4754456201
05kmAP,2014,2014_01_02,28,4580877448
05kmAP,2014,2014_01_03,16,2617616160
05kmAP,2014,2014_01_04,5,673226783
05kmAP,2014,2014_01_05,27,4427140903
05kmAP,2014,2014_01_14,8,1308840842
05kmAP,2014,2014_01_15,30,4907851487
05kmAP,2014,2014_01_16,29,4734272775
05kmAP,2014,2014_01_17,29,4754390673
05kmAP,2014,2014_01_18,29,4734272747
05kmAP,2014,2014_01_19,29,4754521746
05kmAP,2014,2014_01_20,29,4682077429
05kmAP,2014,2014_01_21,29,4754521753
05kmAP,2014,2014_01_22,29,4548057763
05kmAP,2014,2014_01_23,29,4641584012
05kmAP,2014,2014_01_24,30,4910866137
05kmAP,2014,2014_01_25,29,4735780045
05kmAP,2014,2014_01_26,29,4758873082
05kmAP,2014,2014_01_27,29,4523791851
05kmAP,2014,2014_01_28,27,4325395266
05kmAP,2014,2014_01_29,29,4742045522
05kmAP,2014,2014_01_30,29,4760551059
05kmAP,2014,2014_01_31,30,4915453678
05kmAP,2014,2014_02_01,29,4743316726
05kmAP,2014,2014_02_02,29,4760616605
05kmAP,2014,2014_02_03,29,4742045540
05kmAP,2014,2014_02_04,29,4647241290
05kmAP,2014,2014_02_05,29,4741809404
05kmAP,2014,2014_02_06,29,4768087693
05kmAP,2014,2014_02_07,29,4747838702
05kmAP,2014,2014_02_08,29,4765138591
05kmAP,2014,2014_02_09,30,4923226456
05kmAP,2014,2014_02_10,29,4747838687
05kmAP,2014,2014_02_11,29,4766645892
05kmAP,2014,2014_02_12,29,4750853371
05kmAP,2014,2014_02_13,29,4766645944
05kmAP,2014,2014_02_14,29,4604263021
05kmAP,2014,2014_02_15,29,4772544201
05kmAP,2014,2014_02_16,30,4927748474
05kmAP,2014,2014_02_17,24,3931641990
05kmAP,2014,2014_02_18,18,2958457876
05kmAP,2014,2014_02_19,29,4755611536
05kmAP,2014,2014_02_20,15,2473159779
05kmAP,2014,2014_02_24,6,986152622
05kmAP,2014,2014_03_03,4,657435078
05kmAP,2014,2014_03_04,29,4754038637
05kmAP,2014,2014_03_05,30,4929255814
05kmAP,2014,2014_03_06,29,4774117044
05kmAP,2014,2014_03_07,29,4755611488
05kmAP,2014,2014_03_08,29,4774182526
05kmAP,2014,2014_03_09,29,4754104157
05kmAP,2014,2014_03_10,27,4446972324
05kmAP,2014,2014_03_11,17,2784748041
05kmAP,2014,2014_03_12,29,4774182564
05kmAP,2014,2014_03_13,18,2958392316
05kmAP,2014,2014_03_14,29,4754104160
05kmAP,2014,2014_03_15,29,4684978415
05kmAP,2014,2014_03_16,27,4408456422
05kmAP,2014,2014_03_17,29,4772439023
05kmAP,2014,2014_03_18,29,4723429000
05kmAP,2014,2014_03_19,29,4775689873
05kmAP,2014,2014_03_20,29,4753868003
05kmAP,2014,2014_03_21,29,4774182517
05kmAP,2014,2014_03_22,30,4929255810
05kmAP,2014,2014_03_23,29,4750717444
05kmAP,2014,2014_03_24,29,4774182554
05kmAP,2014,2014_03_25,29,4755611480
05kmAP,2014,2014_03_26,29,4774182551
05kmAP,2014,2014_03_27,29,4630910887
05kmAP,2014,2014_03_28,29,4775689838
05kmAP,2014,2014_03_29,30,4927682943
05kmAP,2014,2014_03_30,29,4755611491
05kmAP,2014,2014_03_31,27,4445465014
05kmAP,2014,2014_04_01,17,2783240722
05kmAP,2014,2014_04_02,29,4774117059
05kmAP,2014,2014_04_03,18,2016393613
05kmAP,2014,2014_04_04,16,2628233038
05kmAP,2014,2014_04_05,29,4755611572
05kmAP,2014,2014_04_06,29,4769120347
05kmAP,2014,2014_04_07,30,4927748503
05kmAP,2014,2014_04_08,29,4755611517
05kmAP,2014,2014_04_09,29,4775624313
05kmAP,2014,2014_04_10,29,4753973110
05kmAP,2014,2014_04_11,29,4775689855
05kmAP,2014,2014_04_12,29,4754038636
05kmAP,2014,2014_04_13,29,4755375314
05kmAP,2014,2014_04_14,30,4929255824
05kmAP,2014,2014_04_15,29,4755611487
05kmAP,2014,2014_04_16,29,4774182528
05kmAP,2014,2014_04_17,29,4755611493
05kmAP,2014,2014_04_18,29,4774182550
05kmAP,2014,2014_04_19,8,1276354243
05kmAP,2014,2014_04_22,10,1518887105
05kmAP,2014,2014_04_23,28,4600538255
05kmAP,2014,2014_04_24,17,2717602161
05kmAP,2014,2014_04_25,29,4772371103
05kmAP,2014,2014_04_26,29,4710027714
05kmAP,2014,2014_04_27,29,4774182561
05kmAP,2014,2014_04_28,29,4755611505
05kmAP,2014,2014_04_29,29,4775624337
05kmAP,2014,2014_04_30,29,4755611493
05kmAP,2014,2014_05_01,30,4930763120
05kmAP,2014,2014_05_02,29,4775689883
05kmAP,2014,2014_05_03,29,4755611491
05kmAP,2014,2014_05_04,29,4769120247
05kmAP,2014,2014_05_05,29,4754104176
05kmAP,2014,2014_05_06,29,4775624272
05kmAP,2014,2014_05_07,29,4755611481
05kmAP,2014,2014_05_08,29,4774182542
05kmAP,2014,2014_05_09,26,4211246817
05kmAP,2014,2014_05_10,29,4488239968
05kmAP,2014,2014_05_11,29,4775493259
05kmAP,2014,2014_05_12,29,4753868040
05kmAP,2014,2014_05_13,29,4774182568
05kmAP,2014,2014_05_14,29,4755545968
05kmAP,2014,2014_05_15,29,4772675196
05kmAP,2014,2014_05_16,29,4755611518
05kmAP,2014,2014_05_17,30,4929124735
05kmAP,2014,2014_05_18,29,4773985924
05kmAP,2014,2014_05_19,29,4755480458
05kmAP,2014,2014_05_20,29,4702786559
05kmAP,2014,2014_05_21,28,4447417809
05kmAP,2014,2014_05_22,29,4774051482
05kmAP,2014,2014_05_23,29,4754825064
05kmAP,2014,2014_05_24,29,4773265048
05kmAP,2014,2014_05_25,30,4928338291
05kmAP,2014,2014_05_26,29,4754693990
05kmAP,2014,2014_05_27,29,4773199493
05kmAP,2014,2014_05_28,29,4754759524
05kmAP,2014,2014_05_29,29,4773658286
05kmAP,2014,2014_05_30,29,4756332427
05kmAP,2014,2014_05_31,29,4773199511
05kmAP,2014,2014_06_01,29,4753186689
05kmAP,2014,2014_06_02,30,4928272765
05kmAP,2014,2014_06_03,29,4773199507
05kmAP,2014,2014_06_04,29,4754694020
05kmAP,2014,2014_06_05,29,4657415403
05kmAP,2014,2014_06_06,29,4748124431
05kmAP,2014,2014_06_07,29,4773199538
05kmAP,2014,2014_06_08,29,4754694043
05kmAP,2014,2014_06_09,29,4621916548
05kmAP,2014,2014_06_10,24,3932257843
05kmAP,2014,2014_06_11,17,2782782012
05kmAP,2014,2014_06_12,29,4771453663
05kmAP,2014,2014_06_13,29,4721135269
05kmAP,2014,2014_06_14,29,4773199572
05kmAP,2014,2014_06_15,29,4754694048
05kmAP,2014,2014_06_16,29,4773199556
05kmAP,2014,2014_06_17,29,4754694053
05kmAP,2014,2014_06_18,29,4774706890
05kmAP,2014,2014_06_19,30,4928272805
05kmAP,2014,2014_06_20,29,4754694055
05kmAP,2014,2014_06_21,25,4115895520
05kmAP,2014,2014_06_22,3,374274534
05kmAP,2014,2014_06_23,29,4773199531
05kmAP,2014,2014_06_24,29,4754694068
05kmAP,2014,2014_06_25,29,4774706895
05kmAP,2014,2014_06_26,30,4928272812
05kmAP,2014,2014_06_27,29,4754694064
05kmAP,2014,2014_06_28,29,4773199562
05kmAP,2014,2014_06_29,29,4754694021
05kmAP,2014,2014_06_30,29,4773199488
05kmAP,2014,2014_07_01,19,3112941306
05kmAP,2014,2014_07_02,10,1643260050
05kmAP,2014,2014_07_03,29,4754694022
05kmAP,2014,2014_07_04,30,4928272806
05kmAP,2014,2014_07_05,29,4773199521
05kmAP,2014,2014_07_06,29,4754694040
05kmAP,2014,2014_07_07,29,4773199518
05kmAP,2014,2014_07_08,21,3441593300
05kmAP,2014,2014_07_09,29,4615108340
05kmAP,2014,2014_07_10,26,4264160622
05kmAP,2014,2014_07_11,2,327144675
05kmAP,2014,2014_07_12,30,4926765419
05kmAP,2014,2014_07_13,29,4749631744
05kmAP,2014,2014_07_14,29,4652116895
05kmAP,2014,2014_07_15,1,155073249
05kmAP,2014,2014_07_16,29,4773199503
05kmAP,2014,2014_07_17,28,4601128075
05kmAP,2014,2014_07_18,29,4771689735
05kmAP,2014,2014_07_19,29,4752950500
05kmAP,2014,2014_07_20,30,4929780057
05kmAP,2014,2014_07_21,29,4774706842
05kmAP,2014,2014_07_22,29,4746378557
05kmAP,2014,2014_07_23,27,4444547492
05kmAP,2014,2014_07_24,17,2784289324
05kmAP,2014,2014_07_25,29,4773199514
05kmAP,2014,2014_07_26,29,4754693971
05kmAP,2014,2014_07_27,29,4769946264
05kmAP,2014,2014_07_28,30,4928272744
05kmAP,2014,2014_07_29,29,4752950501
05kmAP,2014,2014_07_30,27,4444547485
05kmAP,2014,2014_07_31,18,2526270963
05kmAP,2014,2014_08_01,29,4771453623
05kmAP,2014,2014_08_02,29,4756201319
05kmAP,2014,2014_08_03,29,4773197075
05kmAP,2014,2014_08_04,29,4754694017
05kmAP,2014,2014_08_05,30,4928272753
05kmAP,2014,2014_08_06,29,4773199471
05kmAP,2014,2014_08_07,29,4756201307
05kmAP,2014,2014_08_08,29,4670622411
05kmAP,2014,2014_08_09,29,4749999000
05kmAP,2014,2014_08_10,29,4773461632
05kmAP,2014,2014_08_11,29,4748318610
05kmAP,2014,2014_08_12,29,4773461649
05kmAP,2014,2014_08_13,30,4927093123
05kmAP,2014,2014_08_14,29,4753474802
05kmAP,2014,2014_08_15,29,4775362175
05kmAP,2014,2014_08_16,29,4743481362
05kmAP,2014,2014_08_17,25,4116747452
05kmAP,2014,2014_08_18,19,3098449463
05kmAP,2014,2014_08_19,29,4775689881
05kmAP,2014,2014_08_20,28,4600538236
05kmAP,2014,2014_08_21,5,807446092
05kmAP,2014,2014_08_22,29,4775624336
05kmAP,2014,2014_08_23,29,4757053302
05kmAP,2014,2014_08_24,29,4772439082
05kmAP,2014,2014_08_25,29,4753736960
05kmAP,2014,2014_08_26,29,4770798236
05kmAP,2014,2014_08_27,29,4754104169
05kmAP,2014,2014_08_28,29,4774116983
05kmAP,2014,2014_08_29,28,4279096862
05kmAP,2014,2014_08_30,22,3602753821
05kmAP,2014,2014_08_31,28,4601980035
05kmAP,2014,2014_09_01,29,4104182015
05kmAP,2014,2014_09_02,29,4775624324
05kmAP,2014,2014_09_03,29,4755611492
05kmAP,2014,2014_09_04,29,4769660518
05kmAP,2014,2014_09_05,30,4924733877
05kmAP,2014,2014_09_06,29,4749582248
05kmAP,2014,2014_09_07,29,4762123969
05kmAP,2014,2014_09_08,29,4741914581
05kmAP,2014,2014_09_09,23,3774398499
05kmAP,2014,2014_09_10,16,2487850929
05kmAP,2014,2014_09_11,11,1809459182
05kmAP,2014,2014_09_15,13,1995311885
05kmAP,2014,2014_09_16,29,4754587265
05kmAP,2014,2014_09_17,29,4734508894
05kmAP,2014,2014_09_18,29,4586175037
05kmAP,2014,2014_09_19,29,4582383923
05kmAP,2014,2014_09_20,29,4748856058
05kmAP,2014,2014_09_21,28,4528511506
05kmAP,2014,2014_09_22,29,4665081397
05kmAP,2014,2014_09_23,29,4754390653
05kmAP,2014,2014_09_24,29,4734443388
05kmAP,2014,2014_09_25,29,4754521774
05kmAP,2014,2014_09_26,29,4734443315
05kmAP,2014,2014_09_27,29,4757877631
05kmAP,2014,2014_09_28,29,4705918466
05kmAP,2014,2014_09_29,30,4914865005
05kmAP,2014,2014_09_30,29,4765558945
05kmAP,2014,2014_10_01,29,4751288415
05kmAP,2014,2014_10_02,29,4771130633
05kmAP,2014,2014_10_03,29,4747363875
05kmAP,2014,2014_10_04,29,4765738309
05kmAP,2014,2014_10_05,29,4756086069
05kmAP,2014,2014_10_06,29,4776335153
05kmAP,2014,2014_10_07,24,3944980043
05kmAP,2014,2014_10_08,24,3902371338
05kmAP,2014,2014_10_09,16,2592012017
05kmAP,2014,2014_10_10,29,4757764099
05kmAP,2014,2014_10_11,27,4415432691
05kmAP,2014,2014_10_12,29,4758000275
05kmAP,2014,2014_10_13,29,4776164472
05kmAP,2014,2014_10_14,30,4929428707
05kmAP,2014,2014_10_15,27,4331122506
05kmAP,2014,2014_10_16,21,3464203935
05kmAP,2014,2014_10_17,29,4651868222
05kmAP,2014,2014_10_18,29,4776164489
05kmAP,2014,2014_10_19,29,4756322279
05kmAP,2014,2014_10_20,29,4776164497
05kmAP,2014,2014_10_21,29,4756322276
05kmAP,2014,2014_10_22,29,4779048080
05kmAP,2014,2014_10_23,30,4927514630
05kmAP,2014,2014_10_24,29,4754669194
05kmAP,2014,2014_10_25,29,4742971865
05kmAP,2014,2014_10_26,29,4754433064
05kmAP,2014,2014_10_27,29,4774039043
05kmAP,2014,2014_10_28,29,4753488407
05kmAP,2014,2014_10_29,29,4773973551
05kmAP,2014,2014_10_30,30,4926660352
05kmAP,2014,2014_10_31,29,4753960649
05kmAP,2014,2014_11_01,25,4089546841
05kmAP,2014,2014_11_02,23,3768501829
05kmAP,2014,2014_11_03,29,4775244713
05kmAP,2014,2014_11_04,29,4755638618
05kmAP,2014,2014_11_05,27,4447798320
05kmAP,2014,2014_11_06,17,2780867844
05kmAP,2014,2014_11_07,29,4777631101
05kmAP,2014,2014_11_08,30,4930252420
05kmAP,2014,2014_11_09,29,4754930132
05kmAP,2014,2014_11_10,29,4777394937
05kmAP,2014,2014_11_11,29,4755166316
05kmAP,2014,2014_11_12,29,4777158811
05kmAP,2014,2014_11_13,29,4754930158
05kmAP,2014,2014_11_14,29,4762103141
05kmAP,2014,2014_11_15,30,4628313374
05kmAP,2014,2014_11_16,19,2765696575
05kmAP,2014,2014_11_17,29,4773907986
05kmAP,2014,2014_11_18,29,4752453324
05kmAP,2014,2014_11_19,29,4776425470
05kmAP,2014,2014_11_20,29,4752925685
05kmAP,2014,2014_11_21,29,4775390473
05kmAP,2014,2014_11_22,29,4750079247
05kmAP,2014,2014_11_23,30,4932377847
05kmAP,2014,2014_11_24,29,4763756235
05kmAP,2014,2014_11_25,29,4756322270
05kmAP,2014,2014_11_26,29,4779756523
05kmAP,2014,2014_11_27,29,4754445338
05kmAP,2014,2014_11_28,29,4779520382
05kmAP,2014,2014_11_29,29,4757764107
05kmAP,2014,2014_11_30,29,4778078639
05kmAP,2014,2014_12_01,30,4764398350
05kmAP,2014,2014_12_02,29,4756322280
05kmAP,2014,2014_12_03,29,4779520420
05kmAP,2014,2014_12_04,28,4604198155
05kmAP,2014,2014_12_05,12,1872401010
05kmAP,2014,2014_12_06,27,4402122891
05kmAP,2014,2014_12_07,29,4779520387
05kmAP,2014,2014_12_08,29,4756086133
05kmAP,2014,2014_12_09,30,4933086343
05kmAP,2014,2014_12_10,21,3401899341
05kmAP,2014,2014_12_11,19,3011425772
05kmAP,2014,2014_12_12,29,4772677522
05kmAP,2014,2014_12_13,29,4707536640
05kmAP,2014,2014_12_14,21,3458802802
05kmAP,2014,2014_12_15,29,4756086120
05kmAP,2014,2014_12_16,29,4681189536
05kmAP,2014,2014_12_17,30,4932850193
05kmAP,2014,2014_12_18,29,4751052286
05kmAP,2014,2014_12_19,29,4771130640
05kmAP,2014,2014_12_20,26,3822661832
05kmAP,2014,2014_12_21,2,4980736
05kmAP,2014,2014_12_22,29,2483205276
05kmAP,2014,2014_12_23,27,2328680824
05kmAP,2014,2014_12_24,3,205052953
05kmAP,2014,2014_12_25,30,2581318792
05kmAP,2014,2014_12_26,18,1477769479
05kmAP,2014,2014_12_27,29,2489581062
05kmAP,2014,2014_12_28,29,2500352623
05kmAP,2014,2014_12_29,29,2488729076
05kmAP,2014,2014_12_30,29,2500745794
05kmAP,2014,2014_12_31,29,2488729095
05kmAP,2015,2015_01_01,29,2500581960
05kmAP,2015,2015_01_02,30,2525831868
05kmAP,2015,2015_01_03,29,2392324750
05kmAP,2015,2015_01_04,29,2500745795
05kmAP,2015,2015_01_05,29,2488892934
05kmAP,2015,2015_01_06,29,2425320221
05kmAP,2015,2015_01_07,29,2487186601
05kmAP,2015,2015_01_08,29,2500352579
05kmAP,2015,2015_01_09,29,2488647202
05kmAP,2015,2015_01_10,30,2580663452
05kmAP,2015,2015_01_11,29,2500352591
05kmAP,2015,2015_01_12,29,2489449963
05kmAP,2015,2015_01_13,23,1977943302
05kmAP,2015,2015_01_14,17,1456797946
05kmAP,2015,2015_01_15,29,2500352580
05kmAP,2015,2015_01_16,29,2489286158
05kmAP,2015,2015_01_17,29,2500745770
05kmAP,2015,2015_01_18,30,2580499592
05kmAP,2015,2015_01_19,29,2488892950
05kmAP,2015,2015_01_20,29,2500352608
05kmAP,2015,2015_01_21,29,2488892923
05kmAP,2015,2015_01_22,29,2500352615
05kmAP,2015,2015_01_23,29,2489613895
05kmAP,2015,2015_01_24,29,2500680257
05kmAP,2015,2015_01_25,29,2489384427
05kmAP,2015,2015_01_26,29,2501565037
05kmAP,2015,2015_01_27,30,2580991132
05kmAP,2015,2015_01_28,29,2489220626
05kmAP,2015,2015_01_29,25,2121581252
05kmAP,2015,2015_01_30,29,2489482748
05kmAP,2015,2015_01_31,29,2500745764
05kmAP,2015,2015_02_01,29,2490760728
05kmAP,2015,2015_02_02,29,2501401180
05kmAP,2015,2015_02_03,30,2495532396
05kmAP,2015,2015_02_04,29,2490924542
05kmAP,2015,2015_02_05,29,2499664460
05kmAP,2015,2015_02_06,29,2489875975
05kmAP,2015,2015_02_07,29,2502220370
05kmAP,2015,2015_02_08,29,2490367514
05kmAP,2015,2015_02_09,29,2501909056
05kmAP,2015,2015_02_10,26,2232353141
05kmAP,2015,2015_02_11,2,172081358
05kmAP,2015,2015_02_12,30,2546936229
05kmAP,2015,2015_02_13,29,2328268376
05kmAP,2015,2015_02_14,29,2440557930
05kmAP,2015,2015_02_15,29,2491088452
05kmAP,2015,2015_02_16,29,2501991020
05kmAP,2015,2015_02_17,29,2491416104
05kmAP,2015,2015_02_18,28,2342500239
05kmAP,2015,2015_02_19,30,2582465709
05kmAP,2015,2015_02_20,29,2491579956
05kmAP,2015,2015_02_21,29,2502711890
05kmAP,2015,2015_02_22,29,2491022874
05kmAP,2015,2015_02_23,29,2497335538
05kmAP,2015,2015_02_24,29,2487596197
05kmAP,2015,2015_02_25,27,2330794339
05kmAP,2015,2015_02_26,17,1458436363
05kmAP,2015,2015_02_27,29,2502318698
05kmAP,2015,2015_02_28,30,2583514270
05kmAP,2015,2015_03_01,29,2491743744
05kmAP,2015,2015_03_02,29,2503039573
05kmAP,2015,2015_03_03,29,2463983829
05kmAP,2015,2015_03_04,29,2502875728
05kmAP,2015,2015_03_05,26,2238860004
05kmAP,2015,2015_03_06,2,172081362
05kmAP,2015,2015_03_07,29,2491579921
05kmAP,2015,2015_03_08,30,2582514866
05kmAP,2015,2015_03_09,29,2501433927
05kmAP,2015,2015_03_10,29,2491743745
05kmAP,2015,2015_03_11,29,2503039575
05kmAP,2015,2015_03_12,15,1286027296
05kmAP,2015,2015_03_13,29,2503039578
05kmAP,2015,2015_03_14,29,2491743789
05kmAP,2015,2015_03_15,29,2502875707
05kmAP,2015,2015_03_16,30,2538113136
05kmAP,2015,2015_03_17,29,2235428508
05kmAP,2015,2015_03_18,29,2439486884
05kmAP,2015,2015_03_19,21,1802762916
05kmAP,2015,2015_03_20,29,2503039544
05kmAP,2015,2015_03_21,29,2491743759
05kmAP,2015,2015_03_22,29,2503039580
05kmAP,2015,2015_03_23,29,2490285598
05kmAP,2015,2015_03_24,29,2503039571
05kmAP,2015,2015_03_25,30,2578531128
05kmAP,2015,2015_03_26,29,2491104771
05kmAP,2015,2015_03_27,29,2503039570
05kmAP,2015,2015_03_28,29,2491022871
05kmAP,2015,2015_03_29,29,2502875710
05kmAP,2015,2015_03_30,29,2491579912
05kmAP,2015,2015_03_31,29,2502875683
05kmAP,2015,2015_04_01,30,2582793402
05kmAP,2015,2015_04_02,29,2489873605
05kmAP,2015,2015_04_03,29,2503039599
05kmAP,2015,2015_04_04,29,2491743841
05kmAP,2015,2015_04_05,29,2460835752
05kmAP,2015,2015_04_06,29,2491416126
05kmAP,2015,2015_04_07,29,2428056400
05kmAP,2015,2015_04_08,28,2411269083
05kmAP,2015,2015_04_09,16,1377797823
05kmAP,2015,2015_04_10,30,2583678084
05kmAP,2015,2015_04_11,29,2491743769
05kmAP,2015,2015_04_12,29,2503039573
05kmAP,2015,2015_04_13,29,2491743744
05kmAP,2015,2015_04_14,29,2503039557
05kmAP,2015,2015_04_15,29,2491743734
05kmAP,2015,2015_04_16,29,2502122053
05kmAP,2015,2015_04_17,29,2491743810
05kmAP,2015,2015_04_18,30,2583350413
05kmAP,2015,2015_04_19,29,2503039554
05kmAP,2015,2015_04_20,29,2488925724
05kmAP,2015,2015_04_21,29,2503039606
05kmAP,2015,2015_04_22,29,2491907608
05kmAP,2015,2015_04_23,29,2477691777
05kmAP,2015,2015_04_24,29,2491579936
05kmAP,2015,2015_04_25,29,2503039550
05kmAP,2015,2015_04_26,24,2060648632
05kmAP,2015,2015_04_27,17,1458272527
05kmAP,2015,2015_04_28,29,2502875711
05kmAP,2015,2015_04_29,29,2491743807
05kmAP,2015,2015_04_30,29,2503039605
05kmAP,2015,2015_05_01,29,2491416096
05kmAP,2015,2015_05_02,29,2500385336
05kmAP,2015,2015_05_03,29,2491022839
05kmAP,2015,2015_05_04,30,2583350448
05kmAP,2015,2015_05_05,29,2502875714
05kmAP,2015,2015_05_06,29,2491907616
05kmAP,2015,2015_05_07,29,2503203384
05kmAP,2015,2015_05_08,29,2437914058
05kmAP,2015,2015_05_09,29,2503039532
05kmAP,2015,2015_05_10,29,2489054391
05kmAP,2015,2015_05_11,29,2503039562
05kmAP,2015,2015_05_12,30,2582875327
05kmAP,2015,2015_05_13,29,2491579901
05kmAP,2015,2015_05_14,29,2500366503
05kmAP,2015,2015_05_15,29,2491579932
05kmAP,2015,2015_05_16,29,2503039573
05kmAP,2015,2015_05_17,29,2491743781
05kmAP,2015,2015_05_18,29,2501417543
05kmAP,2015,2015_05_19,29,2491088414
05kmAP,2015,2015_05_20,29,2501892657
05kmAP,2015,2015_05_21,18,1549158267
05kmAP,2015,2015_05_22,29,2490760710
05kmAP,2015,2015_05_23,29,2501892714
05kmAP,2015,2015_05_24,29,2490760758
05kmAP,2015,2015_05_25,29,2500745830
05kmAP,2015,2015_05_26,29,2490760734
05kmAP,2015,2015_05_27,29,2499828293
05kmAP,2015,2015_05_28,30,2582219930
05kmAP,2015,2015_05_29,29,2489613855
05kmAP,2015,2015_05_30,29,2501073516
05kmAP,2015,2015_05_31,29,2490596888
05kmAP,2015,2015_06_01,29,2500745834
05kmAP,2015,2015_06_02,29,2489450054
05kmAP,2015,2015_06_03,29,2500434533
05kmAP,2015,2015_06_04,29,2489450009
05kmAP,2015,2015_06_05,29,2500582006
05kmAP,2015,2015_06_06,30,2581056677
05kmAP,2015,2015_06_07,29,2489613871
05kmAP,2015,2015_06_08,29,2500581977
05kmAP,2015,2015_06_09,29,2488663619
05kmAP,2015,2015_06_10,29,2500582026
05kmAP,2015,2015_06_11,26,2236893951
05kmAP,2015,2015_06_12,16,1233704071
05kmAP,2015,2015_06_13,30,2581056761
05kmAP,2015,2015_06_14,29,2489613917
05kmAP,2015,2015_06_15,29,2500745833
05kmAP,2015,2015_06_16,29,2489450074
05kmAP,2015,2015_06_17,29,2499861145
05kmAP,2015,2015_06_18,14,1204405759
05kmAP,2015,2015_06_29,6,516244110
05kmAP,2015,2015_06_30,29,2489286192
05kmAP,2015,2015_07_01,29,2499549798
05kmAP,2015,2015_07_02,29,2487942698
05kmAP,2015,2015_07_03,29,2500106829
05kmAP,2015,2015_07_04,29,2488811070
05kmAP,2015,2015_07_05,29,2500581999
05kmAP,2015,2015_07_06,29,2489450030
05kmAP,2015,2015_07_07,29,2500581996
05kmAP,2015,2015_07_08,30,2580581561
05kmAP,2015,2015_07_09,29,2414319322
05kmAP,2015,2015_07_10,29,2500270654
05kmAP,2015,2015_07_11,29,2489450040
05kmAP,2015,2015_07_12,29,2500581989
05kmAP,2015,2015_07_13,29,2486285492
05kmAP,2015,2015_07_14,29,2500581916
05kmAP,2015,2015_07_15,30,2581056666
05kmAP,2015,2015_07_16,29,2488614421
05kmAP,2015,2015_07_17,29,2500581975
05kmAP,2015,2015_07_18,29,2489450006
05kmAP,2015,2015_07_19,29,2500581974
05kmAP,2015,2015_07_20,29,2488974844
05kmAP,2015,2015_07_21,29,2499353180
05kmAP,2015,2015_07_22,28,2408975339
05kmAP,2015,2015_07_23,17,1456961817
05kmAP,2015,2015_07_24,29,2500581966
05kmAP,2015,2015_07_25,29,2489450025
05kmAP,2015,2015_07_26,29,2500581966
05kmAP,2015,2015_07_27,29,2489449998
05kmAP,2015,2015_07_28,29,2499353164
05kmAP,2015,2015_07_29,29,2488008183
05kmAP,2015,2015_07_30,29,2431370698
05kmAP,2015,2015_07_31,30,2581220518
05kmAP,2015,2015_08_01,29,2489450025
05kmAP,2015,2015_08_02,29,2500581980
05kmAP,2015,2015_08_03,29,2489286151
05kmAP,2015,2015_08_04,29,2500106850
05kmAP,2015,2015_08_05,29,2488663618
05kmAP,2015,2015_08_06,29,2500418131
05kmAP,2015,2015_08_07,29,2487942667
05kmAP,2015,2015_08_08,30,2581384316
05kmAP,2015,2015_08_09,29,2500909650
05kmAP,2015,2015_08_10,29,2490269216
05kmAP,2015,2015_08_11,29,2501073494
05kmAP,2015,2015_08_12,29,2490269210
05kmAP,2015,2015_08_13,29,2499549764
05kmAP,2015,2015_08_14,29,2489679358
05kmAP,2015,2015_08_15,29,2501548603
05kmAP,2015,2015_08_16,30,2580333374
05kmAP,2015,2015_08_17,29,2491416062
05kmAP,2015,2015_08_18,29,2502711902
05kmAP,2015,2015_08_19,29,2491579941
05kmAP,2015,2015_08_20,29,2503039580
05kmAP,2015,2015_08_21,29,2491579907
05kmAP,2015,2015_08_22,44,5958253551
05kmAP,2015,2015_08_23,30,4927512331
05kmAP,2015,2015_08_24,29,4755611525
05kmAP,2015,2015_08_25,29,4774182521
05kmAP,2015,2015_08_26,29,4755611482
05kmAP,2015,2015_08_27,29,4774182522
05kmAP,2015,2015_08_28,29,4757053289
05kmAP,2015,2015_08_29,29,4775558780
05kmAP,2015,2015_08_30,29,4753736937
05kmAP,2015,2015_08_31,29,4774182565
05kmAP,2015,2015_09_01,30,4917558461
05kmAP,2015,2015_09_02,29,4757118835
05kmAP,2015,2015_09_03,29,4774182516
05kmAP,2015,2015_09_04,29,4755611542
05kmAP,2015,2015_09_05,29,4769660572
05kmAP,2015,2015_09_06,29,4747838718
05kmAP,2015,2015_09_07,29,4760616625
05kmAP,2015,2015_09_08,30,4883979726
05kmAP,2015,2015_09_09,29,4739030994
05kmAP,2015,2015_09_10,29,4654592173
05kmAP,2015,2015_09_11,29,4718784372
05kmAP,2015,2015_09_12,29,4707388672
05kmAP,2015,2015_09_13,29,4733971059
05kmAP,2015,2015_09_14,29,4754521722
05kmAP,2015,2015_09_15,29,4734207187
05kmAP,2015,2015_09_16,29,4754587286
05kmAP,2015,2015_09_17,30,4901213976
05kmAP,2015,2015_09_18,19,3017333020
05kmAP,2015,2015_09_19,29,4754521726
05kmAP,2015,2015_09_20,29,4734272768
05kmAP,2015,2015_09_21,29,4754351094
05kmAP,2015,2015_09_22,29,4734508907
05kmAP,2015,2015_09_23,28,4600785177
05kmAP,2015,2015_09_24,30,4904598293
05kmAP,2015,2015_09_25,29,4274732024
05kmAP,2015,2015_09_26,29,4754351132
05kmAP,2015,2015_09_27,29,4702863120
05kmAP,2015,2015_09_28,29,4671756081
05kmAP,2015,2015_09_29,29,4211803850
05kmAP,2015,2015_09_30,7,1007177220
05kmAP,2015,2015_10_01,7,1136638340
05kmAP,2015,2015_10_02,29,4749374292
05kmAP,2015,2015_10_03,29,4772506916
05kmAP,2015,2015_10_04,29,4754274672
05kmAP,2015,2015_10_05,29,4779756564
05kmAP,2015,2015_10_06,29,4756086129
05kmAP,2015,2015_10_07,28,4625718301
05kmAP,2015,2015_10_08,29,4758000238
05kmAP,2015,2015_10_09,29,4629574111
05kmAP,2015,2015_10_10,30,4917859973
05kmAP,2015,2015_10_11,29,4757764052
05kmAP,2015,2015_10_12,29,4695446438
05kmAP,2015,2015_10_13,29,4243969111
05kmAP,2015,2015_10_14,29,4779520391
05kmAP,2015,2015_10_15,29,4757291732
05kmAP,2015,2015_10_16,29,4779756563
05kmAP,2015,2015_10_17,30,4907737947
05kmAP,2015,2015_10_18,29,4757764031
05kmAP,2015,2015_10_19,29,4779520417
05kmAP,2015,2015_10_20,29,4757764055
05kmAP,2015,2015_10_21,28,4624210981
05kmAP,2015,2015_10_22,29,4753804775
05kmAP,2015,2015_10_23,29,4777370126
05kmAP,2015,2015_10_24,29,4750380972
05kmAP,2015,2015_10_25,29,4774983718
05kmAP,2015,2015_10_26,30,4925793571
05kmAP,2015,2015_10_27,29,4755166321
05kmAP,2015,2015_10_28,25,4120090989
05kmAP,2015,2015_11_03,9,1464619008
05kmAP,2015,2015_11_04,28,4622321700
05kmAP,2015,2015_11_05,29,4649123651
05kmAP,2015,2015_11_06,29,4772960946
05kmAP,2015,2015_11_07,29,4733068749
05kmAP,2015,2015_11_08,29,4772398249
05kmAP,2015,2015_11_09,29,4754930178
05kmAP,2015,2015_11_10,29,4776450334
05kmAP,2015,2015_11_11,30,4925019537
05kmAP,2015,2015_11_12,29,4749933435
05kmAP,2015,2015_11_13,29,4776922656
05kmAP,2015,2015_11_14,29,4734444985
05kmAP,2015,2015_11_15,25,4117940669
05kmAP,2015,2015_11_16,22,3598779693
05kmAP,2015,2015_11_17,18,2959284989
05kmAP,2015,2015_11_18,29,4776123764
05kmAP,2015,2015_11_19,29,4756110973
05kmAP,2015,2015_11_20,29,4778339612
05kmAP,2015,2015_11_21,26,4274837673
05kmAP,2015,2015_11_23,29,4678581710
05kmAP,2015,2015_11_24,29,4778078597
05kmAP,2015,2015_11_25,28,4603961999
05kmAP,2015,2015_11_26,30,4933086348
05kmAP,2015,2015_11_27,29,4666648206
05kmAP,2015,2015_11_28,29,4757764065
05kmAP,2015,2015_11_29,29,4777776881
05kmAP,2015,2015_11_30,29,4756322307
05kmAP,2015,2015_12_01,29,4779520381
05kmAP,2015,2015_12_02,28,4604434284
05kmAP,2015,2015_12_03,29,4778078583
05kmAP,2015,2015_12_04,30,4931172212
05kmAP,2015,2015_12_05,29,4757764039
05kmAP,2015,2015_12_06,29,4779520363
05kmAP,2015,2015_12_07,29,4757764058
05kmAP,2015,2015_12_08,29,4777776905
05kmAP,2015,2015_12_09,29,4732912812
05kmAP,2015,2015_12_10,27,4450632184
05kmAP,2015,2015_12_11,3,379640864
05kmAP,2015,2015_12_12,27,4450632218
05kmAP,2015,2015_12_14,1,153329757
05kmAP,2015,2015_12_15,23,3793092059
05kmAP,2015,2015_12_16,28,4523138855
05kmAP,2015,2015_12_17,29,4599504720
05kmAP,2015,2015_12_18,29,4754172019
05kmAP,2015,2015_12_19,29,4759629881
05kmAP,2015,2015_12_20,29,4739551546
05kmAP,2015,2015_12_21,28,4585976817
05kmAP,2015,2015_12_22,18,2806549064
05kmAP,2015,2015_12_23,29,4744340452
05kmAP,2015,2015_12_24,29,4759555613
05kmAP,2015,2015_12_25,29,4663650774
05kmAP,2015,2015_12_26,29,4752644801
05kmAP,2015,2015_12_27,29,4733905527
05kmAP,2015,2015_12_28,30,4897897646
05kmAP,2015,2015_12_29,29,4614805040
05kmAP,2015,2015_12_30,29,4734272750
05kmAP,2015,2015_12_31,29,4754456222
05kmAP,2016,2016_01_01,29,4734508939
05kmAP,2016,2016_01_02,29,4732631954
05kmAP,2016,2016_01_03,29,4734443321
05kmAP,2016,2016_01_04,29,4668269090
05kmAP,2016,2016_01_05,30,4877884806
05kmAP,2016,2016_01_06,29,4731124599
05kmAP,2016,2016_01_07,29,4685395970
05kmAP,2016,2016_01_08,27,4406996989
05kmAP,2016,2016_01_09,29,4712280317
05kmAP,2016,2016_01_10,29,4733800429
05kmAP,2016,2016_01_11,27,4353176991
05kmAP,2016,2016_01_12,29,4660360446
05kmAP,2016,2016_01_13,27,4397003733
05kmAP,2016,2016_01_14,29,4754456201
05kmAP,2016,2016_01_15,29,4734443351
05kmAP,2016,2016_01_16,29,4754285586
05kmAP,2016,2016_01_17,29,4734377857
05kmAP,2016,2016_01_18,29,4752712711
05kmAP,2016,2016_01_19,29,4734207205
05kmAP,2016,2016_01_20,29,4602934609
05kmAP,2016,2016_01_21,30,4907615301
05kmAP,2016,2016_01_22,29,4734443355
05kmAP,2016,2016_01_23,29,4755556785
05kmAP,2016,2016_01_24,29,4739030886
05kmAP,2016,2016_01_25,29,4755963529
05kmAP,2016,2016_01_26,29,4737458052
05kmAP,2016,2016_01_27,26,4276760278
05kmAP,2016,2016_03_14,7,1141225852
05kmAP,2016,2016_03_15,29,4774116955
05kmAP,2016,2016_03_16,29,4637782159
05kmAP,2016,2016_03_17,29,4774182561
05kmAP,2016,2016_03_18,30,4927512290
05kmAP,2016,2016_03_19,29,4755611492
05kmAP,2016,2016_03_20,29,4775689872
05kmAP,2016,2016_03_21,29,4752295164
05kmAP,2016,2016_03_22,29,4775689908
05kmAP,2016,2016_03_23,29,4755611481
05kmAP,2016,2016_03_24,29,4772609699
05kmAP,2016,2016_03_25,29,4738851881
05kmAP,2016,2016_03_26,29,4774182562
05kmAP,2016,2016_03_27,30,4929190218
05kmAP,2016,2016_03_28,29,4755611484
05kmAP,2016,2016_03_29,29,4774182581
05kmAP,2016,2016_03_30,28,4599030942
05kmAP,2016,2016_03_31,29,4774182568
05kmAP,2016,2016_04_01,29,4753802529
05kmAP,2016,2016_04_02,29,4774182589
05kmAP,2016,2016_04_03,30,4929019681
05kmAP,2016,2016_04_04,29,4755611563
05kmAP,2016,2016_04_05,29,4774182591
05kmAP,2016,2016_04_06,24,3936229510
05kmAP,2016,2016_04_07,18,2958392336
05kmAP,2016,2016_04_08,29,4755611498
05kmAP,2016,2016_04_09,29,4775624337
05kmAP,2016,2016_04_10,29,4750549273
05kmAP,2016,2016_04_11,29,4767413905
05kmAP,2016,2016_04_12,30,4922316599
05kmAP,2016,2016_04_13,28,4558506978
05kmAP,2016,2016_04_14,29,4774117012
05kmAP,2016,2016_04_15,29,4757118820
05kmAP,2016,2016_04_16,29,4774182561
05kmAP,2016,2016_04_17,29,4755545969
05kmAP,2016,2016_04_18,29,4774182557
05kmAP,2016,2016_04_19,29,4757118833
05kmAP,2016,2016_04_20,30,4930763146
05kmAP,2016,2016_04_21,29,4775689859
05kmAP,2016,2016_04_22,29,4754036247
05kmAP,2016,2016_04_23,29,4772675171
05kmAP,2016,2016_04_24,29,4755611500
05kmAP,2016,2016_04_25,29,4775624309
05kmAP,2016,2016_04_26,29,4753868017
05kmAP,2016,2016_04_27,28,4620616604
05kmAP,2016,2016_04_28,30,4927748455
05kmAP,2016,2016_04_29,27,4426828446
05kmAP,2016,2016_04_30,29,4775689893
05kmAP,2016,2016_05_01,29,4754038668
05kmAP,2016,2016_05_02,27,4445465013
05kmAP,2016,2016_05_03,19,3113465599
05kmAP,2016,2016_05_04,29,4774182534
05kmAP,2016,2016_05_05,29,4753868015
05kmAP,2016,2016_05_06,30,4929255765
05kmAP,2016,2016_05_07,29,4774182535
05kmAP,2016,2016_05_08,29,4755611524
05kmAP,2016,2016_05_09,29,4774182544
05kmAP,2016,2016_05_10,29,4755611484
05kmAP,2016,2016_05_11,28,4619109288
05kmAP,2016,2016_05_12,29,4647906673
05kmAP,2016,2016_05_13,29,4774182539
05kmAP,2016,2016_05_14,30,4929124750
05kmAP,2016,2016_05_15,29,4756987748
05kmAP,2016,2016_05_16,29,4773920391
05kmAP,2016,2016_05_17,29,4740529836
05kmAP,2016,2016_05_18,29,4773723761
05kmAP,2016,2016_05_19,29,4748910846
05kmAP,2016,2016_05_20,29,4773658223
05kmAP,2016,2016_05_21,29,4752098532
05kmAP,2016,2016_05_22,30,4930042223
05kmAP,2016,2016_05_23,29,4772148513
05kmAP,2016,2016_05_24,29,4756266844
05kmAP,2016,2016_05_25,28,4618519469
05kmAP,2016,2016_05_26,29,4754890597
05kmAP,2016,2016_05_27,29,4754759562
05kmAP,2016,2016_05_28,24,3944151738
05kmAP,2016,2016_05_29,18,2954680366
05kmAP,2016,2016_05_30,30,4928036579
05kmAP,2016,2016_05_31,29,4754759560
05kmAP,2016,2016_06_01,29,4763140589
05kmAP,2016,2016_06_02,29,4754694054
05kmAP,2016,2016_06_03,29,4764820926
05kmAP,2016,2016_06_04,29,4511192231
05kmAP,2016,2016_06_05,29,4691170955
05kmAP,2016,2016_06_06,29,4756201360
05kmAP,2016,2016_06_07,30,4926529295
05kmAP,2016,2016_06_08,28,4618126260
05kmAP,2016,2016_06_09,29,4739640781
05kmAP,2016,2016_06_10,29,4773199579
05kmAP,2016,2016_06_11,29,4756201400
05kmAP,2016,2016_06_12,29,4773199537
05kmAP,2016,2016_06_13,29,4749631801
05kmAP,2016,2016_06_14,29,4771456023
05kmAP,2016,2016_06_15,30,4928272806
05kmAP,2016,2016_06_16,29,4739507280
05kmAP,2016,2016_06_17,29,4773199536
05kmAP,2016,2016_06_18,29,4754694044
05kmAP,2016,2016_06_19,29,4771453658
05kmAP,2016,2016_06_20,29,4744569568
05kmAP,2016,2016_06_21,29,4764884057
05kmAP,2016,2016_06_22,25,4117402878
05kmAP,2016,2016_06_23,27,4424534726
05kmAP,2016,2016_06_24,29,4510787918
05kmAP,2016,2016_06_25,29,4756201397
05kmAP,2016,2016_06_26,29,4650609923
05kmAP,2016,2016_06_27,29,4735952406
05kmAP,2016,2016_06_28,29,4756334835
05kmAP,2016,2016_06_29,29,4754694035
05kmAP,2016,2016_06_30,29,4766627522
05kmAP,2016,2016_07_01,30,4783863220
05kmAP,2016,2016_07_02,29,4753186697
05kmAP,2016,2016_07_03,29,4761565262
05kmAP,2016,2016_07_04,29,4753186745
05kmAP,2016,2016_07_05,26,4188703793
05kmAP,2016,2016_07_06,24,3935443068
05kmAP,2016,2016_07_07,18,2956360755
05kmAP,2016,2016_07_08,29,4645243271
05kmAP,2016,2016_07_09,20,3285012711
05kmAP,2016,2016_07_10,12,1971912035
05kmAP,2016,2016_07_11,29,4756201313
05kmAP,2016,2016_07_12,29,4763376730
05kmAP,2016,2016_07_13,28,4601128089
05kmAP,2016,2016_07_14,29,4773199528
05kmAP,2016,2016_07_15,29,4753186683
05kmAP,2016,2016_07_16,29,4773199506
05kmAP,2016,2016_07_17,30,4928272780
05kmAP,2016,2016_07_18,29,4754693971
05kmAP,2016,2016_07_19,29,4773199493
05kmAP,2016,2016_07_20,29,4754693986
05kmAP,2016,2016_07_21,29,4773199481
05kmAP,2016,2016_07_22,29,4604918308
05kmAP,2016,2016_07_23,29,4771692168
05kmAP,2016,2016_07_24,29,4756201354
05kmAP,2016,2016_07_25,30,4877650277
05kmAP,2016,2016_07_26,29,4773199494
05kmAP,2016,2016_07_27,28,4584260954
05kmAP,2016,2016_07_28,29,4773199466
05kmAP,2016,2016_07_29,29,4729382757
05kmAP,2016,2016_07_30,29,4773199484
05kmAP,2016,2016_07_31,29,4751204570
05kmAP,2016,2016_08_01,29,4773199488
05kmAP,2016,2016_08_02,30,4929780090
05kmAP,2016,2016_08_03,29,4754693981
05kmAP,2016,2016_08_04,29,4773199525
05kmAP,2016,2016_08_05,29,4754694007
05kmAP,2016,2016_08_06,29,4773199505
05kmAP,2016,2016_08_07,29,4753252206
05kmAP,2016,2016_08_08,29,4773265060
05kmAP,2016,2016_08_09,29,4753081580
05kmAP,2016,2016_08_10,26,4291178166
05kmAP,2016,2016_08_11,2,252893511
05kmAP,2016,2016_08_12,29,4735011229
05kmAP,2016,2016_08_13,29,4672560113
05kmAP,2016,2016_08_14,27,4427876988
05kmAP,2016,2016_08_15,29,4775231064
05kmAP,2016,2016_08_16,29,4752334706
05kmAP,2016,2016_08_17,29,4773920361
05kmAP,2016,2016_08_18,30,4927446766
05kmAP,2016,2016_08_19,29,4754104187
05kmAP,2016,2016_08_20,29,4774182539
05kmAP,2016,2016_08_21,29,4755611469
05kmAP,2016,2016_08_22,29,4775689832
05kmAP,2016,2016_08_23,29,4755611510
05kmAP,2016,2016_08_24,28,4620616616
05kmAP,2016,2016_08_25,30,4927512326
05kmAP,2016,2016_08_26,29,4755545957
05kmAP,2016,2016_08_27,29,4774182551
05kmAP,2016,2016_08_28,29,4757053292
05kmAP,2016,2016_08_29,29,4774182540
05kmAP,2016,2016_08_30,29,4741866540
05kmAP,2016,2016_08_31,29,4704860391
05kmAP,2016,2016_09_01,29,4753868016
05kmAP,2016,2016_09_02,29,4774182512
05kmAP,2016,2016_09_03,30,4917558461
05kmAP,2016,2016_09_04,29,4745961768
05kmAP,2016,2016_09_05,29,4771167926
05kmAP,2016,2016_09_06,29,4749346080
05kmAP,2016,2016_09_07,28,4611572714
05kmAP,2016,2016_09_08,29,4740302144
05kmAP,2016,2016_09_09,29,4758873155
05kmAP,2016,2016_09_10,30,4909660539
05kmAP,2016,2016_09_11,29,4734207278
05kmAP,2016,2016_09_12,29,4754351137
05kmAP,2016,2016_09_13,29,4734272745
05kmAP,2016,2016_09_14,29,4742758809
05kmAP,2016,2016_09_15,28,4449604837
05kmAP,2016,2016_09_16,29,4700045067
05kmAP,2016,2016_09_17,29,4733905497
05kmAP,2016,2016_09_18,30,4907917051
05kmAP,2016,2016_09_19,29,4754351093
05kmAP,2016,2016_09_20,29,4734272741
05kmAP,2016,2016_09_21,28,4600785206
05kmAP,2016,2016_09_22,29,4730481682
05kmAP,2016,2016_09_23,29,4648153596
05kmAP,2016,2016_09_24,27,4180858520
05kmAP,2016,2016_09_25,29,4754285592
05kmAP,2016,2016_09_26,30,4907379168
05kmAP,2016,2016_09_27,29,4735950690
05kmAP,2016,2016_09_28,29,4757707026
05kmAP,2016,2016_09_29,29,4740984546
05kmAP,2016,2016_09_30,29,4762675325
05kmAP,2016,2016_10_01,29,4747460179
05kmAP,2016,2016_10_02,29,4771366826
05kmAP,2016,2016_10_03,28,4602520200
05kmAP,2016,2016_10_06,7,1140230411
05kmAP,2016,2016_10_07,17,2548603412
05kmAP,2016,2016_10_08,29,4756086104
05kmAP,2016,2016_10_09,29,4779520418
05kmAP,2016,2016_10_10,29,4756086101
05kmAP,2016,2016_10_11,29,4779520390
05kmAP,2016,2016_10_12,30,4931172173
05kmAP,2016,2016_10_13,29,4745896101
05kmAP,2016,2016_10_14,29,4612234697
05kmAP,2016,2016_10_15,29,4758000240
05kmAP,2016,2016_10_16,29,4779520388
05kmAP,2016,2016_10_17,29,4756322263
05kmAP,2016,2016_10_18,29,4778078609
05kmAP,2016,2016_10_19,29,4777540757
05kmAP,2016,2016_10_20,29,4757764048
05kmAP,2016,2016_10_21,29,4779756534
05kmAP,2016,2016_10_22,29,4755613796
05kmAP,2016,2016_10_23,29,4779284262
05kmAP,2016,2016_10_24,29,4754038579
05kmAP,2016,2016_10_25,29,4778339635
05kmAP,2016,2016_10_26,29,4753330091
05kmAP,2016,2016_10_27,29,4770720332
05kmAP,2016,2016_10_28,30,4929519125
05kmAP,2016,2016_10_29,29,4755166344
05kmAP,2016,2016_10_30,29,4765356341
05kmAP,2016,2016_10_31,27,4317562131
05kmAP,2016,2016_11_01,25,4119382486
05kmAP,2016,2016_11_02,1,153329755
05kmAP,2016,2016_11_03,23,3781078313
05kmAP,2016,2016_11_04,20,3285078266
05kmAP,2016,2016_11_05,29,4755166307
05kmAP,2016,2016_11_06,27,4448506831
05kmAP,2016,2016_11_07,3,481981768
05kmAP,2016,2016_11_08,29,4777158798
05kmAP,2016,2016_11_09,28,4600394768
05kmAP,2016,2016_11_10,29,4777158800
05kmAP,2016,2016_11_11,29,4755402482
05kmAP,2016,2016_11_12,30,4930724686
05kmAP,2016,2016_11_13,29,4775716984
05kmAP,2016,2016_11_14,29,4711721625
05kmAP,2016,2016_11_15,29,4776123829
05kmAP,2016,2016_11_16,29,4754432989
05kmAP,2016,2016_11_17,23,3789997169
05kmAP,2016,2016_11_18,3,482454078
05kmAP,2016,2016_11_19,29,4769816376
05kmAP,2016,2016_11_20,30,4930463728
05kmAP,2016,2016_11_21,29,4757764064
05kmAP,2016,2016_11_22,18,2958079402
05kmAP,2016,2016_11_25,12,1801626358
05kmAP,2016,2016_11_26,29,4776204054
05kmAP,2016,2016_11_27,29,4758000261
05kmAP,2016,2016_11_28,23,3791414113
05kmAP,2016,2016_11_29,26,4273632024
05kmAP,2016,2016_11_30,28,4604434284
05kmAP,2016,2016_12_01,27,4427197997
05kmAP,2016,2016_12_02,24,3944980038
05kmAP,2016,2016_12_04,3,482454090
05kmAP,2016,2016_12_05,29,4779756531
05kmAP,2016,2016_12_06,30,4932850180
05kmAP,2016,2016_12_07,29,4758000201
05kmAP,2016,2016_12_08,29,4777842454
05kmAP,2016,2016_12_09,29,4757764057
05kmAP,2016,2016_12_10,29,4778078578
05kmAP,2016,2016_12_11,29,4756322289
05kmAP,2016,2016_12_12,29,4774458156
05kmAP,2016,2016_12_13,29,4756086137
05kmAP,2016,2016_12_14,22,3637848163
05kmAP,2016,2016_12_16,27,4425756168
05kmAP,2016,2016_12_17,29,4769452690
05kmAP,2016,2016_12_18,29,4746018435
05kmAP,2016,2016_12_19,29,4761307845
05kmAP,2016,2016_12_20,29,4749374267
05kmAP,2016,2016_12_21,29,4744207000
05kmAP,2016,2016_12_22,24,3931490876
05kmAP,2016,2016_12_23,11,1759215132
05kmAP,2016,2016_12_24,25,4084886209
05kmAP,2016,2016_12_25,19,3098221670
05kmAP,2016,2016_12_26,25,4081530281
05kmAP,2016,2016_12_27,22,3154504878
05kmAP,2016,2016_12_28,29,4710573919
05kmAP,2016,2016_12_29,29,4732096475
05kmAP,2016,2016_12_30,23,3772654956
05kmAP,2017,2017_01_01,28,4486613409
05kmAP,2017,2017_01_02,29,4661633995
05kmAP,2017,2017_01_03,29,4734443384
05kmAP,2017,2017_01_04,29,4716907357
05kmAP,2017,2017_01_05,26,4253260404
05kmAP,2017,2017_01_06,12,1932756739
05kmAP,2017,2017_01_07,30,4780304498
05kmAP,2017,2017_01_08,29,4734443368
05kmAP,2017,2017_01_09,29,4713722078
05kmAP,2017,2017_01_10,29,4734377805
05kmAP,2017,2017_01_11,26,4253667233
05kmAP,2017,2017_01_12,29,4734443370
05kmAP,2017,2017_01_13,29,4754521769
05kmAP,2017,2017_01_14,26,4253667257
05kmAP,2017,2017_01_15,5,807986346
05kmAP,2017,2017_01_16,23,3772891108
05kmAP,2017,2017_01_17,3,480776138
05kmAP,2017,2017_01_18,29,4754456192
05kmAP,2017,2017_01_19,29,4734272749
05kmAP,2017,2017_01_20,29,4642960314
05kmAP,2017,2017_01_21,29,4735780057
05kmAP,2017,2017_01_22,29,4757601945
05kmAP,2017,2017_01_23,30,4911167889
05kmAP,2017,2017_01_24,29,4740472689
05kmAP,2017,2017_01_25,28,4601990812
05kmAP,2017,2017_01_26,29,4740236502
05kmAP,2017,2017_01_27,29,4760380427
05kmAP,2017,2017_01_28,29,4744863605
05kmAP,2017,2017_01_29,29,4604271359
05kmAP,2017,2017_01_30,29,4746502001
05kmAP,2017,2017_01_31,29,4759945257
05kmAP,2017,2017_02_01,29,4718110591
05kmAP,2017,2017_02_02,29,4742645350
05kmAP,2017,2017_02_03,29,4771036809
05kmAP,2017,2017_02_04,29,4746265844
05kmAP,2017,2017_02_05,29,4772544142
05kmAP,2017,2017_02_06,29,4754038640
05kmAP,2017,2017_02_07,29,4762658246
05kmAP,2017,2017_02_08,29,4771102348
05kmAP,2017,2017_02_09,29,4751024012
05kmAP,2017,2017_02_10,29,4771036796
05kmAP,2017,2017_02_11,29,4609259644
05kmAP,2017,2017_02_12,29,4774182593
05kmAP,2017,2017_02_13,29,4752164127
05kmAP,2017,2017_02_14,29,4770732764
05kmAP,2017,2017_02_15,29,4755545988
05kmAP,2017,2017_02_16,29,4775558861
05kmAP,2017,2017_02_17,30,4776032714
05kmAP,2017,2017_02_18,29,4757053310
05kmAP,2017,2017_02_19,29,4571909883
05kmAP,2017,2017_02_20,26,4064889896
05kmAP,2017,2017_02_21,2,222821716
05kmAP,2017,2017_02_22,23,3779583366
05kmAP,2017,2017_02_23,16,2629674789
05kmAP,2017,2017_02_24,30,4929255821
05kmAP,2017,2017_02_25,29,4755611482
05kmAP,2017,2017_02_26,29,4758995808
05kmAP,2017,2017_02_27,29,4750483678
05kmAP,2017,2017_02_28,29,4686724303
05kmAP,2017,2017_03_01,28,4497827678
05kmAP,2017,2017_03_02,29,4774182553
05kmAP,2017,2017_03_03,29,4755611521
05kmAP,2017,2017_03_04,29,4774182535
05kmAP,2017,2017_03_05,30,4927748457
05kmAP,2017,2017_03_06,29,4755611476
05kmAP,2017,2017_03_07,29,4690040686
05kmAP,2017,2017_03_08,27,4388746172
05kmAP,2017,2017_03_09,29,4775624308
05kmAP,2017,2017_03_10,29,4755545980
05kmAP,2017,2017_03_11,29,4772373484
05kmAP,2017,2017_03_12,29,4755545993
05kmAP,2017,2017_03_13,30,4929255737
05kmAP,2017,2017_03_14,29,4774182520
05kmAP,2017,2017_03_15,29,4745421439
05kmAP,2017,2017_03_16,29,4713543063
05kmAP,2017,2017_03_17,29,4639158414
05kmAP,2017,2017_03_18,29,4773880859
05kmAP,2017,2017_03_19,29,4708412874
05kmAP,2017,2017_03_20,29,4774182534
05kmAP,2017,2017_03_21,30,4927748475
05kmAP,2017,2017_03_22,28,4600538233
05kmAP,2017,2017_03_23,29,4683405534
05kmAP,2017,2017_03_24,25,4098176423
05kmAP,2017,2017_03_25,25,4116747484
05kmAP,2017,2017_03_26,3,482283471
05kmAP,2017,2017_03_27,29,4775689875
05kmAP,2017,2017_03_28,29,4753802472
05kmAP,2017,2017_03_29,29,4774182500
05kmAP,2017,2017_03_30,30,4927444372
05kmAP,2017,2017_03_31,29,4742645364
05kmAP,2017,2017_04_01,29,4772609697
05kmAP,2017,2017_04_02,29,4615759165
05kmAP,2017,2017_04_03,29,4774182599
05kmAP,2017,2017_04_06,8,1259423796
05kmAP,2017,2017_04_07,29,4472711249
05kmAP,2017,2017_04_08,29,4775558814
05kmAP,2017,2017_04_09,29,4755611469
05kmAP,2017,2017_04_10,29,4612426406
05kmAP,2017,2017_04_11,29,4755611503
05kmAP,2017,2017_04_12,27,4446972316
05kmAP,2017,2017_04_14,29,4693228242
05kmAP,2017,2017_04_15,30,4927680538
05kmAP,2017,2017_04_16,29,4755611515
05kmAP,2017,2017_04_17,29,4750614796
05kmAP,2017,2017_04_18,29,4745487025
05kmAP,2017,2017_04_19,28,4619109267
05kmAP,2017,2017_04_20,29,4752596850
05kmAP,2017,2017_04_21,29,4760608236
05kmAP,2017,2017_04_22,29,4747164952
05kmAP,2017,2017_04_23,30,4929255790
05kmAP,2017,2017_04_24,29,4774114587
05kmAP,2017,2017_04_25,29,4624509791
05kmAP,2017,2017_04_26,29,4774182540
05kmAP,2017,2017_04_27,29,4754104136
05kmAP,2017,2017_04_28,29,4775624343
05kmAP,2017,2017_04_29,29,4752360666
05kmAP,2017,2017_04_30,29,4723798634
05kmAP,2017,2017_05_01,30,4929255787
05kmAP,2017,2017_05_02,29,4755611493
05kmAP,2017,2017_05_03,28,4620616607
05kmAP,2017,2017_05_04,29,4754104165
05kmAP,2017,2017_05_05,29,4774116990
05kmAP,2017,2017_05_06,29,4755611486
05kmAP,2017,2017_05_07,29,4775689864
05kmAP,2017,2017_05_08,29,4752360686
05kmAP,2017,2017_05_09,30,4929255739
05kmAP,2017,2017_05_10,29,4775689865
05kmAP,2017,2017_05_11,29,4752295164
05kmAP,2017,2017_05_12,29,4612709542
05kmAP,2017,2017_05_13,29,4752596868
05kmAP,2017,2017_05_14,29,4772240026
05kmAP,2017,2017_05_15,29,4753671406
05kmAP,2017,2017_05_16,29,4744016808
05kmAP,2017,2017_05_17,29,4755113175
05kmAP,2017,2017_05_18,29,4734969261
05kmAP,2017,2017_05_19,29,4614151303
05kmAP,2017,2017_05_20,29,4733431182
05kmAP,2017,2017_05_21,29,4774051452
05kmAP,2017,2017_05_22,29,4754759552
05kmAP,2017,2017_05_23,28,4617075251
05kmAP,2017,2017_05_24,29,2426447195
05kmAP,2017,2017_05_25,30,3851026889
05kmAP,2017,2017_05_26,29,4773199452
05kmAP,2017,2017_05_27,29,4754956161
05kmAP,2017,2017_05_28,25,4115961041
05kmAP,2017,2017_05_29,3,482217925
05kmAP,2017,2017_05_30,29,4773199491
05kmAP,2017,2017_05_31,29,4754694027
05kmAP,2017,2017_06_01,29,4766629914
05kmAP,2017,2017_06_02,30,4929780076
05kmAP,2017,2017_06_03,29,4754693973
05kmAP,2017,2017_06_04,29,4680442880
05kmAP,2017,2017_06_05,29,4416521655
05kmAP,2017,2017_06_06,29,4630596829
05kmAP,2017,2017_06_07,29,4742891597
05kmAP,2017,2017_06_08,28,4448164742
05kmAP,2017,2017_06_09,29,4754455480
05kmAP,2017,2017_06_10,30,4923273708
05kmAP,2017,2017_06_11,29,4774706926
05kmAP,2017,2017_06_12,29,4752950614
05kmAP,2017,2017_06_13,29,4773199557
05kmAP,2017,2017_06_14,29,4754694072
05kmAP,2017,2017_06_15,29,4773199592
05kmAP,2017,2017_06_16,29,4751679410
05kmAP,2017,2017_06_17,29,4773199526
05kmAP,2017,2017_06_18,30,4928272833
05kmAP,2017,2017_06_19,29,4754694055
05kmAP,2017,2017_06_20,29,4505657670
05kmAP,2017,2017_06_21,29,4636927624
05kmAP,2017,2017_06_22,29,4774706888
05kmAP,2017,2017_06_23,10,1574304884
05kmAP,2017,2017_06_24,29,4773199563
05kmAP,2017,2017_06_25,29,4753186753
05kmAP,2017,2017_06_26,30,4921700820
05kmAP,2017,2017_06_27,29,4773199520
05kmAP,2017,2017_06_28,29,4753186693
05kmAP,2017,2017_06_29,29,4773199533
05kmAP,2017,2017_06_30,29,4754694035
05kmAP,2017,2017_07_01,29,4773199536
05kmAP,2017,2017_07_02,29,4754694031
05kmAP,2017,2017_07_03,29,4774706821
05kmAP,2017,2017_07_04,30,4923276041
05kmAP,2017,2017_07_05,29,4756201362
05kmAP,2017,2017_07_06,29,4772963384
05kmAP,2017,2017_07_07,29,4594793606
05kmAP,2017,2017_07_08,29,4766629919
05kmAP,2017,2017_07_09,7,910430443
05kmAP,2017,2017_07_10,29,4774706847
05kmAP,2017,2017_07_11,27,4271033184
05kmAP,2017,2017_07_12,30,4928272726
05kmAP,2017,2017_07_13,29,4773199482
05kmAP,2017,2017_07_14,11,1650130458
05kmAP,2017,2017_08_05,11,1714495467
05kmAP,2017,2017_08_06,29,4754694007
05kmAP,2017,2017_08_07,29,4616680971
05kmAP,2017,2017_08_08,29,4756201318
05kmAP,2017,2017_08_09,29,4773199475
05kmAP,2017,2017_08_10,29,4753317738
05kmAP,2017,2017_08_11,29,4773396102
05kmAP,2017,2017_08_12,29,4754719985
05kmAP,2017,2017_08_13,30,4930107781
05kmAP,2017,2017_08_14,29,4773658256
05kmAP,2017,2017_08_15,29,4755152767
05kmAP,2017,2017_08_16,29,4773854873
05kmAP,2017,2017_08_17,29,4755480454
05kmAP,2017,2017_08_18,29,4775558762
05kmAP,2017,2017_08_19,29,4753802461
05kmAP,2017,2017_08_20,27,4240895447
05kmAP,2017,2017_08_21,30,4676848499
05kmAP,2017,2017_08_22,29,4752360676
05kmAP,2017,2017_08_23,29,4774182543
05kmAP,2017,2017_08_24,19,3108707424
05kmAP,2017,2017_08_25,29,4774182526
05kmAP,2017,2017_08_26,29,4757118825
05kmAP,2017,2017_08_27,29,4774182565
05kmAP,2017,2017_08_28,30,4929255792
05kmAP,2017,2017_08_29,29,4755611450
05kmAP,2017,2017_08_30,29,4774182526
05kmAP,2017,2017_08_31,29,4755477994
05kmAP,2017,2017_09_01,29,4774117009
05kmAP,2017,2017_09_02,29,4755611501
05kmAP,2017,2017_09_03,29,4775624313
05kmAP,2017,2017_09_04,28,4600538332
05kmAP,2017,2017_09_15,6,981630646
05kmAP,2017,2017_09_16,29,4708568320
05kmAP,2017,2017_09_17,29,4754285584
05kmAP,2017,2017_09_18,14,2290235326
05kmAP,2017,2017_09_20,9,1462406767
05kmAP,2017,2017_09_21,30,4907851506
05kmAP,2017,2017_09_22,29,4649726470
05kmAP,2017,2017_09_23,29,4734272717
05kmAP,2017,2017_09_24,29,4754351133
05kmAP,2017,2017_09_25,29,4734377873
05kmAP,2017,2017_09_26,29,4754587251
05kmAP,2017,2017_09_27,29,4735950683
05kmAP,2017,2017_09_28,29,4757943148
05kmAP,2017,2017_09_29,30,4918155397
05kmAP,2017,2017_09_30,29,4740984539
05kmAP,2017,2017_10_01,29,4771130626
05kmAP,2017,2017_10_02,29,4744340465
05kmAP,2017,2017_10_03,29,4776164478
05kmAP,2017,2017_10_04,29,4754342630
05kmAP,2017,2017_10_05,29,4778078574
05kmAP,2017,2017_10_06,29,4745723084
05kmAP,2017,2017_10_07,30,4933086327
05kmAP,2017,2017_10_08,29,4779520396
05kmAP,2017,2017_10_09,29,4757527909
05kmAP,2017,2017_10_10,29,4779520411
05kmAP,2017,2017_10_11,29,4757291745
05kmAP,2017,2017_10_12,29,4779756559
05kmAP,2017,2017_10_13,29,4757764047
05kmAP,2017,2017_10_14,29,4779520435
05kmAP,2017,2017_10_15,28,4604198148
05kmAP,2017,2017_10_16,3,478964694
05kmAP,2017,2017_10_17,27,4450396097
05kmAP,2017,2017_10_18,17,2784671252
05kmAP,2017,2017_10_19,29,4778078601
05kmAP,2017,2017_10_20,29,4754172042
05kmAP,2017,2017_10_21,29,4777842466
05kmAP,2017,2017_10_22,30,4931644497
05kmAP,2017,2017_10_23,29,4755850009
05kmAP,2017,2017_10_24,29,4763286379
05kmAP,2017,2017_10_25,29,4754905351
05kmAP,2017,2017_10_26,29,4774983741
05kmAP,2017,2017_10_27,29,4753227389
05kmAP,2017,2017_10_28,29,4772938557
05kmAP,2017,2017_10_29,29,4751011559
05kmAP,2017,2017_10_30,29,4777867301
05kmAP,2017,2017_10_31,30,4921899819
05kmAP,2017,2017_11_01,29,4752282657
05kmAP,2017,2017_11_02,29,4772295517
05kmAP,2017,2017_11_03,29,4753488368
05kmAP,2017,2017_11_04,29,4761866988
05kmAP,2017,2017_11_05,29,4603712665
05kmAP,2017,2017_11_06,29,4736555714
05kmAP,2017,2017_11_07,30,4927368796
05kmAP,2017,2017_11_08,29,4750471316
05kmAP,2017,2017_11_09,29,4735113943
05kmAP,2017,2017_11_10,29,4753658971
05kmAP,2017,2017_11_11,29,4617560322
05kmAP,2017,2017_11_12,29,4746511993
05kmAP,2017,2017_11_13,29,4740178603
05kmAP,2017,2017_11_14,29,4752556017
05kmAP,2017,2017_11_15,25,4070941051
05kmAP,2017,2017_11_16,28,4585509744
05kmAP,2017,2017_11_17,29,4754905346
05kmAP,2017,2017_11_18,29,4763286341
05kmAP,2017,2017_11_19,29,4753935847
05kmAP,2017,2017_11_20,29,4745016995
05kmAP,2017,2017_11_21,29,4738922152
05kmAP,2017,2017_11_22,29,4754340216
05kmAP,2017,2017_11_23,30,4919474833
05kmAP,2017,2017_11_24,27,4329444564
05kmAP,2017,2017_11_25,29,4740964923
05kmAP,2017,2017_11_26,29,4758000253
05kmAP,2017,2017_11_27,29,4681963894
05kmAP,2017,2017_11_28,29,4754277105
05kmAP,2017,2017_11_29,29,4671369186
05kmAP,2017,2017_11_30,29,4727222386
05kmAP,2017,2017_12_01,30,4833550133
05kmAP,2017,2017_12_02,29,4657926209
05kmAP,2017,2017_12_03,29,4754171997
05kmAP,2017,2017_12_04,29,4743748224
05kmAP,2017,2017_12_05,29,4742540184
05kmAP,2017,2017_12_06,29,4714080600
05kmAP,2017,2017_12_07,29,4756256734
05kmAP,2017,2017_12_08,29,4659907988
05kmAP,2017,2017_12_09,28,4308302257
05kmAP,2017,2017_12_10,29,4756086076
05kmAP,2017,2017_12_11,29,4774591640
05kmAP,2017,2017_12_12,29,4756322267
05kmAP,2017,2017_12_13,29,4774250339
05kmAP,2017,2017_12_14,29,4754644323
05kmAP,2017,2017_12_15,29,4772609564
05kmAP,2017,2017_12_16,29,4756086083
05kmAP,2017,2017_12_17,30,4931408412
05kmAP,2017,2017_12_18,29,4774421025
05kmAP,2017,2017_12_19,29,4742898666
05kmAP,2017,2017_12_20,29,4769361194
05kmAP,2017,2017_12_21,29,4606727527
05kmAP,2017,2017_12_22,29,4756003106
05kmAP,2017,2017_12_23,29,4740919033
05kmAP,2017,2017_12_24,29,4745939338
05kmAP,2017,2017_12_25,30,4908124815
05kmAP,2017,2017_12_26,29,4732699890
05kmAP,2017,2017_12_27,29,4621267108
05kmAP,2017,2017_12_28,29,4734207191
05kmAP,2017,2017_12_29,29,4747648054
05kmAP,2017,2017_12_30,29,4734443340
05kmAP,2017,2017_12_31,29,4745904602
05kmAP,2018,2018_01_01,29,4732699895
05kmAP,2018,2018_01_02,30,4907785928
05kmAP,2018,2018_01_03,29,4749393972
05kmAP,2018,2018_01_04,29,4734377842
05kmAP,2018,2018_01_05,29,4754088984
05kmAP,2018,2018_01_06,29,4734207246
05kmAP,2018,2018_01_07,29,4750901291
05kmAP,2018,2018_01_08,29,4733839983
05kmAP,2018,2018_01_09,29,4749457101
05kmAP,2018,2018_01_10,30,4907379195
05kmAP,2018,2018_01_11,29,4734272739
05kmAP,2018,2018_01_12,29,4750560073
05kmAP,2018,2018_01_13,29,4734443374
05kmAP,2018,2018_01_14,29,4754220072
05kmAP,2018,2018_01_15,29,4734443356
05kmAP,2018,2018_01_16,23,3772891089
05kmAP,2018,2018_01_17,3,480539976
05kmAP,2018,2018_01_18,28,4391980081
05kmAP,2018,2018_01_19,29,4749089863
05kmAP,2018,2018_01_20,29,4734508874
05kmAP,2018,2018_01_21,29,4754285586
05kmAP,2018,2018_01_22,29,4737523557
05kmAP,2018,2018_01_23,29,4756996137
05kmAP,2018,2018_01_24,29,4740105456
05kmAP,2018,2018_01_25,29,4737457985
05kmAP,2018,2018_01_26,30,4910496529
05kmAP,2018,2018_01_27,29,4737221877
05kmAP,2018,2018_01_28,29,4748313440
05kmAP,2018,2018_01_29,29,4743487314
05kmAP,2018,2018_01_30,29,4736679219
05kmAP,2018,2018_01_31,29,4743487314
05kmAP,2018,2018_02_01,29,4744692997
05kmAP,2018,2018_02_02,29,4633734886
05kmAP,2018,2018_02_03,29,4759774596
05kmAP,2018,2018_02_04,30,4916525821
05kmAP,2018,2018_02_05,29,4751023984
05kmAP,2018,2018_02_06,29,4769660527
05kmAP,2018,2018_02_07,29,4746501980
05kmAP,2018,2018_02_08,29,4769660574
05kmAP,2018,2018_02_09,29,4752360681
05kmAP,2018,2018_02_10,29,4771102333
05kmAP,2018,2018_02_11,30,4927276120
05kmAP,2018,2018_02_12,29,4750853340
05kmAP,2018,2018_02_13,29,4771167893
05kmAP,2018,2018_02_14,29,4751089530
05kmAP,2018,2018_02_15,29,4771167924
05kmAP,2018,2018_02_16,29,4602519478
05kmAP,2018,2018_02_17,29,4774117068
05kmAP,2018,2018_02_18,29,4755611559
05kmAP,2018,2018_02_19,29,4774182577
05kmAP,2018,2018_02_20,30,4927748468
05kmAP,2018,2018_02_21,28,4600472713
05kmAP,2018,2018_02_22,16,2628233001
05kmAP,2018,2018_02_23,29,4726892387
05kmAP,2018,2018_02_24,29,4762246606
05kmAP,2018,2018_02_25,29,4754104159
05kmAP,2018,2018_02_26,29,4767243328
05kmAP,2018,2018_02_27,29,4755611512
05kmAP,2018,2018_02_28,30,4929190249
05kmAP,2018,2018_03_01,29,4774117034
05kmAP,2018,2018_03_02,29,4755611489
05kmAP,2018,2018_03_03,29,4774182536
05kmAP,2018,2018_03_04,29,4754104195
05kmAP,2018,2018_03_05,29,4774182563
05kmAP,2018,2018_03_06,29,4755480416
05kmAP,2018,2018_03_07,29,4774182527
05kmAP,2018,2018_03_08,30,4927682972
05kmAP,2018,2018_03_09,29,4755611500
05kmAP,2018,2018_03_10,29,4772439060
05kmAP,2018,2018_03_11,29,4755611505
05kmAP,2018,2018_03_12,29,4774182527
05kmAP,2018,2018_03_13,29,4755611520
05kmAP,2018,2018_03_14,29,4775624322
05kmAP,2018,2018_03_15,29,4753868010
05kmAP,2018,2018_03_16,30,4929255779
05kmAP,2018,2018_03_17,29,4774182581
05kmAP,2018,2018_03_18,29,4755611480
05kmAP,2018,2018_03_19,29,4774117018
05kmAP,2018,2018_03_20,29,4755611510
05kmAP,2018,2018_03_21,29,4774182559
05kmAP,2018,2018_03_22,29,4754104188
05kmAP,2018,2018_03_23,29,4774117023
05kmAP,2018,2018_03_24,30,4720345556
05kmAP,2018,2018_03_25,29,4755611514
05kmAP,2018,2018_03_26,29,4771167896
05kmAP,2018,2018_03_27,29,4757118835
05kmAP,2018,2018_03_28,29,4774116993
05kmAP,2018,2018_03_29,29,4754104216
05kmAP,2018,2018_03_30,29,4775624326
05kmAP,2018,2018_03_31,29,4745657649
05kmAP,2018,2018_04_01,29,4774182561
05kmAP,2018,2018_04_02,30,4929255814
05kmAP,2018,2018_04_03,29,4755611580
05kmAP,2018,2018_04_04,29,4772439146
05kmAP,2018,2018_04_05,29,4755546037
05kmAP,2018,2018_04_06,29,4773880909
05kmAP,2018,2018_04_07,29,4755611520
05kmAP,2018,2018_04_08,29,4774182540
05kmAP,2018,2018_04_09,30,4929190237
05kmAP,2018,2018_04_10,29,4755611501
05kmAP,2018,2018_04_11,29,4774182547
05kmAP,2018,2018_04_12,29,4755611497
05kmAP,2018,2018_04_13,29,4669557878
05kmAP,2018,2018_04_14,29,4754038631
05kmAP,2018,2018_04_15,29,4775624339
05kmAP,2018,2018_04_16,29,4745552525
05kmAP,2018,2018_04_17,29,4641229588
05kmAP,2018,2018_04_18,30,4929255782
05kmAP,2018,2018_04_19,29,4755611521
05kmAP,2018,2018_04_20,29,4622597821
05kmAP,2018,2018_04_21,29,4755545970
05kmAP,2018,2018_04_22,29,4775558830
05kmAP,2018,2018_04_23,29,4754104192
05kmAP,2018,2018_04_24,27,4446972321
05kmAP,2018,2018_04_25,15,2454588727
05kmAP,2018,2018_04_26,12,1865007208
05kmAP,2018,2018_04_27,29,4774182555
05kmAP,2018,2018_04_28,29,4755545946
05kmAP,2018,2018_04_29,29,4774116983
05kmAP,2018,2018_04_30,29,4755545947
05kmAP,2018,2018_05_01,29,4775624304
05kmAP,2018,2018_05_02,29,4753736946
05kmAP,2018,2018_05_03,29,4774182529
05kmAP,2018,2018_05_04,30,4929019647
05kmAP,2018,2018_05_05,29,4755611487
05kmAP,2018,2018_05_06,29,4774182538
05kmAP,2018,2018_05_07,29,4753802502
05kmAP,2018,2018_05_08,29,4774182475
05kmAP,2018,2018_05_09,29,4755545962
05kmAP,2018,2018_05_10,29,4774182508
05kmAP,2018,2018_05_11,29,4753867995
05kmAP,2018,2018_05_12,30,4929255794
05kmAP,2018,2018_05_13,29,4774182515
05kmAP,2018,2018_05_14,29,4755611483
05kmAP,2018,2018_05_15,29,4774116957
05kmAP,2018,2018_05_16,29,4755545945
05kmAP,2018,2018_05_17,29,4773985910
05kmAP,2018,2018_05_18,18,2785221937
05kmAP,2018,2018_05_21,11,1793467641
05kmAP,2018,2018_05_22,29,4773658262
05kmAP,2018,2018_05_23,29,4750090506
05kmAP,2018,2018_05_24,29,4774968984
05kmAP,2018,2018_05_25,29,4756397956
05kmAP,2018,2018_05_26,29,4774903460
05kmAP,2018,2018_05_27,29,4754890549
05kmAP,2018,2018_05_28,30,4928338296
05kmAP,2018,2018_05_29,29,4771820837
05kmAP,2018,2018_05_30,29,4753013608
05kmAP,2018,2018_05_31,29,4773199530
05kmAP,2018,2018_06_01,29,4756201376
05kmAP,2018,2018_06_02,29,4773199552
05kmAP,2018,2018_06_03,29,4753186724
05kmAP,2018,2018_06_04,29,4773199531
05kmAP,2018,2018_06_05,28,4601128068
05kmAP,2018,2018_06_06,17,2782781961
05kmAP,2018,2018_06_07,29,4773199527
05kmAP,2018,2018_06_08,29,4751440790
05kmAP,2018,2018_06_09,29,4773199551
05kmAP,2018,2018_06_10,29,4754694079
05kmAP,2018,2018_06_11,29,4665730857
05kmAP,2018,2018_06_12,29,4754694054
05kmAP,2018,2018_06_13,29,4773199565
05kmAP,2018,2018_06_14,30,4928272786
05kmAP,2018,2018_06_15,29,4754694064
05kmAP,2018,2018_06_16,29,4771692223
05kmAP,2018,2018_06_17,29,4754694059
05kmAP,2018,2018_06_18,29,4774706874
05kmAP,2018,2018_06_19,29,4747888361
05kmAP,2018,2018_06_20,29,4773199579
05kmAP,2018,2018_06_21,30,4928272792
05kmAP,2018,2018_06_22,29,4739804189
05kmAP,2018,2018_06_23,15,2406999056
05kmAP,2018,2018_06_24,29,4754691616
05kmAP,2018,2018_06_25,29,4773199569
05kmAP,2018,2018_06_26,29,4756201421
05kmAP,2018,2018_06_27,29,4773197153
05kmAP,2018,2018_06_28,29,4753186706
05kmAP,2018,2018_06_29,29,4773199545
05kmAP,2018,2018_06_30,30,4928272785
05kmAP,2018,2018_07_01,29,4754694047
05kmAP,2018,2018_07_02,29,4773199526
05kmAP,2018,2018_07_03,29,4754694030
05kmAP,2018,2018_07_04,29,4774706874
05kmAP,2018,2018_07_05,29,4751440792
05kmAP,2018,2018_07_06,29,4773199504
05kmAP,2018,2018_07_07,30,4929780082
05kmAP,2018,2018_07_08,29,4756201301
05kmAP,2018,2018_07_09,29,4773199511
05kmAP,2018,2018_07_10,29,4746380927
05kmAP,2018,2018_07_11,29,4774706842
05kmAP,2018,2018_07_12,29,4754694007
05kmAP,2018,2018_07_13,29,4773199494
05kmAP,2018,2018_07_14,29,4754693959
05kmAP,2018,2018_07_15,30,4928272736
05kmAP,2018,2018_07_16,29,4773199481
05kmAP,2018,2018_07_17,29,4702997000
05kmAP,2018,2018_07_18,29,4773199504
05kmAP,2018,2018_07_19,29,4754694012
05kmAP,2018,2018_07_20,29,4773199519
05kmAP,2018,2018_07_21,29,4729382772
05kmAP,2018,2018_07_22,29,4773199493
05kmAP,2018,2018_07_23,30,4928272741
05kmAP,2018,2018_07_24,29,4754693950
05kmAP,2018,2018_07_25,29,4773199504
05kmAP,2018,2018_07_26,29,4752950499
05kmAP,2018,2018_07_27,29,4773199519
05kmAP,2018,2018_07_28,29,4754457840
05kmAP,2018,2018_07_29,29,4773199484
05kmAP,2018,2018_07_30,29,4753186689
05kmAP,2018,2018_07_31,30,4928272738
05kmAP,2018,2018_08_01,29,4766627505
05kmAP,2018,2018_08_02,29,4727870642
05kmAP,2018,2018_08_03,29,4663921820
05kmAP,2018,2018_08_04,28,4601128052
05kmAP,2018,2018_08_05,29,4774706811
05kmAP,2018,2018_08_06,29,4754694001
05kmAP,2018,2018_08_07,29,4773199543
05kmAP,2018,2018_08_08,30,4820528348
05kmAP,2018,2018_08_09,19,3111499470
05kmAP,2018,2018_08_10,12,1971977541
05kmAP,2018,2018_08_11,29,4754890624
05kmAP,2018,2018_08_12,29,4773527132
05kmAP,2018,2018_08_13,29,4755218281
05kmAP,2018,2018_08_14,29,4773592737
05kmAP,2018,2018_08_15,29,4753776511
05kmAP,2018,2018_08_16,30,4928993623
05kmAP,2018,2018_08_17,29,4774051472
05kmAP,2018,2018_08_18,29,4754038626
05kmAP,2018,2018_08_19,29,4774116987
05kmAP,2018,2018_08_20,29,4755611495
05kmAP,2018,2018_08_21,29,4775624342
05kmAP,2018,2018_08_22,29,4661216688
05kmAP,2018,2018_08_23,29,4420692373
05kmAP,2018,2018_08_24,27,3772620508
05kmAP,2018,2018_08_25,29,4757053268
05kmAP,2018,2018_08_26,29,4775624324
05kmAP,2018,2018_08_27,22,3615827389
05kmAP,2018,2018_08_28,2,298346475
05kmAP,2018,2018_08_29,29,4755611545
05kmAP,2018,2018_08_30,29,4774182544
05kmAP,2018,2018_08_31,30,4929255788
05kmAP,2018,2018_09_01,29,4755611499
05kmAP,2018,2018_09_02,29,4774116977
05kmAP,2018,2018_09_03,29,4755545958
05kmAP,2018,2018_09_04,29,4769660563
05kmAP,2018,2018_09_05,29,4752360712
05kmAP,2018,2018_09_06,27,4439435752
05kmAP,2018,2018_09_07,15,2449830576
05kmAP,2018,2018_09_08,29,4753506849
05kmAP,2018,2018_09_09,30,4909424449
05kmAP,2018,2018_09_10,29,4734272767
05kmAP,2018,2018_09_11,29,4754351134
05kmAP,2018,2018_09_12,17,2757332072
05kmAP,2018,2018_09_25,9,1461029338
05kmAP,2018,2018_09_26,29,4750494613
05kmAP,2018,2018_09_27,29,4730638818
05kmAP,2018,2018_09_28,29,4750887814
05kmAP,2018,2018_09_29,30,4904545272
05kmAP,2018,2018_09_30,29,4502284176
05kmAP,2018,2018_10_01,28,3867240835
05kmAP,2018,2018_10_02,29,4730966518
05kmAP,2018,2018_10_03,30,4904479726
05kmAP,2018,2018_10_04,29,4747896744
05kmAP,2018,2018_10_05,29,4730966494
05kmAP,2018,2018_10_06,29,4751281032
05kmAP,2018,2018_10_07,30,4903037940
05kmAP,2018,2018_10_08,29,4730966487
05kmAP,2018,2018_10_09,29,4751215498
05kmAP,2018,2018_10_10,29,4730966472
05kmAP,2018,2018_10_11,29,4751215493
05kmAP,2018,2018_10_12,30,4899480578
05kmAP,2018,2018_10_13,29,4730966521
05kmAP,2018,2018_10_14,27,4424306999
05kmAP,2018,2018_10_19,8,1307896207
05kmAP,2018,2018_10_20,30,4899651264
05kmAP,2018,2018_10_21,29,4730966511
05kmAP,2018,2018_10_22,27,4424241451
05kmAP,2018,2018_10_23,17,2769056675
05kmAP,2018,2018_10_24,29,4751215562
05kmAP,2018,2018_10_25,30,4899483085
05kmAP,2018,2018_10_26,29,4725904282
05kmAP,2018,2018_10_27,29,4485587791
05kmAP,2018,2018_10_28,29,4729459233
05kmAP,2018,2018_10_29,30,4904479732
05kmAP,2018,2018_10_30,29,4751281036
05kmAP,2018,2018_10_31,29,4729328120
05kmAP,2018,2018_11_01,29,4751281033
05kmAP,2018,2018_11_02,29,4625070699
05kmAP,2018,2018_11_03,29,4730900951
05kmAP,2018,2018_11_04,29,4749642657
05kmAP,2018,2018_11_05,29,4729459161
05kmAP,2018,2018_11_06,29,4751215501
05kmAP,2018,2018_11_07,30,4904610807
05kmAP,2018,2018_11_08,26,4250597128
05kmAP,2018,2018_11_09,24,3773912992
05kmAP,2018,2018_11_10,29,4730966475
05kmAP,2018,2018_11_11,30,4904545245
05kmAP,2018,2018_11_12,29,4751281028
05kmAP,2018,2018_11_13,29,4730966496
05kmAP,2018,2018_11_14,29,4751281053
05kmAP,2018,2018_11_15,30,4904610785
05kmAP,2018,2018_11_16,29,4582934261
05kmAP,2018,2018_11_17,29,4751215511
05kmAP,2018,2018_11_18,29,4675691018
05kmAP,2018,2018_11_19,29,3812941950
05kmAP,2018,2018_11_20,30,4857346661
05kmAP,2018,2018_11_21,24,3514826327
05kmAP,2018,2018_11_22,29,4751215512
05kmAP,2018,2018_11_23,29,4730966478
05kmAP,2018,2018_11_24,30,4904545258
05kmAP,2018,2018_11_25,29,4751215513
05kmAP,2018,2018_11_26,29,4730901006
05kmAP,2018,2018_11_27,29,4751215477
05kmAP,2018,2018_11_28,27,4403926929
05kmAP,2018,2018_11_29,29,4730900961
05kmAP,2018,2018_11_30,29,4751215496
05kmAP,2018,2018_12_01,29,4730835472
05kmAP,2018,2018_12_02,29,4751215511
05kmAP,2018,2018_12_03,30,4904545274
05kmAP,2018,2018_12_04,29,4729393629
05kmAP,2018,2018_12_05,29,4751149932
05kmAP,2018,2018_12_06,3,480303837
05kmAP,2018,2018_12_12,27,4444555969
05kmAP,2018,2018_12_13,29,4751215502
05kmAP,2018,2018_12_14,29,4715884859
05kmAP,2018,2018_12_15,29,4751281023
05kmAP,2018,2018_12_16,30,4904479697
05kmAP,2018,2018_12_17,29,4730966493
05kmAP,2018,2018_12_18,29,4751215483
05kmAP,2018,2018_12_19,29,4727582207
05kmAP,2018,2018_12_20,29,4751215527
05kmAP,2018,2018_12_21,30,4904545268
05kmAP,2018,2018_12_22,29,4730835446
05kmAP,2018,2018_12_23,29,4751215500
05kmAP,2018,2018_12_24,29,4730835425
05kmAP,2018,2018_12_25,30,4904479672
05kmAP,2018,2018_12_26,29,4751084403
05kmAP,2018,2018_12_27,29,4730507766
05kmAP,2018,2018_12_28,29,4750756760
05kmAP,2018,2018_12_29,30,4904020972
05kmAP,2018,2018_12_30,29,4701786227
05kmAP,2018,2018_12_31,29,4494482387
05kmAP,2019,2019_01_01,29,4726861317
05kmAP,2019,2019_01_02,29,4750363517
05kmAP,2019,2019_01_03,30,4903627763
05kmAP,2019,2019_01_04,29,4726924464
05kmAP,2019,2019_01_05,29,4750297981
05kmAP,2019,2019_01_06,29,4566829829
05kmAP,2019,2019_01_07,30,4903627713
05kmAP,2019,2019_01_08,29,4750297995
05kmAP,2019,2019_01_09,29,4730048993
05kmAP,2019,2019_01_10,29,4750297994
05kmAP,2019,2019_01_11,30,4799239233
05kmAP,2019,2019_01_12,29,4728775418
05kmAP,2019,2019_01_13,29,4750770294
05kmAP,2019,2019_01_14,29,4722376477
05kmAP,2019,2019_01_15,29,4750534152
05kmAP,2019,2019_01_16,30,4904572385
05kmAP,2019,2019_01_17,29,4730757460
05kmAP,2019,2019_01_18,27,4424334134
05kmAP,2019,2019_01_19,1,153565919
05kmAP,2019,2019_01_20,30,4905516972
05kmAP,2019,2019_01_21,29,4751951121
05kmAP,2019,2019_01_22,29,4727820686
05kmAP,2019,2019_01_23,29,4752659619
05kmAP,2019,2019_01_24,29,4732646757
05kmAP,2019,2019_01_25,30,4907170159
05kmAP,2019,2019_01_26,29,4753368061
05kmAP,2019,2019_01_27,29,4733355232
05kmAP,2019,2019_01_28,29,4753604260
05kmAP,2019,2019_01_29,30,4883130106
05kmAP,2019,2019_01_30,29,4733355234
05kmAP,2019,2019_01_31,29,4753368075
05kmAP,2019,2019_02_01,29,4733119087
05kmAP,2019,2019_02_02,29,4753604243
05kmAP,2019,2019_02_03,30,4906697777
05kmAP,2019,2019_02_04,29,4733355247
05kmAP,2019,2019_02_05,29,4753368083
05kmAP,2019,2019_02_06,26,4252644615
05kmAP,2019,2019_02_07,3,480474439
05kmAP,2019,2019_02_08,29,4753368029
05kmAP,2019,2019_02_09,29,4733355230
05kmAP,2019,2019_02_10,29,4750049336
05kmAP,2019,2019_02_11,30,4900362024
05kmAP,2019,2019_02_12,29,4733355258
05kmAP,2019,2019_02_13,29,4753368116
05kmAP,2019,2019_02_14,29,4731373222
05kmAP,2019,2019_02_15,29,4753604293
05kmAP,2019,2019_02_16,30,4906934016
05kmAP,2019,2019_02_17,29,4733355282
05kmAP,2019,2019_02_18,29,4753604329
05kmAP,2019,2019_02_19,29,4732882953
05kmAP,2019,2019_02_20,30,4907170160
05kmAP,2019,2019_02_21,29,4753368090
05kmAP,2019,2019_02_22,29,4575264115
05kmAP,2019,2019_02_23,29,4753604242
05kmAP,2019,2019_02_24,30,4890066903
05kmAP,2019,2019_02_25,29,4733355229
05kmAP,2019,2019_02_26,29,4753368100
05kmAP,2019,2019_02_27,29,4733355240
05kmAP,2019,2019_02_28,29,4753604201
05kmAP,2019,2019_03_01,30,4906697823
05kmAP,2019,2019_03_02,29,4733355261
05kmAP,2019,2019_03_03,29,4753368062
05kmAP,2019,2019_03_04,29,4733355254
05kmAP,2019,2019_03_05,29,4753368062
05kmAP,2019,2019_03_06,30,4906934001
05kmAP,2019,2019_03_07,29,4726547107
05kmAP,2019,2019_03_08,17,2790500011
05kmAP,2019,2019_03_11,12,1813157874
05kmAP,2019,2019_03_12,29,4733119099
05kmAP,2019,2019_03_13,28,4600038312
05kmAP,2019,2019_03_14,30,4900062730
05kmAP,2019,2019_03_15,29,4628730571
05kmAP,2019,2019_03_16,29,4753368085
05kmAP,2019,2019_03_17,29,4733355246
05kmAP,2019,2019_03_18,29,4753604250
05kmAP,2019,2019_03_19,30,4906934002
05kmAP,2019,2019_03_20,29,4733355216
05kmAP,2019,2019_03_21,29,4753368102
05kmAP,2019,2019_03_22,29,4733355277
05kmAP,2019,2019_03_23,30,4906934018
05kmAP,2019,2019_03_24,29,4749878728
05kmAP,2019,2019_03_25,29,4731310074
05kmAP,2019,2019_03_26,29,4753604251
05kmAP,2019,2019_03_27,30,4906934002
05kmAP,2019,2019_03_28,29,4733355254
05kmAP,2019,2019_03_29,29,4753368049
05kmAP,2019,2019_03_30,29,4709853049
05kmAP,2019,2019_03_31,29,4753604253
05kmAP,2019,2019_04_01,28,4579789323
05kmAP,2019,2019_04_02,15,2443578709
05kmAP,2019,2019_04_03,29,4753368114
05kmAP,2019,2019_04_04,29,4733591495
05kmAP,2019,2019_04_05,30,4907170214
05kmAP,2019,2019_04_06,29,4359209102
05kmAP,2019,2019_04_07,28,4573519058
05kmAP,2019,2019_04_08,14,2289776588
05kmAP,2019,2019_04_09,29,4733355232
05kmAP,2019,2019_04_10,28,4368619172
05kmAP,2019,2019_04_11,29,4753368052
05kmAP,2019,2019_04_12,29,4730102019
05kmAP,2019,2019_04_13,29,4753604222
05kmAP,2019,2019_04_14,30,4907170201
05kmAP,2019,2019_04_15,26,4252644635
05kmAP,2019,2019_04_16,22,3598591480
05kmAP,2019,2019_04_17,29,4728292979
05kmAP,2019,2019_04_18,29,4753604213
05kmAP,2019,2019_04_19,30,4890239980
05kmAP,2019,2019_04_20,29,4704318482
05kmAP,2019,2019_04_21,29,4753604205
05kmAP,2019,2019_04_22,29,4733355237
05kmAP,2019,2019_04_23,30,4906933958
05kmAP,2019,2019_04_24,29,4751858319
05kmAP,2019,2019_04_25,29,4729800329
05kmAP,2019,2019_04_26,29,4753604233
05kmAP,2019,2019_04_27,30,4906934021
05kmAP,2019,2019_04_28,29,4733355207
05kmAP,2019,2019_04_29,29,4753368054
05kmAP,2019,2019_04_30,29,4733355262
05kmAP,2019,2019_05_01,29,4753604251
05kmAP,2019,2019_05_02,30,4903615185
05kmAP,2019,2019_05_03,28,4576234406
05kmAP,2019,2019_05_04,29,4753368067
05kmAP,2019,2019_05_05,29,4633449457
05kmAP,2019,2019_05_06,29,4733355250
05kmAP,2019,2019_05_07,29,4744987055
05kmAP,2019,2019_05_08,29,4714679114
05kmAP,2019,2019_05_09,29,4753604228
05kmAP,2019,2019_05_10,30,4802309366
05kmAP,2019,2019_05_11,29,4496357441
05kmAP,2019,2019_05_12,29,4654104969
05kmAP,2019,2019_05_13,29,4733355222
05kmAP,2019,2019_05_14,29,4753604222
05kmAP,2019,2019_05_15,30,4891983422
05kmAP,2019,2019_05_16,29,4728356121
05kmAP,2019,2019_05_17,29,4602085071
05kmAP,2019,2019_05_18,29,4733355223
05kmAP,2019,2019_05_19,29,4751858330
05kmAP,2019,2019_05_20,30,4905424252
05kmAP,2019,2019_05_21,29,4729865892
05kmAP,2019,2019_05_22,27,4399168675
05kmAP,2019,2019_05_23,29,4733119136
05kmAP,2019,2019_05_24,30,4906933954
05kmAP,2019,2019_05_25,29,4753368078
05kmAP,2019,2019_05_26,29,4733355261
05kmAP,2019,2019_05_27,29,4753604235
05kmAP,2019,2019_05_28,30,4888494059
05kmAP,2019,2019_05_29,29,4730102020
05kmAP,2019,2019_05_30,29,4753604279
05kmAP,2019,2019_05_31,29,4733591474
05kmAP,2019,2019_06_01,29,4749577047
05kmAP,2019,2019_06_02,30,4903615292
05kmAP,2019,2019_06_03,29,4730102066
05kmAP,2019,2019_06_04,29,4753604266
05kmAP,2019,2019_06_05,29,4729800405
05kmAP,2019,2019_06_06,30,4906697900
05kmAP,2019,2019_06_07,29,4753368113
05kmAP,2019,2019_06_08,29,4733355316
05kmAP,2019,2019_06_09,29,4753368157
05kmAP,2019,2019_06_10,30,4841061501
05kmAP,2019,2019_06_11,29,4733355292
05kmAP,2019,2019_06_12,29,4751858390
05kmAP,2019,2019_06_13,29,4730102058
05kmAP,2019,2019_06_14,29,4753368144
05kmAP,2019,2019_06_15,30,4905188147
05kmAP,2019,2019_06_16,29,4731609394
05kmAP,2019,2019_06_17,29,4753131979
05kmAP,2019,2019_06_18,29,4733119139
05kmAP,2019,2019_06_19,30,4907170249
05kmAP,2019,2019_06_20,29,4753368114
05kmAP,2019,2019_06_21,29,4733355297
05kmAP,2019,2019_06_22,29,4753131949
05kmAP,2019,2019_06_23,30,4906934070
05kmAP,2019,2019_06_24,29,4733119123
05kmAP,2019,2019_06_25,29,4753131937
05kmAP,2019,2019_06_26,29,4733355286
05kmAP,2019,2019_06_27,29,4752094571
05kmAP,2019,2019_06_28,30,4906934037
05kmAP,2019,2019_06_29,29,4728054482
05kmAP,2019,2019_06_30,29,4752094561
05kmAP,2019,2019_07_01,29,4733355290
05kmAP,2019,2019_07_02,30,4907170240
05kmAP,2019,2019_07_03,29,4753368124
05kmAP,2019,2019_07_04,29,4733355296
05kmAP,2019,2019_07_05,29,4649150207
05kmAP,2019,2019_07_06,30,4905188134
05kmAP,2019,2019_07_07,29,4733355261
05kmAP,2019,2019_07_08,29,4752094556
05kmAP,2019,2019_07_09,29,4733119110
05kmAP,2019,2019_07_10,29,4753368027
05kmAP,2019,2019_07_11,30,4902105549
05kmAP,2019,2019_07_12,29,4717822454
05kmAP,2019,2019_07_13,29,4753368121
05kmAP,2019,2019_07_14,29,4731845503
05kmAP,2019,2019_07_15,30,4907170161
05kmAP,2019,2019_07_16,29,4753368091
05kmAP,2019,2019_07_17,29,4733119089
05kmAP,2019,2019_07_18,29,4753604225
05kmAP,2019,2019_07_19,30,4906697853
05kmAP,2019,2019_07_20,29,4730102025
05kmAP,2019,2019_07_21,29,4753368081
05kmAP,2019,2019_07_22,29,4731609398
05kmAP,2019,2019_07_23,29,4735225011
05kmAP,2019,2019_07_24,30,4906934006
05kmAP,2019,2019_07_25,29,4733119103
05kmAP,2019,2019_07_26,29,4752094495
05kmAP,2019,2019_07_27,29,4733119069
05kmAP,2019,2019_07_28,30,4905188087
05kmAP,2019,2019_07_29,29,4753368084
05kmAP,2019,2019_07_30,29,4546638910
05kmAP,2019,2019_07_31,29,4521259480
05kmAP,2019,2019_08_01,30,4765773066
05kmAP,2019,2019_08_02,28,4078264566
05kmAP,2019,2019_08_03,29,4753604223
05kmAP,2019,2019_08_04,29,4728056842
05kmAP,2019,2019_08_05,29,4753604229
05kmAP,2019,2019_08_06,30,4809416805
05kmAP,2019,2019_08_07,29,4527656074
05kmAP,2019,2019_08_08,29,4546332162
05kmAP,2019,2019_08_09,29,4583579528
05kmAP,2019,2019_08_10,27,4426459545
05kmAP,2019,2019_08_11,2,253192797
05kmAP,2019,2019_08_12,29,4733355255
05kmAP,2019,2019_08_13,29,4753604203
05kmAP,2019,2019_08_14,30,4906697856
05kmAP,2019,2019_08_15,29,4733355244
05kmAP,2019,2019_08_16,29,4753368075
05kmAP,2019,2019_08_17,29,4733119102
05kmAP,2019,2019_08_18,29,4753604247
05kmAP,2019,2019_08_19,30,4903615235
05kmAP,2019,2019_08_20,29,4726313346
05kmAP,2019,2019_08_21,29,4706471127
05kmAP,2019,2019_08_22,29,3116908511
05kmAP,2019,2019_08_23,30,4639221711
05kmAP,2019,2019_08_24,29,3961943845
05kmAP,2019,2019_08_25,29,4729800266
05kmAP,2019,2019_08_26,29,4610526772
05kmAP,2019,2019_08_27,28,3588029829
05kmAP,2019,2019_08_29,2,327144681
05kmAP,2019,2019_08_30,29,4714786645
05kmAP,2019,2019_08_31,29,4734691957
05kmAP,2019,2019_09_01,30,4903379062
05kmAP,2019,2019_09_02,29,4597085958
05kmAP,2019,2019_09_03,29,4411638355
05kmAP,2019,2019_09_04,29,4419949062
05kmAP,2019,2019_09_05,30,4862973935
05kmAP,2019,2019_09_06,27,4360270878
05kmAP,2019,2019_09_07,29,4541993591
05kmAP,2019,2019_09_08,27,4163186620
05kmAP,2019,2019_09_09,29,4405721946
05kmAP,2019,2019_09_10,29,4723951785
05kmAP,2019,2019_09_11,29,4482924609
05kmAP,2019,2019_09_12,29,4478100930
05kmAP,2019,2019_09_13,29,4721904204
05kmAP,2019,2019_09_14,30,4458281163
05kmAP,2019,2019_09_15,25,4074722245
05kmAP,2019,2019_09_16,29,4461167746
05kmAP,2019,2019_09_17,29,4082670667
05kmAP,2019,2019_09_18,30,4877331096
05kmAP,2019,2019_09_19,29,4362559962
05kmAP,2019,2019_09_20,29,4705799946
05kmAP,2019,2019_09_21,29,4544993202
05kmAP,2019,2019_09_22,30,4250503180
05kmAP,2019,2019_09_23,29,4721012603
05kmAP,2019,2019_09_24,29,4456826677
05kmAP,2019,2019_09_25,29,4519275126
05kmAP,2019,2019_09_26,29,4726418529
05kmAP,2019,2019_09_27,30,4557961083
05kmAP,2019,2019_09_28,29,4620281749
05kmAP,2019,2019_09_29,29,4194323442
05kmAP,2019,2019_09_30,29,4017493033
05kmAP,2019,2019_10_01,30,4805686768
05kmAP,2019,2019_10_02,29,4263512124
05kmAP,2019,2019_10_03,29,4595078012
05kmAP,2019,2019_10_04,29,4175949022
05kmAP,2019,2019_10_05,29,4074979572
05kmAP,2019,2019_10_06,29,4724197910
05kmAP,2019,2019_10_07,29,4515823177
05kmAP,2019,2019_10_08,29,4527719535
05kmAP,2019,2019_10_09,29,4729564314
05kmAP,2019,2019_10_10,30,4901292072
05kmAP,2019,2019_10_11,29,4729328102
05kmAP,2019,2019_10_12,29,4463464233
05kmAP,2019,2019_10_13,27,3906059723
05kmAP,2019,2019_10_14,30,4802370124
05kmAP,2019,2019_10_15,28,4508613604
05kmAP,2019,2019_10_16,29,4719505333
05kmAP,2019,2019_10_17,29,4751281044
05kmAP,2019,2019_10_18,30,4766939245
05kmAP,2019,2019_10_19,29,4171358832
05kmAP,2019,2019_10_20,29,4561112497
05kmAP,2019,2019_10_21,29,4675426432
05kmAP,2019,2019_10_22,29,4749773740
05kmAP,2019,2019_10_23,29,4724396953
05kmAP,2019,2019_10_24,10,1603160081
05kmAP,2019,2019_10_25,29,4600234210
05kmAP,2019,2019_10_26,29,4711189884
05kmAP,2019,2019_10_27,30,4903103488
05kmAP,2019,2019_10_28,29,4748132923
05kmAP,2019,2019_10_29,29,4724567613
05kmAP,2019,2019_10_30,10,1377623522
05kmAP,2019,2019_10_31,30,4901596161
05kmAP,2019,2019_11_01,29,4640191849
05kmAP,2019,2019_11_02,29,4751149956
05kmAP,2019,2019_11_03,28,4544117556
05kmAP,2019,2019_11_04,28,4419650643
05kmAP,2019,2019_11_05,30,4901596154
05kmAP,2019,2019_11_06,29,4729393656
05kmAP,2019,2019_11_07,29,4749773740
05kmAP,2019,2019_11_08,29,4730966454
05kmAP,2019,2019_11_09,30,4903103473
05kmAP,2019,2019_11_10,29,4557861447
05kmAP,2019,2019_11_11,27,4343890866
05kmAP,2019,2019_11_12,22,3596714581
05kmAP,2019,2019_11_13,30,4826972943
05kmAP,2019,2019_11_14,29,4494034250
05kmAP,2019,2019_11_15,29,4749773720
05kmAP,2019,2019_11_16,29,4729459196
05kmAP,2019,2019_11_17,29,4751215516
05kmAP,2019,2019_11_18,30,4875849713
05kmAP,2019,2019_11_19,29,4729393632
05kmAP,2019,2019_11_20,29,4749708165
05kmAP,2019,2019_11_21,29,4697615507
05kmAP,2019,2019_11_22,25,2904898705
05kmAP,2019,2019_11_23,29,4665671365
05kmAP,2019,2019_11_24,29,4727755228
05kmAP,2019,2019_11_25,29,4721078189
05kmAP,2019,2019_11_26,30,4901530592
05kmAP,2019,2019_11_27,29,4724331372
05kmAP,2019,2019_11_28,29,4751215501
05kmAP,2019,2019_11_29,29,4729393601
05kmAP,2019,2019_11_30,29,4726308642
05kmAP,2019,2019_12_01,30,4902969963
05kmAP,2019,2019_12_02,29,4730966463
05kmAP,2019,2019_12_03,29,4751215504
05kmAP,2019,2019_12_04,29,4729328120
05kmAP,2019,2019_12_05,30,4849098836
05kmAP,2019,2019_12_06,29,4698994161
05kmAP,2019,2019_12_07,29,4729328126
05kmAP,2019,2019_12_08,29,4751215518
05kmAP,2019,2019_12_09,30,4904545299
05kmAP,2019,2019_12_10,29,4730900947
05kmAP,2019,2019_12_11,29,4751281051
05kmAP,2019,2019_12_12,29,4699190820
05kmAP,2019,2019_12_13,23,3019874365
05kmAP,2019,2019_12_14,30,4904545243
05kmAP,2019,2019_12_15,29,4653567195
05kmAP,2019,2019_12_16,29,4749642614
05kmAP,2019,2019_12_17,29,4727820793
05kmAP,2019,2019_12_18,29,4630471781
05kmAP,2019,2019_12_19,27,4351967516
05kmAP,2019,2019_12_20,29,4726009368
05kmAP,2019,2019_12_21,24,3464678599
05kmAP,2019,2019_12_22,30,4833715521
05kmAP,2019,2019_12_23,1,109686060
05kmAP,2019,2019_12_24,29,4660504001
05kmAP,2019,2019_12_25,29,4725904259
05kmAP,2019,2019_12_26,29,4751084417
05kmAP,2019,2019_12_27,30,4660367291
05kmAP,2019,2019_12_28,29,4479962172
05kmAP,2019,2019_12_29,29,4751215518
05kmAP,2019,2019_12_30,29,4727582195
05kmAP,2019,2019_12_31,28,4468391608
05kmAP,2020,2020_01_01,29,4751215503
05kmAP,2020,2020_01_02,29,4722585506
05kmAP,2020,2020_01_03,29,4751215485
05kmAP,2020,2020_01_04,30,4872704012
05kmAP,2020,2020_01_05,28,4041089082
05kmAP,2020,2020_01_06,29,4729627422
05kmAP,2020,2020_01_07,29,4704016864
05kmAP,2020,2020_01_08,29,4320489407
05kmAP,2020,2020_01_09,2,208666624
05kmAP,2020,2020_01_15,15,2378428226
05kmAP,2020,2020_01_16,25,4058250788
05kmAP,2020,2020_01_17,29,4737353018
05kmAP,2020,2020_01_18,27,4200461820
05kmAP,2020,2020_01_19,29,4750625703
05kmAP,2020,2020_01_20,27,3992890572
05kmAP,2020,2020_01_21,29,4737116878
05kmAP,2020,2020_01_22,29,4632964577
05kmAP,2020,2020_01_23,29,4520964256
05kmAP,2020,2020_01_24,29,4663270335
05kmAP,2020,2020_01_25,29,4604201084
05kmAP,2020,2020_01_26,30,4806472947
05kmAP,2020,2020_01_27,29,4668566349
05kmAP,2020,2020_01_28,29,4675243408
05kmAP,2020,2020_01_29,29,4417587439
05kmAP,2020,2020_01_30,30,4424586267
05kmAP,2020,2020_01_31,29,4546882785
05kmAP,2020,2020_02_01,29,4653250947
05kmAP,2020,2020_02_02,29,4696829080
05kmAP,2020,2020_02_03,29,4602735708
05kmAP,2020,2020_02_04,30,4798564544
05kmAP,2020,2020_02_05,29,4597498265
05kmAP,2020,2020_02_06,29,4750298012
05kmAP,2020,2020_02_07,29,4009924431
05kmAP,2020,2020_02_08,28,4196646437
05kmAP,2020,2020_02_09,29,4748788270
05kmAP,2020,2020_02_10,25,4076231941
05kmAP,2020,2020_02_11,27,4423389492
05kmAP,2020,2020_02_12,29,4730048994
05kmAP,2020,2020_02_13,30,4703699270
05kmAP,2020,2020_02_14,29,4365934309
05kmAP,2020,2020_02_15,29,4057227945
05kmAP,2020,2020_02_16,27,4191517338
05kmAP,2020,2020_02_17,28,4465992807
05kmAP,2020,2020_02_18,29,4352423858
05kmAP,2020,2020_02_19,25,3663908687
05kmAP,2020,2020_02_22,30,4902117978
05kmAP,2020,2020_02_23,29,4696595344
05kmAP,2020,2020_02_24,29,4572296452
05kmAP,2020,2020_02_25,29,4728541633
05kmAP,2020,2020_02_26,30,4883848671
05kmAP,2020,2020_02_27,27,4324596269
05kmAP,2020,2020_02_28,19,3095506439
05kmAP,2020,2020_02_29,12,1695715814
05kmAP,2020,2020_03_01,30,4728947387
05kmAP,2020,2020_03_02,29,3943187208
05kmAP,2020,2020_03_03,29,4547013572
05kmAP,2020,2020_03_04,29,4710036180
05kmAP,2020,2020_03_05,29,4419159799
05kmAP,2020,2020_03_06,30,4671153126
05kmAP,2020,2020_03_07,29,4277938575
05kmAP,2020,2020_03_08,28,4122757882
05kmAP,2020,2020_03_09,29,4730048979
05kmAP,2020,2020_03_10,30,4903627773
05kmAP,2020,2020_03_11,29,4750298007
05kmAP,2020,2020_03_12,29,4730049010
05kmAP,2020,2020_03_13,29,4750297991
05kmAP,2020,2020_03_14,30,4903627753
05kmAP,2020,2020_03_15,29,4730048982
05kmAP,2020,2020_03_16,29,4750297979
05kmAP,2020,2020_03_17,29,4711779657
05kmAP,2020,2020_03_18,29,4750297971
05kmAP,2020,2020_03_19,30,4895246767
05kmAP,2020,2020_03_20,29,4576352348
05kmAP,2020,2020_03_21,29,4728541690
05kmAP,2020,2020_03_22,29,4726795782
05kmAP,2020,2020_03_23,24,3430826916
05kmAP,2020,2020_03_24,29,4512452699
05kmAP,2020,2020_03_25,29,4703464146
05kmAP,2020,2020_03_26,24,3161648774
05kmAP,2020,2020_03_27,30,4903627751
05kmAP,2020,2020_03_28,29,4726795794
05kmAP,2020,2020_03_29,29,4750297993
05kmAP,2020,2020_03_30,29,4728476150
05kmAP,2020,2020_03_31,29,4750534217
05kmAP,2020,2020_04_01,30,4895246821
05kmAP,2020,2020_04_02,28,4565557392
05kmAP,2020,2020_04_03,25,4096717189
05kmAP,2020,2020_04_04,19,3018408810
05kmAP,2020,2020_04_05,29,4750298033
05kmAP,2020,2020_04_06,30,4903863903
05kmAP,2020,2020_04_07,29,4730757494
05kmAP,2020,2020_04_08,29,4732028639
05kmAP,2020,2020_04_09,29,4676280504
05kmAP,2020,2020_04_10,29,4529821205
05kmAP,2020,2020_04_11,20,2465393697
05kmAP,2020,2020_04_12,29,4727740417
05kmAP,2020,2020_04_13,29,4750534143
05kmAP,2020,2020_04_14,30,4897528097
05kmAP,2020,2020_04_15,29,4722848789
05kmAP,2020,2020_04_16,29,4751242615
05kmAP,2020,2020_04_17,29,4626132816
05kmAP,2020,2020_04_18,29,4750770313
05kmAP,2020,2020_04_19,30,4904100072
05kmAP,2020,2020_04_20,29,4730757490
05kmAP,2020,2020_04_21,29,4751951124
05kmAP,2020,2020_04_22,29,4731465992
05kmAP,2020,2020_04_23,30,4707916180
05kmAP,2020,2020_04_24,29,4722695353
05kmAP,2020,2020_04_25,29,4733119055
05kmAP,2020,2020_04_26,29,4753604217
05kmAP,2020,2020_04_27,30,4895472806
05kmAP,2020,2020_04_28,29,4716894931
05kmAP,2020,2020_04_29,29,4753131890
05kmAP,2020,2020_04_30,29,4728356147
05kmAP,2020,2020_05_01,29,4629200784
05kmAP,2020,2020_05_02,30,4868415665
05kmAP,2020,2020_05_03,29,4733591431
05kmAP,2020,2020_05_04,29,4753604248
05kmAP,2020,2020_05_05,29,4733591386
05kmAP,2020,2020_05_06,30,4884939167
05kmAP,2020,2020_05_07,29,4753604227
05kmAP,2020,2020_05_08,29,4733355269
05kmAP,2020,2020_05_09,29,4647708405
05kmAP,2020,2020_05_10,22,3593529231
05kmAP,2020,2020_05_11,29,4726481583
05kmAP,2020,2020_05_12,29,4753604216
05kmAP,2020,2020_05_13,29,4733591421
05kmAP,2020,2020_05_14,29,4753604215
05kmAP,2020,2020_05_15,30,4907170142
05kmAP,2020,2020_05_16,29,4703154778
05kmAP,2020,2020_05_17,29,4728122360
05kmAP,2020,2020_05_18,29,4733591393
05kmAP,2020,2020_05_19,30,4447374991
05kmAP,2020,2020_05_20,29,4753604235
05kmAP,2020,2020_05_21,29,4733591445
05kmAP,2020,2020_05_22,29,4753604245
05kmAP,2020,2020_05_23,30,4878369548
05kmAP,2020,2020_05_24,29,4733119119
05kmAP,2020,2020_05_25,29,4753368117
05kmAP,2020,2020_05_26,29,4733591475
05kmAP,2020,2020_05_27,28,4600038364
05kmAP,2020,2020_05_28,30,4905424301
05kmAP,2020,2020_05_29,28,4580025545
05kmAP,2020,2020_05_31,29,4708280217
05kmAP,2020,2020_06_01,30,4905188175
05kmAP,2020,2020_06_02,29,4753604282
05kmAP,2020,2020_06_03,29,4733591452
05kmAP,2020,2020_06_04,29,4721723477
05kmAP,2020,2020_06_05,30,4907170181
05kmAP,2020,2020_06_06,29,4733355241
05kmAP,2020,2020_06_07,29,4746562371
05kmAP,2020,2020_06_08,29,4718404668
05kmAP,2020,2020_06_09,29,4645660892
05kmAP,2020,2020_06_10,30,4906934036
05kmAP,2020,2020_06_11,29,4642342073
05kmAP,2020,2020_06_12,29,4482334140
05kmAP,2020,2020_06_13,29,4733591441
05kmAP,2020,2020_06_14,30,4880115482
05kmAP,2020,2020_06_15,29,4753368079
05kmAP,2020,2020_06_16,29,4725042198
05kmAP,2020,2020_06_17,25,3910441064
05kmAP,2020,2020_06_18,30,4864926319
05kmAP,2020,2020_06_19,29,4620588170
05kmAP,2020,2020_06_20,29,4719741410
05kmAP,2020,2020_06_21,29,4733591432
05kmAP,2020,2020_06_22,28,4549588940
05kmAP,2020,2020_06_23,30,4836235575
05kmAP,2020,2020_06_24,29,4733355264
05kmAP,2020,2020_06_25,29,4713276901
05kmAP,2020,2020_06_26,29,4728290642
05kmAP,2020,2020_06_27,30,4826347063
05kmAP,2020,2020_06_28,29,4753131966
05kmAP,2020,2020_06_29,29,4733591453
05kmAP,2020,2020_06_30,27,4246134770
05kmAP,2020,2020_07_01,21,3413079187
05kmAP,2020,2020_07_02,29,4733355292
05kmAP,2020,2020_07_03,29,4725039814
05kmAP,2020,2020_07_04,29,4733591462
05kmAP,2020,2020_07_05,29,4753604278
05kmAP,2020,2020_07_06,30,4885177754
05kmAP,2020,2020_07_07,27,4377882326
05kmAP,2020,2020_07_08,29,4595340144
05kmAP,2020,2020_07_09,19,2895962557
05kmAP,2020,2020_07_10,29,4719977580
05kmAP,2020,2020_07_11,26,3811350162
05kmAP,2020,2020_07_12,26,3402518626
05kmAP,2020,2020_07_13,23,3499222422
05kmAP,2020,2020_07_14,30,4907170193
05kmAP,2020,2020_07_15,29,4731845564
05kmAP,2020,2020_07_16,29,4753604286
05kmAP,2020,2020_07_17,25,4079302080
05kmAP,2020,2020_07_18,29,4745223248
05kmAP,2020,2020_07_19,30,4907170137
05kmAP,2020,2020_07_20,22,3598591416
05kmAP,2020,2020_07_27,7,1134999961
05kmAP,2020,2020_07_28,29,4733355260
05kmAP,2020,2020_07_29,29,4753368074
05kmAP,2020,2020_07_30,29,4733591415
05kmAP,2020,2020_07_31,29,4679652332
05kmAP,2020,2020_08_01,26,4146678717
05kmAP,2020,2020_08_02,29,4442077104
05kmAP,2020,2020_08_03,27,4013860543
05kmAP,2020,2020_08_04,29,4355956031
05kmAP,2020,2020_08_05,30,4755646164
05kmAP,2020,2020_08_06,29,4424779704
05kmAP,2020,2020_08_07,29,4238591800
05kmAP,2020,2020_08_08,29,4662654409
05kmAP,2020,2020_08_09,30,4878369536
05kmAP,2020,2020_08_10,29,4698155668
05kmAP,2020,2020_08_11,29,4753604235
05kmAP,2020,2020_08_12,29,4733591406
05kmAP,2020,2020_08_13,29,4753604248
05kmAP,2020,2020_08_14,30,4907170205
05kmAP,2020,2020_08_15,29,4733591425
05kmAP,2020,2020_08_16,29,4752659596
05kmAP,2020,2020_08_17,29,4732174473
05kmAP,2020,2020_08_18,30,4905280898
05kmAP,2020,2020_08_19,29,4751242608
05kmAP,2020,2020_08_20,29,4730521314
05kmAP,2020,2020_08_21,29,4644874486
05kmAP,2020,2020_08_22,30,4903627748
05kmAP,2020,2020_08_23,29,4730049015
05kmAP,2020,2020_08_24,29,4726730258
05kmAP,2020,2020_08_25,29,4728541704
05kmAP,2020,2020_08_26,30,4902120445
05kmAP,2020,2020_08_27,29,4750298004
05kmAP,2020,2020_08_28,29,4730049018
05kmAP,2020,2020_08_29,29,4747044778
05kmAP,2020,2020_08_30,29,4730180058
05kmAP,2020,2020_08_31,30,4903889887
05kmAP,2020,2020_09_01,29,4750822324
05kmAP,2020,2020_09_02,29,4730769907
05kmAP,2020,2020_09_03,29,4751215505
05kmAP,2020,2020_09_04,30,4904545229
05kmAP,2020,2020_09_05,29,4730835434
05kmAP,2020,2020_09_06,29,4751281011
05kmAP,2020,2020_09_07,29,4730900999
05kmAP,2020,2020_09_08,30,4902904497
05kmAP,2020,2020_09_09,29,4751215559
05kmAP,2020,2020_09_10,29,4729325791
05kmAP,2020,2020_09_11,29,4751215555
05kmAP,2020,2020_09_12,30,4897973341
05kmAP,2020,2020_09_13,29,4730835450
05kmAP,2020,2020_09_14,29,4749708206
05kmAP,2020,2020_09_15,29,4730900970
05kmAP,2020,2020_09_16,29,4751215505
05kmAP,2020,2020_09_17,30,4904545230
05kmAP,2020,2020_09_18,29,4730900979
05kmAP,2020,2020_09_19,29,4751281036
05kmAP,2020,2020_09_20,29,4730900977
05kmAP,2020,2020_09_21,30,4904545272
05kmAP,2020,2020_09_22,29,4751215496
05kmAP,2020,2020_09_23,23,3568492968
05kmAP,2020,2020_09_24,28,4181143169
05kmAP,2020,2020_09_25,30,4904610804
05kmAP,2020,2020_09_26,29,4729393662
05kmAP,2020,2020_09_27,29,4751215504
05kmAP,2020,2020_09_28,29,4730900969
05kmAP,2020,2020_09_29,29,4751281027
05kmAP,2020,2020_09_30,30,4795498912
05kmAP,2020,2020_10_01,29,4699372564
05kmAP,2020,2020_10_02,29,4759955282
05kmAP,2020,2020_10_03,29,4749423990
05kmAP,2020,2020_10_04,30,4924680692
05kmAP,2020,2020_10_05,29,4774772336
05kmAP,2020,2020_10_06,29,4752779848
05kmAP,2020,2020_10_07,29,4771521544
05kmAP,2020,2020_10_08,30,4926358599
05kmAP,2020,2020_10_09,29,4660390452
05kmAP,2020,2020_10_10,29,4774772391
05kmAP,2020,2020_10_11,29,4752779895
05kmAP,2020,2020_10_12,29,4638437532
05kmAP,2020,2020_10_13,30,4694580358
05kmAP,2020,2020_10_14,29,4752779847
05kmAP,2020,2020_10_15,29,4774772370
05kmAP,2020,2020_10_16,4,657304009
05kmAP,2020,2020_10_19,7,1139285753
05kmAP,2020,2020_10_20,29,4774772359
05kmAP,2020,2020_10_21,30,4926358631
05kmAP,2020,2020_10_22,29,4752779866
05kmAP,2020,2020_10_23,28,4621613277
05kmAP,2020,2020_10_24,29,4752779928
05kmAP,2020,2020_10_25,30,4926529294
05kmAP,2020,2020_10_26,29,4774772398
05kmAP,2020,2020_10_27,29,4751207059
05kmAP,2020,2020_10_28,29,4774772363
05kmAP,2020,2020_10_29,30,4924916855
05kmAP,2020,2020_10_30,29,4645072634
05kmAP,2020,2020_10_31,29,4773265045
05kmAP,2020,2020_11_01,29,4741992458
05kmAP,2020,2020_11_02,29,4762543116
05kmAP,2020,2020_11_03,30,4920565501
05kmAP,2020,2020_11_04,29,4743735862
05kmAP,2020,2020_11_05,29,4765728398
05kmAP,2020,2020_11_06,29,4739213902
05kmAP,2020,2020_11_07,30,4928102104
05kmAP,2020,2020_11_08,29,4756684464
05kmAP,2020,2020_11_09,29,4749765266
05kmAP,2020,2020_11_10,28,4569787523
05kmAP,2020,2020_11_11,30,4909539444
05kmAP,2020,2020_11_12,2,327144680
05kmAP,2020,2020_11_13,8,1313100697
05kmAP,2020,2020_11_14,29,4752779904
05kmAP,2020,2020_11_15,29,4774942989
05kmAP,2020,2020_11_16,30,4928102106
05kmAP,2020,2020_11_17,29,4752779866
05kmAP,2020,2020_11_18,29,4774943012
05kmAP,2020,2020_11_19,29,4751101941
05kmAP,2020,2020_11_20,30,4929780078
05kmAP,2020,2020_11_21,29,4766288685
05kmAP,2020,2020_11_22,29,4752779894
05kmAP,2020,2020_11_23,29,4764715810
05kmAP,2020,2020_11_24,30,4928102124
05kmAP,2020,2020_11_25,29,4752779883
05kmAP,2020,2020_11_26,29,4774772355
05kmAP,2020,2020_11_27,29,4742655364
05kmAP,2020,2020_11_28,29,4774772359
05kmAP,2020,2020_11_29,30,4928102131
05kmAP,2020,2020_11_30,29,4746210329
05kmAP,2020,2020_12_01,29,4517892809
05kmAP,2020,2020_12_02,29,4411653597
05kmAP,2020,2020_12_03,30,4832394196
05kmAP,2020,2020_12_04,28,4153808790
05kmAP,2020,2020_12_05,29,4243678643
05kmAP,2020,2020_12_06,29,4717884446
05kmAP,2020,2020_12_07,28,4263149932
05kmAP,2020,2020_12_08,28,4517250962
05kmAP,2020,2020_12_09,28,3980295008
05kmAP,2020,2020_12_10,29,4161086041
05kmAP,2020,2020_12_11,25,4100535712
05kmAP,2020,2020_12_12,4,499516967
05kmAP,2020,2020_12_13,29,4582754979
05kmAP,2020,2020_12_14,29,4667198586
05kmAP,2020,2020_12_15,29,4388151090
05kmAP,2020,2020_12_16,30,4872721502
05kmAP,2020,2020_12_17,29,4425167178
05kmAP,2020,2020_12_18,28,3767229777
05kmAP,2020,2020_12_19,29,4694342684
05kmAP,2020,2020_12_20,30,4798960139
05kmAP,2020,2020_12_21,29,4542712071
05kmAP,2020,2020_12_22,29,4157485239
05kmAP,2020,2020_12_23,29,4138872225
05kmAP,2020,2020_12_24,30,4830562879
05kmAP,2020,2020_12_25,29,4522567902
05kmAP,2020,2020_12_26,29,4510896292
05kmAP,2020,2020_12_27,29,4641691981
05kmAP,2020,2020_12_28,30,4665904491
05kmAP,2020,2020_12_29,29,4628056939
05kmAP,2020,2020_12_30,28,4193983039
05kmAP,2020,2020_12_31,29,3907199057
05kmAP,2021,2021_01_01,29,4746323880
05kmAP,2021,2021_01_02,30,4835590295
05kmAP,2021,2021_01_03,29,4564297729
05kmAP,2021,2021_01_04,29,4514961176
05kmAP,2021,2021_01_05,12,1559527841
05kmAP,2021,2021_01_06,30,4826040839
05kmAP,2021,2021_01_07,29,4578213321
05kmAP,2021,2021_01_08,29,4357093587
05kmAP,2021,2021_01_09,29,4568626679
05kmAP,2021,2021_01_10,30,4649013570
05kmAP,2021,2021_01_11,29,4586355779
05kmAP,2021,2021_01_12,29,4295587373
05kmAP,2021,2021_01_13,22,3561381547
05kmAP,2021,2021_01_14,2,263081370
05kmAP,2021,2021_01_15,30,4684449528
05kmAP,2021,2021_01_16,29,4512403834
05kmAP,2021,2021_01_17,29,4330821957
05kmAP,2021,2021_01_18,28,3900134424
05kmAP,2021,2021_01_19,30,4751553528
05kmAP,2021,2021_01_20,29,4603826229
05kmAP,2021,2021_01_21,29,4444958633
05kmAP,2021,2021_01_22,27,4353816308
05kmAP,2021,2021_01_23,30,4695903530
05kmAP,2021,2021_01_24,29,4518803056
05kmAP,2021,2021_01_25,29,4310409284
05kmAP,2021,2021_01_26,29,4206278387
05kmAP,2021,2021_01_27,29,4725941387
05kmAP,2021,2021_01_28,30,4792392701
05kmAP,2021,2021_01_29,29,4677366527
05kmAP,2021,2021_01_30,29,4637043749
05kmAP,2021,2021_01_31,29,4399912462
05kmAP,2021,2021_02_01,30,4844074030
05kmAP,2021,2021_02_02,28,4224246892
05kmAP,2021,2021_02_03,29,4014412571
05kmAP,2021,2021_02_04,29,4717628327
05kmAP,2021,2021_02_05,30,4811022300
05kmAP,2021,2021_02_06,29,4608177595
05kmAP,2021,2021_02_07,29,4700868760
05kmAP,2021,2021_02_08,29,4730900972
05kmAP,2021,2021_02_09,29,4749642639
05kmAP,2021,2021_02_10,30,4904610782
05kmAP,2021,2021_02_11,27,4373487944
05kmAP,2021,2021_02_12,29,4751215516
05kmAP,2021,2021_02_13,29,4633853951
05kmAP,2021,2021_02_14,30,4875980859
05kmAP,2021,2021_02_15,29,4751215544
05kmAP,2021,2021_02_16,29,4730901000
05kmAP,2021,2021_02_17,29,4751215513
05kmAP,2021,2021_02_18,30,4904545275
05kmAP,2021,2021_02_19,29,4730900971
05kmAP,2021,2021_02_20,29,4751215498
05kmAP,2021,2021_02_21,29,4702444030
05kmAP,2021,2021_02_22,29,4751281068
05kmAP,2021,2021_02_23,30,4847287689
05kmAP,2021,2021_02_24,29,4350862883
05kmAP,2021,2021_02_25,29,4391195311
05kmAP,2021,2021_02_26,29,3955579425
05kmAP,2021,2021_02_27,29,4500604067
05kmAP,2021,2021_02_28,25,3915516977
05kmAP,2021,2021_03_01,28,3876332918
05kmAP,2021,2021_03_02,29,4433394759
05kmAP,2021,2021_03_03,30,4743476592
05kmAP,2021,2021_03_04,28,4512341830
05kmAP,2021,2021_03_05,29,4201321212
05kmAP,2021,2021_03_06,29,4226160296
05kmAP,2021,2021_03_07,29,4600035197
05kmAP,2021,2021_03_08,30,4771669019
05kmAP,2021,2021_03_09,29,4253046603
05kmAP,2021,2021_03_10,29,4588337821
05kmAP,2021,2021_03_11,29,4581461721
05kmAP,2021,2021_03_12,30,4678809878
05kmAP,2021,2021_03_13,23,3770096738
05kmAP,2021,2021_03_14,1,153329754
05kmAP,2021,2021_03_15,29,4751215472
05kmAP,2021,2021_03_16,28,4577636737
05kmAP,2021,2021_03_20,28,4576063912
05kmAP,2021,2021_03_21,30,4902733862
05kmAP,2021,2021_03_22,29,4730901002
05kmAP,2021,2021_03_23,29,4751215514
05kmAP,2021,2021_03_24,29,4730900972
05kmAP,2021,2021_03_25,30,4904414189
05kmAP,2021,2021_03_26,29,4751149951
05kmAP,2021,2021_03_27,29,4730900991
05kmAP,2021,2021_03_28,29,4748132956
05kmAP,2021,2021_03_29,30,4904545320
05kmAP,2021,2021_03_30,26,4250662756
05kmAP,2021,2021_03_31,22,3596714608
05kmAP,2021,2021_04_01,29,4730966576
05kmAP,2021,2021_04_02,29,4747896771
05kmAP,2021,2021_04_03,30,4904545263
05kmAP,2021,2021_04_04,29,4730900949
05kmAP,2021,2021_04_05,29,4751215523
05kmAP,2021,2021_04_06,29,4730900927
05kmAP,2021,2021_04_07,30,4904545296
05kmAP,2021,2021_04_08,29,4751215499
05kmAP,2021,2021_04_09,29,4730900980
05kmAP,2021,2021_04_10,29,4751215496
05kmAP,2021,2021_04_11,30,4904545285
05kmAP,2021,2021_04_12,29,4710757085
05kmAP,2021,2021_04_13,29,4751215503
05kmAP,2021,2021_04_14,29,4730900979
05kmAP,2021,2021_04_15,29,4737704328
05kmAP,2021,2021_04_16,28,4577571209
05kmAP,2021,2021_04_17,29,4730966473
05kmAP,2021,2021_04_18,29,4751215491
05kmAP,2021,2021_04_19,29,4730900993
05kmAP,2021,2021_04_20,30,4904545265
05kmAP,2021,2021_04_21,29,4751215467
05kmAP,2021,2021_04_22,29,4730900983
05kmAP,2021,2021_04_23,29,4430309268
05kmAP,2021,2021_04_24,30,4904545294
05kmAP,2021,2021_04_25,29,4730900975
05kmAP,2021,2021_04_26,29,4751215469
05kmAP,2021,2021_04_27,29,4730966529
05kmAP,2021,2021_04_28,29,4744577987
05kmAP,2021,2021_04_29,30,4904545255
05kmAP,2021,2021_04_30,29,4730966559
05kmAP,2021,2021_05_01,29,4746087724
05kmAP,2021,2021_05_02,29,4726072503
05kmAP,2021,2021_05_03,30,4904545260
05kmAP,2021,2021_05_04,29,4751281010
05kmAP,2021,2021_05_05,29,4730900973
05kmAP,2021,2021_05_06,29,4751149966
05kmAP,2021,2021_05_07,30,4904545283
05kmAP,2021,2021_05_08,29,4730900935
05kmAP,2021,2021_05_09,29,4751215503
05kmAP,2021,2021_05_10,29,4730900951
05kmAP,2021,2021_05_11,29,4749574702
05kmAP,2021,2021_05_12,30,4904610819
05kmAP,2021,2021_05_13,29,4707267704
05kmAP,2021,2021_05_14,29,4706167190
05kmAP,2021,2021_05_15,29,4730769921
05kmAP,2021,2021_05_16,30,4904414201
05kmAP,2021,2021_05_17,26,4170087114
05kmAP,2021,2021_05_18,1,138379191
05kmAP,2021,2021_05_19,29,4750756781
05kmAP,2021,2021_05_20,30,4904021077
05kmAP,2021,2021_05_21,29,4728604880
05kmAP,2021,2021_05_22,29,4750560181
05kmAP,2021,2021_05_23,29,4730049053
05kmAP,2021,2021_05_24,29,4750429128
05kmAP,2021,2021_05_25,30,4903758854
05kmAP,2021,2021_05_26,29,4730049025
05kmAP,2021,2021_05_27,29,4750298031
05kmAP,2021,2021_05_28,28,4576719256
05kmAP,2021,2021_05_31,29,4730049042
05kmAP,2021,2021_06_01,29,4750298005
05kmAP,2021,2021_06_02,30,4903627797
05kmAP,2021,2021_06_03,29,4730049026
05kmAP,2021,2021_06_04,29,4750298040
05kmAP,2021,2021_06_05,29,4730049074
05kmAP,2021,2021_06_06,29,4750298052
05kmAP,2021,2021_06_07,30,4903627818
05kmAP,2021,2021_06_08,29,4730049036
05kmAP,2021,2021_06_09,29,4748552170
05kmAP,2021,2021_06_10,29,4730049045
05kmAP,2021,2021_06_11,17,2788846944
05kmAP,2021,2021_06_15,14,1698474812
05kmAP,2021,2021_06_16,29,4292221269
05kmAP,2021,2021_06_17,29,4471358093
05kmAP,2021,2021_06_18,29,4456276423
05kmAP,2021,2021_06_19,29,4400835129
05kmAP,2021,2021_06_20,30,4532875558
05kmAP,2021,2021_06_21,19,2886166739
05kmAP,2021,2021_06_22,10,1418158631
05kmAP,2021,2021_06_23,28,4330200399
05kmAP,2021,2021_06_24,30,4221758169
05kmAP,2021,2021_06_25,29,4639245063
05kmAP,2021,2021_06_26,29,4465663068
05kmAP,2021,2021_06_27,29,4660531462
05kmAP,2021,2021_06_28,30,4484125520
05kmAP,2021,2021_06_29,29,3957575440
05kmAP,2021,2021_06_30,29,4690430194
05kmAP,2021,2021_07_01,29,4692477761
05kmAP,2021,2021_07_02,30,4508036638
05kmAP,2021,2021_07_03,29,4648789710
05kmAP,2021,2021_07_04,29,4430294692
05kmAP,2021,2021_07_05,29,4457286345
05kmAP,2021,2021_07_06,28,4100370745
05kmAP,2021,2021_07_07,29,3945059862
05kmAP,2021,2021_07_08,29,4676881832
05kmAP,2021,2021_07_09,29,4456643922
05kmAP,2021,2021_07_10,29,4569410729
05kmAP,2021,2021_07_11,30,4830277157
05kmAP,2021,2021_07_12,29,4424828374
05kmAP,2021,2021_07_13,29,4419335794
05kmAP,2021,2021_07_14,29,4318434212
05kmAP,2021,2021_07_15,30,4623821049
05kmAP,2021,2021_07_16,29,4685262793
05kmAP,2021,2021_07_17,29,4698402011
05kmAP,2021,2021_07_18,29,4713352560
05kmAP,2021,2021_07_19,30,4895312370
05kmAP,2021,2021_07_20,29,4681408646
05kmAP,2021,2021_07_21,28,4406928089
05kmAP,2021,2021_07_22,29,4705273328
05kmAP,2021,2021_07_23,29,4699848592
05kmAP,2021,2021_07_24,30,4633071187
05kmAP,2021,2021_07_25,29,4597633924
05kmAP,2021,2021_07_26,29,4738729312
05kmAP,2021,2021_07_27,29,4405717089
05kmAP,2021,2021_07_28,30,4147203086
05kmAP,2021,2021_07_29,29,4701720707
05kmAP,2021,2021_07_30,29,4654590068
05kmAP,2021,2021_07_31,29,4706651925
05kmAP,2021,2021_08_01,30,4730822165
05kmAP,2021,2021_08_02,29,4730049001
05kmAP,2021,2021_08_03,29,4750494575
05kmAP,2021,2021_08_04,29,4730638828
05kmAP,2021,2021_08_05,30,4904217574
05kmAP,2021,2021_08_06,29,4750887810
05kmAP,2021,2021_08_07,29,4730900986
05kmAP,2021,2021_08_08,29,4751215527
05kmAP,2021,2021_08_09,30,4904545298
05kmAP,2021,2021_08_10,29,4730900989
05kmAP,2021,2021_08_11,29,4751149967
05kmAP,2021,2021_08_12,29,4730900948
05kmAP,2021,2021_08_13,29,4643746801
05kmAP,2021,2021_08_14,30,4904610786
05kmAP,2021,2021_08_15,29,4730900978
05kmAP,2021,2021_08_16,29,4744339417
05kmAP,2021,2021_08_17,28,4577571223
05kmAP,2021,2021_08_19,2,254702530
05kmAP,2021,2021_08_20,29,4553297118
05kmAP,2021,2021_08_21,29,4749642613
05kmAP,2021,2021_08_22,30,4904545265
05kmAP,2021,2021_08_23,29,4730900988
05kmAP,2021,2021_08_24,29,4751215502
05kmAP,2021,2021_08_25,29,4730900948
05kmAP,2021,2021_08_26,29,4751215497
05kmAP,2021,2021_08_27,30,4904610804
05kmAP,2021,2021_08_28,29,4730835441
05kmAP,2021,2021_08_29,29,4749642647
05kmAP,2021,2021_08_30,29,4730966530
05kmAP,2021,2021_08_31,30,4904545253
05kmAP,2021,2021_09_01,27,4424241447
05kmAP,2021,2021_09_03,2,266568348
05kmAP,2021,2021_09_04,18,2791258437
05kmAP,2021,2021_09_05,29,4746002528
05kmAP,2021,2021_09_06,29,4773094388
05kmAP,2021,2021_09_07,29,4754457835
05kmAP,2021,2021_09_08,30,4928102145
05kmAP,2021,2021_09_09,29,4774772334
05kmAP,2021,2021_09_10,28,4599450121
05kmAP,2021,2021_09_11,2,327144684
05kmAP,2021,2021_09_12,30,4926529267
05kmAP,2021,2021_09_13,29,4567807124
05kmAP,2021,2021_09_14,29,4771416508
05kmAP,2021,2021_09_15,29,4754457900
05kmAP,2021,2021_09_16,29,4773265119
05kmAP,2021,2021_09_17,30,4919228786
05kmAP,2021,2021_09_18,28,4579684254
05kmAP,2021,2021_09_19,2,204318640
05kmAP,2021,2021_09_20,29,4730169951
05kmAP,2021,2021_09_21,30,4905492210
05kmAP,2021,2021_09_22,29,4755347695
05kmAP,2021,2021_09_23,29,4730169941
05kmAP,2021,2021_09_24,28,4598357975
05kmAP,2021,2021_09_25,30,4907235708
05kmAP,2021,2021_09_26,29,4732110052
05kmAP,2021,2021_09_27,29,4753997483
05kmAP,2021,2021_09_28,29,4730825330
05kmAP,2021,2021_09_29,30,4908022087
05kmAP,2021,2021_09_30,29,4751071901
05kmAP,2021,2021_10_01,29,4660192202
05kmAP,2021,2021_10_02,27,3660587934
05kmAP,2021,2021_10_03,30,4908087637
05kmAP,2021,2021_10_04,29,4732699877
05kmAP,2021,2021_10_05,29,4756265230
05kmAP,2021,2021_10_06,29,4732634330
05kmAP,2021,2021_10_07,29,4475017964
05kmAP,2021,2021_10_08,30,4875839649
05kmAP,2021,2021_10_09,29,4732699890
05kmAP,2021,2021_10_10,29,4604374041
05kmAP,2021,2021_10_11,29,4732241105
05kmAP,2021,2021_10_12,30,4861743432
05kmAP,2021,2021_10_13,29,4748541958
05kmAP,2021,2021_10_14,29,4730036489
05kmAP,2021,2021_10_15,29,4625409454
05kmAP,2021,2021_10_16,30,4907104592
05kmAP,2021,2021_10_17,29,4731716861
05kmAP,2021,2021_10_18,29,4755347729
05kmAP,2021,2021_10_19,28,4578279585
05kmAP,2021,2021_10_21,30,4905358753
05kmAP,2021,2021_10_22,29,4731716851
05kmAP,2021,2021_10_23,29,4731307684
05kmAP,2021,2021_10_24,30,4907039116
05kmAP,2021,2021_10_25,29,4726481621
05kmAP,2021,2021_10_26,29,4758427969
05kmAP,2021,2021_10_27,26,4255829979
05kmAP,2021,2021_11_03,6,982941365
05kmAP,2021,2021_11_04,29,4745348327
05kmAP,2021,2021_11_05,29,4557014812
05kmAP,2021,2021_11_06,30,4922243433
05kmAP,2021,2021_11_07,29,4742333661
05kmAP,2021,2021_11_08,29,4762949865
05kmAP,2021,2021_11_09,29,4737507614
05kmAP,2021,2021_11_10,29,4767406351
05kmAP,2021,2021_11_11,30,4917548363
05kmAP,2021,2021_11_12,29,4739253484
05kmAP,2021,2021_11_13,29,4517597341
05kmAP,2021,2021_11_14,30,4910184833
05kmAP,2021,2021_11_15,29,4736238821
05kmAP,2021,2021_11_16,29,4756855060
05kmAP,2021,2021_11_17,29,4731716828
05kmAP,2021,2021_11_18,29,4743306704
05kmAP,2021,2021_11_19,30,4907104637
05kmAP,2021,2021_11_20,29,4731716853
05kmAP,2021,2021_11_21,29,4753538728
05kmAP,2021,2021_11_22,29,4731716835
05kmAP,2021,2021_11_23,29,4755216630
05kmAP,2021,2021_11_24,29,4755347728
05kmAP,2021,2021_11_25,29,4731716854
05kmAP,2021,2021_11_26,28,4556350289
05kmAP,2021,2021_11_27,30,4907170123
05kmAP,2021,2021_11_28,29,4731716850
05kmAP,2021,2021_11_29,29,4751923874
05kmAP,2021,2021_11_30,29,4731716823
05kmAP,2021,2021_12_01,29,4755347711
05kmAP,2021,2021_12_02,30,4905424254
05kmAP,2021,2021_12_03,29,4730104443
05kmAP,2021,2021_12_04,29,4546961810
05kmAP,2021,2021_12_05,29,4732503260
05kmAP,2021,2021_12_06,30,4892704327
05kmAP,2021,2021_12_07,29,4756265218
05kmAP,2021,2021_12_08,29,4732699906
05kmAP,2021,2021_12_09,29,4756199657
05kmAP,2021,2021_12_10,30,4795079584
05kmAP,2021,2021_12_11,29,4732699837
05kmAP,2021,2021_12_12,28,4497744548
05kmAP,2021,2021_12_13,28,4580811884
05kmAP,2021,2021_12_14,13,2115018199
05kmAP,2021,2021_12_15,29,4751027560
05kmAP,2021,2021_12_16,29,4730953969
05kmAP,2021,2021_12_17,28,4515241052
05kmAP,2021,2021_12_18,30,4908087643
05kmAP,2021,2021_12_19,29,4732699886
05kmAP,2021,2021_12_20,29,4756265224
05kmAP,2021,2021_12_21,29,4732699867
05kmAP,2021,2021_12_22,29,4747516995
05kmAP,2021,2021_12_23,30,4908087663
05kmAP,2021,2021_12_24,28,4579068413
05kmAP,2021,2021_12_25,29,3984851705
05kmAP,2021,2021_12_26,29,4732634337
05kmAP,2021,2021_12_27,30,4906147549
05kmAP,2021,2021_12_28,29,4754062983
05kmAP,2021,2021_12_29,29,4730563149
05kmAP,2021,2021_12_30,29,4730366575
05kmAP,2021,2021_12_31,30,4772476103
05kmAP,2022,2022_01_01,29,4731978981
05kmAP,2022,2022_01_02,29,4753669774
05kmAP,2022,2022_01_03,27,3763319229
05kmAP,2022,2022_01_04,29,4753669790
05kmAP,2022,2022_01_05,30,4905492189
05kmAP,2022,2022_01_06,29,4730104407
05kmAP,2022,2022_01_07,29,4563157586
05kmAP,2022,2022_01_08,29,4730169967
05kmAP,2022,2022_01_09,30,4893726885
05kmAP,2022,2022_01_10,29,4755347727
05kmAP,2022,2022_01_11,29,4731847914
05kmAP,2022,2022_01_12,29,4751926307
05kmAP,2022,2022_01_13,30,4905492246
05kmAP,2022,2022_01_14,29,4730169934
05kmAP,2022,2022_01_15,29,4753669773
05kmAP,2022,2022_01_16,29,4730169952
05kmAP,2022,2022_01_17,29,4753669762
05kmAP,2022,2022_01_18,2,217693940
05kmAP,2022,2022_01_19,26,4251202815
05kmAP,2022,2022_01_26,6,984448674
05kmAP,2022,2022_01_27,29,4734691967
05kmAP,2022,2022_01_28,29,4753197474
05kmAP,2022,2022_01_29,29,4729154965
05kmAP,2022,2022_01_30,30,4917550837
05kmAP,2022,2022_01_31,29,4744446797
05kmAP,2022,2022_02_01,29,4742163031
05kmAP,2022,2022_02_02,29,4712054139
05kmAP,2022,2022_02_03,30,4847481823
05kmAP,2022,2022_02_04,29,4599258385
05kmAP,2022,2022_02_05,29,4575994982
05kmAP,2022,2022_02_06,29,4720233726
05kmAP,2022,2022_02_07,29,4486764612
05kmAP,2022,2022_02_08,30,4870719441
05kmAP,2022,2022_02_09,29,4684865923
05kmAP,2022,2022_02_10,29,4764221075
05kmAP,2022,2022_02_11,29,4594393013
05kmAP,2022,2022_02_12,30,4752955425
05kmAP,2022,2022_02_13,29,4745743976
05kmAP,2022,2022_02_14,29,4722454347
05kmAP,2022,2022_02_15,29,4646691038
05kmAP,2022,2022_02_16,30,4875849654
05kmAP,2022,2022_02_17,29,4692317028
05kmAP,2022,2022_02_18,29,4587797219
05kmAP,2022,2022_02_19,29,4695638195
05kmAP,2022,2022_02_20,30,4644045180
05kmAP,2022,2022_02_21,29,4616862605
05kmAP,2022,2022_02_22,29,4645791883
05kmAP,2022,2022_02_23,29,4751690111
05kmAP,2022,2022_02_24,30,4809005421
05kmAP,2022,2022_02_25,29,4423810201
05kmAP,2022,2022_02_26,29,4704924274
05kmAP,2022,2022_02_27,29,4655743334
05kmAP,2022,2022_02_28,29,4391494486
05kmAP,2022,2022_03_01,30,4853425545
05kmAP,2022,2022_03_02,29,4707938910
05kmAP,2022,2022_03_03,29,4751926259
05kmAP,2022,2022_03_04,29,4601867685
05kmAP,2022,2022_03_05,30,4614078467
05kmAP,2022,2022_03_06,29,4684006364
05kmAP,2022,2022_03_07,29,4702939813
05kmAP,2022,2022_03_08,29,4401817987
05kmAP,2022,2022_03_09,30,4517968309
05kmAP,2022,2022_03_10,29,4459138648
05kmAP,2022,2022_03_11,29,4714983212
05kmAP,2022,2022_03_12,29,4610658103
05kmAP,2022,2022_03_13,29,4565202748
05kmAP,2022,2022_03_14,30,4842831113
05kmAP,2022,2022_03_15,29,4716729138
05kmAP,2022,2022_03_16,29,4596679182
05kmAP,2022,2022_03_17,29,4652253991
05kmAP,2022,2022_03_18,30,4856505730
05kmAP,2022,2022_03_19,29,4734993670
05kmAP,2022,2022_03_20,29,4632046900
05kmAP,2022,2022_03_21,29,4615381525
05kmAP,2022,2022_03_22,30,4891878344
05kmAP,2022,2022_03_23,29,4717995513
05kmAP,2022,2022_03_24,29,4743610860
05kmAP,2022,2022_03_25,29,4561956743
05kmAP,2022,2022_03_26,29,4694495746
05kmAP,2022,2022_03_27,26,4230783337
05kmAP,2022,2022_03_31,8,1145254701
05kmAP,2022,2022_04_01,29,4738375569
05kmAP,2022,2022_04_02,29,4677977031
05kmAP,2022,2022_04_03,29,4647535664
05kmAP,2022,2022_04_04,30,4897071631
05kmAP,2022,2022_04_05,29,4730104390
05kmAP,2022,2022_04_06,29,4750180352
05kmAP,2022,2022_04_07,29,4532919971
05kmAP,2022,2022_04_08,30,4886813693
05kmAP,2022,2022_04_09,29,4501010452
05kmAP,2022,2022_04_10,27,4076482302
05kmAP,2022,2022_04_11,29,4500767139
05kmAP,2022,2022_04_12,30,4829794636
05kmAP,2022,2022_04_13,29,4709682417
05kmAP,2022,2022_04_14,29,4686290115
05kmAP,2022,2022_04_15,28,4114023100
05kmAP,2022,2022_04_16,21,3322260443
05kmAP,2022,2022_04_17,30,4870056490
05kmAP,2022,2022_04_18,29,4434558349
05kmAP,2022,2022_04_19,29,4621621001
05kmAP,2022,2022_04_20,29,4587558818
05kmAP,2022,2022_04_21,30,4920565513
05kmAP,2022,2022_04_22,29,4766658319
05kmAP,2022,2022_04_23,29,4752779900
05kmAP,2022,2022_04_24,28,4130374294
05kmAP,2022,2022_04_25,30,4773563491
05kmAP,2022,2022_04_26,29,4721004154
05kmAP,2022,2022_04_27,29,4774772371
05kmAP,2022,2022_04_28,29,4719391787
05kmAP,2022,2022_04_29,30,4902919604
05kmAP,2022,2022_04_30,29,4729238149
05kmAP,2022,2022_05_01,29,4610203133
05kmAP,2022,2022_05_02,28,3710941670
05kmAP,2022,2022_05_03,30,4864235425
05kmAP,2022,2022_05_04,29,4736324425
05kmAP,2022,2022_05_05,29,4769775705
05kmAP,2022,2022_05_06,29,4514340329
05kmAP,2022,2022_05_07,29,4755129242
05kmAP,2022,2022_05_08,30,4924916934
05kmAP,2022,2022_05_09,29,4623749137
05kmAP,2022,2022_05_10,29,4465461358
05kmAP,2022,2022_05_11,29,4725961332
05kmAP,2022,2022_05_12,30,4379973177
05kmAP,2022,2022_05_13,29,4752978941
05kmAP,2022,2022_05_14,29,4647583787
05kmAP,2022,2022_05_15,25,3996448954
05kmAP,2022,2022_05_16,30,4857429728
05kmAP,2022,2022_05_17,29,4712548900
05kmAP,2022,2022_05_18,29,4678990200
05kmAP,2022,2022_05_19,29,4616764308
05kmAP,2022,2022_05_20,30,4909445694
05kmAP,2022,2022_05_21,29,4667045233
05kmAP,2022,2022_05_22,29,4687701236
05kmAP,2022,2022_05_23,29,4578383939
05kmAP,2022,2022_05_24,30,4880949173
05kmAP,2022,2022_05_25,29,4719673560
05kmAP,2022,2022_05_26,29,4751149997
05kmAP,2022,2022_05_27,29,4716057876
05kmAP,2022,2022_05_28,29,4734794745
05kmAP,2022,2022_05_29,30,4663924883
05kmAP,2022,2022_05_30,29,4638551102
05kmAP,2022,2022_05_31,29,4354887746
05kmAP,2022,2022_06_01,29,4712461028
05kmAP,2022,2022_06_02,30,4898146302
05kmAP,2022,2022_06_03,29,4749577103
05kmAP,2022,2022_06_04,28,4436882611
05kmAP,2022,2022_06_05,29,4621789340
05kmAP,2022,2022_06_06,30,4722928338
05kmAP,2022,2022_06_07,29,4674183656
05kmAP,2022,2022_06_08,29,4613408075
05kmAP,2022,2022_06_09,29,4719308713
05kmAP,2022,2022_06_10,30,4893084067
05kmAP,2022,2022_06_11,29,4746255907
05kmAP,2022,2022_06_12,29,4652160384
05kmAP,2022,2022_06_13,29,4731307762
05kmAP,2022,2022_06_14,30,4898211851
05kmAP,2022,2022_06_15,29,4719374186
05kmAP,2022,2022_06_16,29,4722924352
05kmAP,2022,2022_06_17,29,4389851146
05kmAP,2022,2022_06_18,30,4902969989
05kmAP,2022,2022_06_19,29,4680556666
05kmAP,2022,2022_06_20,29,4649143349
05kmAP,2022,2022_06_21,29,4660606955
05kmAP,2022,2022_06_22,28,4567617348
05kmAP,2022,2022_06_23,29,4710927701
05kmAP,2022,2022_06_24,28,4300783677
05kmAP,2022,2022_06_25,29,4729325689
05kmAP,2022,2022_06_26,29,4621791455
05kmAP,2022,2022_06_27,30,4830527854
05kmAP,2022,2022_06_28,29,4616897443
05kmAP,2022,2022_06_29,29,4615219514
05kmAP,2022,2022_06_30,29,4724263498
05kmAP,2022,2022_07_01,30,4803575782
05kmAP,2022,2022_07_02,29,4751281042
05kmAP,2022,2022_07_03,29,4724200328
05kmAP,2022,2022_07_04,29,4733184722
05kmAP,2022,2022_07_05,30,4879102982
05kmAP,2022,2022_07_06,29,4694130968
05kmAP,2022,2022_07_07,29,4454045510
05kmAP,2022,2022_07_08,29,4554409405
05kmAP,2022,2022_07_09,30,4899415062
05kmAP,2022,2022_07_10,29,4749404048
05kmAP,2022,2022_07_11,29,4717523234
05kmAP,2022,2022_07_12,29,4710757083
05kmAP,2022,2022_07_13,30,4835627502
05kmAP,2022,2022_07_14,29,4680727276
05kmAP,2022,2022_07_15,29,4347955705
05kmAP,2022,2022_07_16,29,4723896256
05kmAP,2022,2022_07_17,30,4862920754
05kmAP,2022,2022_07_18,29,4739686434
05kmAP,2022,2022_07_19,29,4473717389
05kmAP,2022,2022_07_20,29,4534027027
05kmAP,2022,2022_07_21,30,4869450851
05kmAP,2022,2022_07_22,29,4534396410
05kmAP,2022,2022_07_23,29,4514019016
05kmAP,2022,2022_07_24,29,4707267722
05kmAP,2022,2022_07_25,30,4752995321
05kmAP,2022,2022_07_26,29,4699295878
05kmAP,2022,2022_07_27,29,4525912694
05kmAP,2022,2022_07_28,29,4704121967
05kmAP,2022,2022_07_29,30,4894287337
05kmAP,2022,2022_07_30,29,4737547257
05kmAP,2022,2022_07_31,29,4327439816
05kmAP,2022,2022_08_01,29,4737820592
05kmAP,2022,2022_08_02,29,4567966550
05kmAP,2022,2022_08_03,30,4877718310
05kmAP,2022,2022_08_04,29,4674004368
05kmAP,2022,2022_08_05,27,3837220877
05kmAP,2022,2022_08_06,29,4682647763
05kmAP,2022,2022_08_07,29,4601798634
05kmAP,2022,2022_08_08,22,3204754177
05kmAP,2022,2022_08_09,29,4591437951
05kmAP,2022,2022_08_10,29,4719326192
05kmAP,2022,2022_08_11,30,4867528238
05kmAP,2022,2022_08_12,29,4694319071
05kmAP,2022,2022_08_13,29,4659059670
05kmAP,2022,2022_08_14,29,4718367495
05kmAP,2022,2022_08_15,30,4891812786
05kmAP,2022,2022_08_16,29,4751926278
05kmAP,2022,2022_08_17,29,4711559322
05kmAP,2022,2022_08_18,29,4738309989
05kmAP,2022,2022_08_19,30,4752332247
05kmAP,2022,2022_08_20,23,3711722512
05kmAP,2022,2022_08_21,29,4448649647
05kmAP,2022,2022_08_22,29,4713237303
05kmAP,2022,2022_08_23,30,4863512888
05kmAP,2022,2022_08_24,29,4750639164
05kmAP,2022,2022_08_25,29,4708633857
05kmAP,2022,2022_08_26,29,4607797834
05kmAP,2022,2022_08_27,20,3270293127
05kmAP,2022,2022_08_30,6,949448159
05kmAP,2022,2022_08_31,30,4884087134
05kmAP,2022,2022_09_01,29,4750112398
05kmAP,2022,2022_09_02,23,3662782584
05kmAP,2022,2022_09_03,29,4660908546
05kmAP,2022,2022_09_04,30,4885044187
05kmAP,2022,2022_09_05,29,4662654424
05kmAP,2022,2022_09_06,29,4703047316
05kmAP,2022,2022_09_07,29,4726416004
05kmAP,2022,2022_09_08,30,4846287309
05kmAP,2022,2022_09_09,29,4755535906
05kmAP,2022,2022_09_10,29,4553632909
05kmAP,2022,2022_09_11,29,4731325268
05kmAP,2022,2022_09_12,30,4909835189
05kmAP,2022,2022_09_13,29,4682621678
05kmAP,2022,2022_09_14,29,4665387180
05kmAP,2022,2022_09_15,29,4726171898
05kmAP,2022,2022_09_16,29,4720981370
05kmAP,2022,2022_09_17,30,4884800476
05kmAP,2022,2022_09_18,29,4727679638
05kmAP,2022,2022_09_19,29,4754498202
05kmAP,2022,2022_09_20,30,4846153535
05kmAP,2022,2022_09_21,29,4644122358
05kmAP,2022,2022_09_22,29,3795789228
05kmAP,2022,2022_09_23,28,4474035627
05kmAP,2022,2022_09_24,29,4719406127
05kmAP,2022,2022_09_25,30,4889429989
05kmAP,2022,2022_09_26,29,4727679585
05kmAP,2022,2022_09_27,29,4754498169
05kmAP,2022,2022_09_28,30,4881116891
05kmAP,2022,2022_09_29,29,4703721069
05kmAP,2022,2022_09_30,29,4340168863
05kmAP,2022,2022_10_01,29,4692039627
05kmAP,2022,2022_10_02,29,4703563973
05kmAP,2022,2022_10_03,30,4710478781
05kmAP,2022,2022_10_04,29,4723380177
05kmAP,2022,2022_10_05,29,4751837193
05kmAP,2022,2022_10_06,30,4652984584
05kmAP,2022,2022_10_07,28,4231948398
05kmAP,2022,2022_10_08,29,4712456886
05kmAP,2022,2022_10_09,29,4729058162
05kmAP,2022,2022_10_10,29,4711095292
05kmAP,2022,2022_10_11,30,4903647076
05kmAP,2022,2022_10_12,29,4729766678
05kmAP,2022,2022_10_13,29,4757123057
05kmAP,2022,2022_10_14,30,4730137874
05kmAP,2022,2022_10_15,29,4730002775
05kmAP,2022,2022_10_16,29,4755143407
05kmAP,2022,2022_10_17,29,4712773274
05kmAP,2022,2022_10_18,29,4757123074
05kmAP,2022,2022_10_19,30,4906897879
05kmAP,2022,2022_10_20,28,4579755646
05kmAP,2022,2022_11_09,10,1537894838
05kmAP,2022,2022_11_10,3,453587913
05kmAP,2022,2022_12_08,4,593476870
05kmAP,2022,2022_12_09,29,4488694506
05kmAP,2022,2022_12_10,30,4635389248
05kmAP,2022,2022_12_11,29,4727000692
05kmAP,2022,2022_12_12,29,4718317970
05kmAP,2022,2022_12_13,29,4731758823
05kmAP,2022,2022_12_14,30,4465065255
05kmAP,2022,2022_12_15,28,4197157752
05kmAP,2022,2022_12_16,29,4689755949
05kmAP,2022,2022_12_17,29,4619057250
05kmAP,2022,2022_12_18,28,4289673511
05kmAP,2022,2022_12_19,29,4257730901
05kmAP,2022,2022_12_20,29,4661301322
05kmAP,2022,2022_12_21,29,4753711707
05kmAP,2022,2022_12_22,30,4432067684
05kmAP,2022,2022_12_23,29,4727548516
05kmAP,2022,2022_12_24,29,4754367143
05kmAP,2022,2022_12_25,29,4633866749
05kmAP,2022,2022_12_26,30,4904574722
05kmAP,2022,2022_12_27,29,4687289129
05kmAP,2022,2022_12_28,29,4665836904
05kmAP,2022,2022_12_29,29,4754498138
05kmAP,2022,2022_12_31,28,4576030211
05kmAL,2007,2007_01_01,29,2489286047
05kmAL,2007,2007_01_02,29,2500745737
05kmAL,2007,2007_01_03,29,2464837007
05kmAL,2007,2007_01_04,30,2581056607
05kmAL,2007,2007_01_05,29,2493728609
05kmAL,2007,2007_01_06,29,2488204749
05kmAL,2007,2007_01_07,29,2500745738
05kmAL,2007,2007_01_08,29,2488892890
05kmAL,2007,2007_01_09,29,2500352568
05kmAL,2007,2007_01_10,29,2477187504
05kmAL,2007,2007_01_11,29,2499664398
05kmAL,2007,2007_01_12,30,2560593667
05kmAL,2007,2007_01_13,29,2489286132
05kmAL,2007,2007_01_14,29,2500909630
05kmAL,2007,2007_01_15,8,688161604
05kmAL,2007,2007_01_17,15,1284880418
05kmAL,2007,2007_01_18,29,2500909596
05kmAL,2007,2007_01_19,29,2489286121
05kmAL,2007,2007_01_20,30,2581384297
05kmAL,2007,2007_01_21,29,2500909580
05kmAL,2007,2007_01_22,29,2489941452
05kmAL,2007,2007_01_23,29,2501892611
05kmAL,2007,2007_01_24,29,2490039770
05kmAL,2007,2007_01_25,28,2416434763
05kmAL,2007,2007_01_26,29,2458703270
05kmAL,2007,2007_01_27,29,2502056487
05kmAL,2007,2007_01_28,30,2582531187
05kmAL,2007,2007_01_29,29,2490924483
05kmAL,2007,2007_01_30,29,2502384148
05kmAL,2007,2007_01_31,29,2490760618
05kmAL,2007,2007_02_01,29,2495824475
05kmAL,2007,2007_02_02,29,2491743698
05kmAL,2007,2007_02_03,29,2502547981
05kmAL,2007,2007_02_04,29,2491088355
05kmAL,2007,2007_02_05,29,2502875683
05kmAL,2007,2007_02_06,30,2438846969
05kmAL,2007,2007_02_07,29,2491416039
05kmAL,2007,2007_02_08,29,2502711854
05kmAL,2007,2007_02_09,29,2491416041
05kmAL,2007,2007_02_10,29,2502875676
05kmAL,2007,2007_02_11,29,2491579877
05kmAL,2007,2007_02_12,29,2502711815
05kmAL,2007,2007_02_13,30,2583514235
05kmAL,2007,2007_02_14,29,2491743693
05kmAL,2007,2007_02_15,29,2503039564
05kmAL,2007,2007_02_16,29,2416268963
05kmAL,2007,2007_02_17,29,2503203370
05kmAL,2007,2007_02_18,29,2491743717
05kmAL,2007,2007_02_19,29,2503203380
05kmAL,2007,2007_02_20,29,2491907559
05kmAL,2007,2007_02_21,29,2503203386
05kmAL,2007,2007_02_22,30,2583678068
05kmAL,2007,2007_02_23,29,2389687530
05kmAL,2007,2007_02_24,29,2503039516
05kmAL,2007,2007_02_25,29,2491743715
05kmAL,2007,2007_02_26,29,2503039493
05kmAL,2007,2007_02_27,29,2491907544
05kmAL,2007,2007_02_28,29,2503203339
05kmAL,2007,2007_03_01,29,2491579825
05kmAL,2007,2007_03_02,30,2583678049
05kmAL,2007,2007_03_03,29,2503203329
05kmAL,2007,2007_03_04,29,2491907563
05kmAL,2007,2007_03_05,29,2503039516
05kmAL,2007,2007_03_06,29,2491743666
05kmAL,2007,2007_03_07,11,939502866
05kmAL,2007,2007_03_08,15,1286191125
05kmAL,2007,2007_03_09,29,2462670655
05kmAL,2007,2007_03_10,30,2583514229
05kmAL,2007,2007_03_11,29,2491907541
05kmAL,2007,2007_03_12,29,2503039472
05kmAL,2007,2007_03_13,29,2491743714
05kmAL,2007,2007_03_14,29,2503203357
05kmAL,2007,2007_03_15,29,2491907534
05kmAL,2007,2007_03_16,29,2503039522
05kmAL,2007,2007_03_17,29,2491743724
05kmAL,2007,2007_03_18,30,2583514241
05kmAL,2007,2007_03_19,29,2502122024
05kmAL,2007,2007_03_20,29,2491743693
05kmAL,2007,2007_03_21,29,2503203359
05kmAL,2007,2007_03_22,29,2491743700
05kmAL,2007,2007_03_23,29,2503039535
05kmAL,2007,2007_03_24,29,2491743708
05kmAL,2007,2007_03_25,29,2503039508
05kmAL,2007,2007_03_26,12,1033307376
05kmAL,2007,2007_03_27,18,1497851621
05kmAL,2007,2007_03_28,29,2503039493
05kmAL,2007,2007_03_29,29,2491743690
05kmAL,2007,2007_03_30,29,2503039518
05kmAL,2007,2007_03_31,29,2491743718
05kmAL,2007,2007_04_01,29,2503039526
05kmAL,2007,2007_04_02,29,2419187766
05kmAL,2007,2007_04_03,29,2503039565
05kmAL,2007,2007_04_04,30,2583678145
05kmAL,2007,2007_04_05,16,1377797833
05kmAL,2007,2007_04_06,12,1031437206
05kmAL,2007,2007_04_07,29,2491743723
05kmAL,2007,2007_04_08,29,2442897133
05kmAL,2007,2007_04_09,29,2491743704
05kmAL,2007,2007_04_10,29,2503039469
05kmAL,2007,2007_04_11,30,2583514204
05kmAL,2007,2007_04_12,29,2491907558
05kmAL,2007,2007_04_13,29,2503203318
05kmAL,2007,2007_04_14,29,2491743649
05kmAL,2007,2007_04_15,29,2503039482
05kmAL,2007,2007_04_16,29,2485021447
05kmAL,2007,2007_04_17,29,2503039474
05kmAL,2007,2007_04_18,29,2491743706
05kmAL,2007,2007_04_19,29,2503039515
05kmAL,2007,2007_04_20,30,2583678020
05kmAL,2007,2007_04_21,29,2491743699
05kmAL,2007,2007_04_22,29,2503203348
05kmAL,2007,2007_04_23,29,2491743697
05kmAL,2007,2007_04_24,9,780587449
05kmAL,2007,2007_04_26,18,1548434946
05kmAL,2007,2007_04_27,29,2491743717
05kmAL,2007,2007_04_28,30,2583514191
05kmAL,2007,2007_04_29,29,2503039491
05kmAL,2007,2007_04_30,29,2491743700
05kmAL,2007,2007_05_01,29,2503039488
05kmAL,2007,2007_05_02,29,2491743709
05kmAL,2007,2007_05_03,29,2503039543
05kmAL,2007,2007_05_04,29,2491743726
05kmAL,2007,2007_05_05,29,2503039482
05kmAL,2007,2007_05_06,30,2583514227
05kmAL,2007,2007_05_07,29,2491743705
05kmAL,2007,2007_05_08,29,2476820983
05kmAL,2007,2007_05_09,29,2491743678
05kmAL,2007,2007_05_10,29,2503039491
05kmAL,2007,2007_05_11,29,2491104750
05kmAL,2007,2007_05_12,29,2503039507
05kmAL,2007,2007_05_13,29,2491907575
05kmAL,2007,2007_05_14,29,2503039492
05kmAL,2007,2007_05_15,18,1550206835
05kmAL,2007,2007_05_16,29,2491416039
05kmAL,2007,2007_05_17,29,2502384140
05kmAL,2007,2007_05_18,29,2491416059
05kmAL,2007,2007_05_19,29,2476476887
05kmAL,2007,2007_05_20,29,2491088369
05kmAL,2007,2007_05_21,29,2502220288
05kmAL,2007,2007_05_22,30,2581089385
05kmAL,2007,2007_05_23,29,2453441614
05kmAL,2007,2007_05_24,29,2502384152
05kmAL,2007,2007_05_25,29,2490105294
05kmAL,2007,2007_05_26,29,2501728781
05kmAL,2007,2007_05_27,29,2489712075
05kmAL,2007,2007_05_28,29,2500598333
05kmAL,2007,2007_05_29,29,2489056742
05kmAL,2007,2007_05_30,30,2580909141
05kmAL,2007,2007_05_31,29,2500106783
05kmAL,2007,2007_06_01,29,2489138676
05kmAL,2007,2007_06_02,29,2500581939
05kmAL,2007,2007_06_03,29,2489138684
05kmAL,2007,2007_06_04,29,2500581906
05kmAL,2007,2007_06_05,29,2489138664
05kmAL,2007,2007_06_06,29,2499156539
05kmAL,2007,2007_06_07,30,2581056659
05kmAL,2007,2007_06_08,29,2489138689
05kmAL,2007,2007_06_09,29,2424877848
05kmAL,2007,2007_06_10,29,2489613864
05kmAL,2007,2007_06_11,29,2500581979
05kmAL,2007,2007_06_12,29,2489138717
05kmAL,2007,2007_06_13,29,2500270675
05kmAL,2007,2007_06_14,29,2489450018
05kmAL,2007,2007_06_15,30,2580745353
05kmAL,2007,2007_06_16,29,2500581994
05kmAL,2007,2007_06_17,29,2489138710
05kmAL,2007,2007_06_18,29,2499795511
05kmAL,2007,2007_06_19,29,2489138723
05kmAL,2007,2007_06_20,29,2500106749
05kmAL,2007,2007_06_21,29,2489613867
05kmAL,2007,2007_06_22,29,2500745778
05kmAL,2007,2007_06_23,30,2581056662
05kmAL,2007,2007_06_24,29,2489138717
05kmAL,2007,2007_06_25,29,2499943008
05kmAL,2007,2007_06_26,29,2489138740
05kmAL,2007,2007_06_27,27,2294937181
05kmAL,2007,2007_06_28,29,2489450013
05kmAL,2007,2007_06_29,29,2500106812
05kmAL,2007,2007_06_30,29,2489613819
05kmAL,2007,2007_07_01,30,2580581501
05kmAL,2007,2007_07_02,29,2500581934
05kmAL,2007,2007_07_03,29,2489138667
05kmAL,2007,2007_07_04,29,2500581939
05kmAL,2007,2007_07_05,29,2489138672
05kmAL,2007,2007_07_06,29,2500581930
05kmAL,2007,2007_07_07,29,2488974826
05kmAL,2007,2007_07_08,29,2500270615
05kmAL,2007,2007_07_09,30,2543128989
05kmAL,2007,2007_07_10,29,2488499660
05kmAL,2007,2007_07_11,27,2326993214
05kmAL,2007,2007_07_12,2,172081364
05kmAL,2007,2007_07_13,8,688325456
05kmAL,2007,2007_07_14,29,2489138659
05kmAL,2007,2007_07_15,29,2500745756
05kmAL,2007,2007_07_16,29,2489449967
05kmAL,2007,2007_07_17,30,2580745319
05kmAL,2007,2007_07_18,29,2500581886
05kmAL,2007,2007_07_19,29,2488384997
05kmAL,2007,2007_07_20,29,2499942927
05kmAL,2007,2007_07_21,29,2489138654
05kmAL,2007,2007_07_22,29,2500106792
05kmAL,2007,2007_07_23,29,2489449947
05kmAL,2007,2007_07_24,29,2499516960
05kmAL,2007,2007_07_25,30,2580745300
05kmAL,2007,2007_07_26,29,2489449937
05kmAL,2007,2007_07_27,27,2327435589
05kmAL,2007,2007_07_28,11,940881536
05kmAL,2007,2007_07_29,29,2499795476
05kmAL,2007,2007_07_30,29,2489138682
05kmAL,2007,2007_07_31,29,2500270606
05kmAL,2007,2007_08_01,29,2489138658
05kmAL,2007,2007_08_02,30,2580745324
05kmAL,2007,2007_08_03,29,2500270613
05kmAL,2007,2007_08_04,29,2489138622
05kmAL,2007,2007_08_05,29,2500270608
05kmAL,2007,2007_08_06,29,2489138654
05kmAL,2007,2007_08_07,29,2498320907
05kmAL,2007,2007_08_08,29,2489138670
05kmAL,2007,2007_08_09,29,2500270590
05kmAL,2007,2007_08_10,30,2580745305
05kmAL,2007,2007_08_11,29,2489302491
05kmAL,2007,2007_08_12,29,2501237278
05kmAL,2007,2007_08_13,29,2489957871
05kmAL,2007,2007_08_14,29,2501253677
05kmAL,2007,2007_08_15,29,2490121702
05kmAL,2007,2007_08_16,29,2502056450
05kmAL,2007,2007_08_17,30,2582695012
05kmAL,2007,2007_08_18,29,2491743696
05kmAL,2007,2007_08_19,29,2503039499
05kmAL,2007,2007_08_20,29,2491743737
05kmAL,2007,2007_08_21,28,2411432848
05kmAL,2007,2007_08_22,29,2491743678
05kmAL,2007,2007_08_23,29,2503039523
05kmAL,2007,2007_08_24,29,2491743719
05kmAL,2007,2007_08_25,29,2503039524
05kmAL,2007,2007_08_26,30,2583514217
05kmAL,2007,2007_08_27,29,2491743693
05kmAL,2007,2007_08_28,29,2502318609
05kmAL,2007,2007_08_29,29,2491907562
05kmAL,2007,2007_08_30,29,2503039500
05kmAL,2007,2007_08_31,29,2491907544
05kmAL,2007,2007_09_01,29,2503039504
05kmAL,2007,2007_09_02,30,2582875233
05kmAL,2007,2007_09_03,29,2491743704
05kmAL,2007,2007_09_04,29,2502711876
05kmAL,2007,2007_09_05,29,2491907545
05kmAL,2007,2007_09_06,28,2384737923
05kmAL,2007,2007_09_07,29,2491416083
05kmAL,2007,2007_09_08,29,2502384199
05kmAL,2007,2007_09_09,29,2490596915
05kmAL,2007,2007_09_10,29,2501892708
05kmAL,2007,2007_09_11,30,2581548180
05kmAL,2007,2007_09_12,29,2489286146
05kmAL,2007,2007_09_13,28,2408418203
05kmAL,2007,2007_09_14,29,2489286137
05kmAL,2007,2007_09_15,29,2497993216
05kmAL,2007,2007_09_16,29,2489286102
05kmAL,2007,2007_09_17,29,2500745742
05kmAL,2007,2007_09_18,30,2581056607
05kmAL,2007,2007_09_19,29,2488892909
05kmAL,2007,2007_09_20,29,2500745774
05kmAL,2007,2007_09_21,29,2489286095
05kmAL,2007,2007_09_22,29,2500745749
05kmAL,2007,2007_09_23,29,2489286139
05kmAL,2007,2007_09_24,29,2398841868
05kmAL,2007,2007_09_25,29,2489286091
05kmAL,2007,2007_09_26,30,2580663392
05kmAL,2007,2007_09_27,29,2500745755
05kmAL,2007,2007_09_28,29,2489286095
05kmAL,2007,2007_09_29,29,2501564950
05kmAL,2007,2007_09_30,29,2490236397
05kmAL,2007,2007_10_01,29,2501794332
05kmAL,2007,2007_10_02,29,2489581000
05kmAL,2007,2007_10_03,29,2501401118
05kmAL,2007,2007_10_04,30,2582760578
05kmAL,2007,2007_10_05,29,2490514877
05kmAL,2007,2007_10_06,29,2502744577
05kmAL,2007,2007_10_07,29,2491153907
05kmAL,2007,2007_10_08,29,2434155937
05kmAL,2007,2007_10_09,29,2491284981
05kmAL,2007,2007_10_10,29,2502187535
05kmAL,2007,2007_10_11,30,2582416487
05kmAL,2007,2007_10_12,29,2491153876
05kmAL,2007,2007_10_13,29,2502744604
05kmAL,2007,2007_10_14,29,2491284911
05kmAL,2007,2007_10_15,29,2502744611
05kmAL,2007,2007_10_16,2,172212432
05kmAL,2007,2007_10_17,10,850041204
05kmAL,2007,2007_10_18,29,2491153883
05kmAL,2007,2007_10_19,29,2502449661
05kmAL,2007,2007_10_20,30,2581810274
05kmAL,2007,2007_10_21,29,2491284906
05kmAL,2007,2007_10_22,29,2502744592
05kmAL,2007,2007_10_23,29,2491153894
05kmAL,2007,2007_10_24,29,2502744622
05kmAL,2007,2007_10_25,29,2491153889
05kmAL,2007,2007_10_26,29,2481248400
05kmAL,2007,2007_10_27,30,2581384320
05kmAL,2007,2007_10_28,29,2490039791
05kmAL,2007,2007_10_29,29,2501204522
05kmAL,2007,2007_10_30,27,2298087695
05kmAL,2007,2007_10_31,29,2501548591
05kmAL,2007,2007_11_01,29,2487254488
05kmAL,2007,2007_11_02,29,2473789905
05kmAL,2007,2007_11_03,29,2486697443
05kmAL,2007,2007_11_04,27,2328992061
05kmAL,2007,2007_11_05,4,344424862
05kmAL,2007,2007_11_06,29,2486058465
05kmAL,2007,2007_11_07,29,2450338975
05kmAL,2007,2007_11_08,29,2485026248
05kmAL,2007,2007_11_09,29,2501073464
05kmAL,2007,2007_11_10,29,2485714382
05kmAL,2007,2007_11_11,29,2501499428
05kmAL,2007,2007_11_12,30,2578041949
05kmAL,2007,2007_11_13,29,2490039775
05kmAL,2007,2007_11_14,29,2498419199
05kmAL,2007,2007_11_15,29,2490465711
05kmAL,2007,2007_11_16,29,2499533335
05kmAL,2007,2007_11_17,29,2490596840
05kmAL,2007,2007_11_18,29,2501073414
05kmAL,2007,2007_11_19,29,2489482754
05kmAL,2007,2007_11_20,30,2583186513
05kmAL,2007,2007_11_21,29,2502744610
05kmAL,2007,2007_11_22,29,2489826777
05kmAL,2007,2007_11_23,29,2502744595
05kmAL,2007,2007_11_24,29,2491284959
05kmAL,2007,2007_11_25,29,2502744567
05kmAL,2007,2007_11_26,29,2491153863
05kmAL,2007,2007_11_27,29,2502744606
05kmAL,2007,2007_11_28,29,2491022812
05kmAL,2007,2007_11_29,29,2491284968
05kmAL,2007,2007_11_30,29,2502744579
05kmAL,2007,2007_12_01,29,2491153858
05kmAL,2007,2007_12_02,29,2502744577
05kmAL,2007,2007_12_03,29,2491284982
05kmAL,2007,2007_12_04,29,2476624372
05kmAL,2007,2007_12_05,29,2491153896
05kmAL,2007,2007_12_06,30,2557066287
05kmAL,2007,2007_12_07,29,2502318649
05kmAL,2007,2007_12_08,29,2491153837
05kmAL,2007,2007_12_09,29,2502744619
05kmAL,2007,2007_12_10,29,2491284932
05kmAL,2007,2007_12_11,29,2502744617
05kmAL,2007,2007_12_12,19,1088656335
05kmAL,2007,2007_12_13,29,2502744616
05kmAL,2007,2007_12_14,30,2583055461
05kmAL,2007,2007_12_15,28,2410843037
05kmAL,2007,2007_12_16,6,516637315
05kmAL,2007,2007_12_17,17,1451650950
05kmAL,2007,2007_12_18,29,2502351357
05kmAL,2007,2007_12_19,25,2145647634
05kmAL,2007,2007_12_20,29,2501958159
05kmAL,2007,2007_12_21,29,2489679339
05kmAL,2007,2007_12_22,30,2582006890
05kmAL,2007,2007_12_23,29,2494941020
05kmAL,2007,2007_12_24,29,2489286093
05kmAL,2007,2007_12_25,29,2500745780
05kmAL,2007,2007_12_26,29,2489581009
05kmAL,2007,2007_12_27,29,2500909603
05kmAL,2007,2007_12_28,29,2489449936
05kmAL,2007,2007_12_29,29,2500909599
05kmAL,2007,2007_12_30,30,2581056614
05kmAL,2007,2007_12_31,29,2489286088
05kmAL,2008,2008_01_01,29,2500745756
05kmAL,2008,2008_01_02,29,2489286087
05kmAL,2008,2008_01_03,29,2500745778
05kmAL,2008,2008_01_04,29,2489286139
05kmAL,2008,2008_01_05,29,2497646781
05kmAL,2008,2008_01_06,29,2489449937
05kmAL,2008,2008_01_07,30,2581056607
05kmAL,2008,2008_01_08,29,2499353127
05kmAL,2008,2008_01_09,29,2463706496
05kmAL,2008,2008_01_10,29,2500745748
05kmAL,2008,2008_01_11,29,2489286127
05kmAL,2008,2008_01_12,29,2500745758
05kmAL,2008,2008_01_13,29,2489286106
05kmAL,2008,2008_01_14,29,2500745741
05kmAL,2008,2008_01_15,30,2556773766
05kmAL,2008,2008_01_16,24,2064255443
05kmAL,2008,2008_01_17,4,344162735
05kmAL,2008,2008_01_18,29,2447573757
05kmAL,2008,2008_01_19,29,2500745726
05kmAL,2008,2008_01_20,25,2045940351
05kmAL,2008,2008_01_21,29,2496467116
05kmAL,2008,2008_01_22,29,2489941453
05kmAL,2008,2008_01_23,30,2582039646
05kmAL,2008,2008_01_24,29,2501007901
05kmAL,2008,2008_01_25,29,2490269116
05kmAL,2008,2008_01_26,29,2501728834
05kmAL,2008,2008_01_27,29,2490760675
05kmAL,2008,2008_01_28,29,2501728789
05kmAL,2008,2008_01_29,29,2475592148
05kmAL,2008,2008_01_30,29,2500663805
05kmAL,2008,2008_01_31,30,2582694986
05kmAL,2008,2008_02_01,29,2490285525
05kmAL,2008,2008_02_02,29,2501663271
05kmAL,2008,2008_02_03,29,2474954466
05kmAL,2008,2008_02_04,14,1205224920
05kmAL,2008,2008_02_05,9,769455505
05kmAL,2008,2008_02_06,29,2503039500
05kmAL,2008,2008_02_07,28,2410105704
05kmAL,2008,2008_02_08,29,2502875670
05kmAL,2008,2008_02_09,30,2583514210
05kmAL,2008,2008_02_10,29,2490940907
05kmAL,2008,2008_02_11,29,2503203361
05kmAL,2008,2008_02_12,29,2491907555
05kmAL,2008,2008_02_13,28,2422564820
05kmAL,2008,2008_02_14,29,2491743734
05kmAL,2008,2008_02_15,29,2503203399
05kmAL,2008,2008_02_16,30,2583514218
05kmAL,2008,2008_02_17,29,2491743737
05kmAL,2008,2008_02_18,29,2503039540
05kmAL,2008,2008_02_19,29,2421320085
05kmAL,2008,2008_02_20,29,2503039516
05kmAL,2008,2008_02_21,29,2491743711
05kmAL,2008,2008_02_22,29,2401540381
05kmAL,2008,2008_02_23,29,2491743707
05kmAL,2008,2008_02_24,25,2141496401
05kmAL,2008,2008_02_25,26,2239187647
05kmAL,2008,2008_02_26,29,2491743699
05kmAL,2008,2008_02_27,29,2503039485
05kmAL,2008,2008_02_28,29,2491743692
05kmAL,2008,2008_02_29,29,2502875691
05kmAL,2008,2008_03_01,29,2491907546
05kmAL,2008,2008_03_02,29,2489807985
05kmAL,2008,2008_03_03,14,1177594950
05kmAL,2008,2008_03_11,14,1197794433
05kmAL,2008,2008_03_12,30,2583514237
05kmAL,2008,2008_03_13,29,2468853530
05kmAL,2008,2008_03_14,29,2503203358
05kmAL,2008,2008_03_15,29,2491743748
05kmAL,2008,2008_03_16,29,2503039576
05kmAL,2008,2008_03_17,28,2411269096
05kmAL,2008,2008_03_18,18,1488192964
05kmAL,2008,2008_03_19,29,2491743781
05kmAL,2008,2008_03_20,30,2582760572
05kmAL,2008,2008_03_21,29,2462310264
05kmAL,2008,2008_03_22,29,2491743759
05kmAL,2008,2008_03_23,29,2503039562
05kmAL,2008,2008_03_24,29,2491743776
05kmAL,2008,2008_03_25,29,2503203447
05kmAL,2008,2008_03_26,29,2491743755
05kmAL,2008,2008_03_27,29,2502400582
05kmAL,2008,2008_03_28,30,2482736071
05kmAL,2008,2008_03_29,29,2491743732
05kmAL,2008,2008_03_30,29,2503039537
05kmAL,2008,2008_03_31,29,2491743820
05kmAL,2008,2008_04_01,29,2503039563
05kmAL,2008,2008_04_02,29,2491743825
05kmAL,2008,2008_04_03,29,2503039607
05kmAL,2008,2008_04_04,29,2491743859
05kmAL,2008,2008_04_05,29,2503039608
05kmAL,2008,2008_04_06,30,2583678132
05kmAL,2008,2008_04_07,29,2491743763
05kmAL,2008,2008_04_08,29,2502711891
05kmAL,2008,2008_04_09,29,2491743773
05kmAL,2008,2008_04_10,29,2503039553
05kmAL,2008,2008_04_11,29,2491743794
05kmAL,2008,2008_04_12,29,2503039572
05kmAL,2008,2008_04_13,30,2582711462
05kmAL,2008,2008_04_14,29,2491743749
05kmAL,2008,2008_04_15,29,2503039579
05kmAL,2008,2008_04_16,29,2491743753
05kmAL,2008,2008_04_17,29,2503039548
05kmAL,2008,2008_04_18,29,2491104767
05kmAL,2008,2008_04_19,29,2503039570
05kmAL,2008,2008_04_20,29,2491907623
05kmAL,2008,2008_04_21,29,2503039557
05kmAL,2008,2008_04_22,30,2583514275
05kmAL,2008,2008_04_23,29,2491416079
05kmAL,2008,2008_04_24,29,2503039536
05kmAL,2008,2008_04_25,29,2491907576
05kmAL,2008,2008_04_26,29,2503039576
05kmAL,2008,2008_04_27,29,2491743766
05kmAL,2008,2008_04_28,29,2503039555
05kmAL,2008,2008_04_29,28,2411105191
05kmAL,2008,2008_04_30,30,2572677251
05kmAL,2008,2008_05_01,29,2502711904
05kmAL,2008,2008_05_02,29,2491743753
05kmAL,2008,2008_05_03,29,2503039520
05kmAL,2008,2008_05_04,29,2490940963
05kmAL,2008,2008_05_05,29,2502564387
05kmAL,2008,2008_05_06,29,2491907583
05kmAL,2008,2008_05_07,29,2337347919
05kmAL,2008,2008_05_08,30,2583514260
05kmAL,2008,2008_05_09,29,2491743743
05kmAL,2008,2008_05_10,29,2502875748
05kmAL,2008,2008_05_11,29,2491743786
05kmAL,2008,2008_05_12,29,2503039574
05kmAL,2008,2008_05_13,29,2491743759
05kmAL,2008,2008_05_14,29,2503039572
05kmAL,2008,2008_05_15,29,2490826253
05kmAL,2008,2008_05_16,30,2583022768
05kmAL,2008,2008_05_17,29,2502711884
05kmAL,2008,2008_05_18,29,2491088417
05kmAL,2008,2008_05_19,29,2502384216
05kmAL,2008,2008_05_20,29,2386395526
05kmAL,2008,2008_05_21,29,2501728835
05kmAL,2008,2008_05_22,29,2490285589
05kmAL,2008,2008_05_23,29,2501565012
05kmAL,2008,2008_05_24,30,2581564565
05kmAL,2008,2008_05_25,29,2490433052
05kmAL,2008,2008_05_26,29,2500434500
05kmAL,2008,2008_05_27,29,2490596876
05kmAL,2008,2008_05_28,29,2499467870
05kmAL,2008,2008_05_29,29,2489138735
05kmAL,2008,2008_05_30,29,2500434511
05kmAL,2008,2008_05_31,29,2489613875
05kmAL,2008,2008_06_01,30,2581056677
05kmAL,2008,2008_06_02,29,2500745827
05kmAL,2008,2008_06_03,20,1720338566
05kmAL,2008,2008_06_10,5,424637465
05kmAL,2008,2008_06_11,29,2492516323
05kmAL,2008,2008_06_12,29,2489138750
05kmAL,2008,2008_06_13,29,2499943044
05kmAL,2008,2008_06_14,29,2386280884
05kmAL,2008,2008_06_15,29,2499467915
05kmAL,2008,2008_06_16,29,2488663626
05kmAL,2008,2008_06_17,29,2500582016
05kmAL,2008,2008_06_18,30,2581056735
05kmAL,2008,2008_06_19,29,2489138783
05kmAL,2008,2008_06_20,29,2498632333
05kmAL,2008,2008_06_21,29,2489138777
05kmAL,2008,2008_06_22,29,2500270729
05kmAL,2008,2008_06_23,29,2489138759
05kmAL,2008,2008_06_24,29,2499517077
05kmAL,2008,2008_06_25,30,2581056755
05kmAL,2008,2008_06_26,29,2489138781
05kmAL,2008,2008_06_27,29,2500270734
05kmAL,2008,2008_06_28,29,2489138723
05kmAL,2008,2008_06_29,29,2500582004
05kmAL,2008,2008_06_30,29,2486613202
05kmAL,2008,2008_07_01,29,2500270678
05kmAL,2008,2008_07_02,29,2489613878
05kmAL,2008,2008_07_03,29,2499435135
05kmAL,2008,2008_07_04,30,2580745408
05kmAL,2008,2008_07_05,29,2489138774
05kmAL,2008,2008_07_06,29,2500270686
05kmAL,2008,2008_07_07,29,2489138755
05kmAL,2008,2008_07_08,29,2500418131
05kmAL,2008,2008_07_09,29,2489138682
05kmAL,2008,2008_07_10,29,2500270653
05kmAL,2008,2008_07_11,30,2581220495
05kmAL,2008,2008_07_12,29,2489138708
05kmAL,2008,2008_07_13,29,2499631726
05kmAL,2008,2008_07_14,29,2488663560
05kmAL,2008,2008_07_15,29,2500270691
05kmAL,2008,2008_07_16,29,2489138723
05kmAL,2008,2008_07_17,29,2500270663
05kmAL,2008,2008_07_18,28,2407271334
05kmAL,2008,2008_07_22,12,1031849226
05kmAL,2008,2008_07_23,29,2489138732
05kmAL,2008,2008_07_24,29,2430946260
05kmAL,2008,2008_07_25,29,2488663572
05kmAL,2008,2008_07_26,29,2500270650
05kmAL,2008,2008_07_27,30,2581056678
05kmAL,2008,2008_07_28,29,2489138719
05kmAL,2008,2008_07_29,29,2500270684
05kmAL,2008,2008_07_30,29,2484366184
05kmAL,2008,2008_07_31,29,2500270700
05kmAL,2008,2008_08_01,29,2489613818
05kmAL,2008,2008_08_02,29,2500745784
05kmAL,2008,2008_08_03,29,2489138724
05kmAL,2008,2008_08_04,30,2580909173
05kmAL,2008,2008_08_05,29,2500598358
05kmAL,2008,2008_08_06,29,2489302569
05kmAL,2008,2008_08_07,29,2500975171
05kmAL,2008,2008_08_08,29,2489138695
05kmAL,2008,2008_08_09,29,2501433968
05kmAL,2008,2008_08_10,29,2490433028
05kmAL,2008,2008_08_11,29,2499877478
05kmAL,2008,2008_08_12,30,2581499037
05kmAL,2008,2008_08_13,29,2491088402
05kmAL,2008,2008_08_14,29,2482085052
05kmAL,2008,2008_08_15,29,2491252212
05kmAL,2008,2008_08_16,29,2502875746
05kmAL,2008,2008_08_17,29,2491743800
05kmAL,2008,2008_08_18,29,2503039560
05kmAL,2008,2008_08_19,29,2491104767
05kmAL,2008,2008_08_20,30,2583678091
05kmAL,2008,2008_08_21,29,2503039568
05kmAL,2008,2008_08_22,29,2491743765
05kmAL,2008,2008_08_23,29,2503039547
05kmAL,2008,2008_08_24,29,2491743775
05kmAL,2008,2008_08_25,29,2503039581
05kmAL,2008,2008_08_26,4,344326585
05kmAL,2008,2008_08_27,10,858700491
05kmAL,2008,2008_08_28,30,2583514258
05kmAL,2008,2008_08_29,29,2491743790
05kmAL,2008,2008_08_30,29,2502875739
05kmAL,2008,2008_08_31,29,2491743777
05kmAL,2008,2008_09_01,29,2503039563
05kmAL,2008,2008_09_02,29,2491743739
05kmAL,2008,2008_09_03,29,2502548028
05kmAL,2008,2008_09_04,30,2582695109
05kmAL,2008,2008_09_05,29,2490760726
05kmAL,2008,2008_09_06,29,2500844163
05kmAL,2008,2008_09_07,29,2489613900
05kmAL,2008,2008_09_08,17,1468585333
05kmAL,2008,2008_09_10,14,1189958146
05kmAL,2008,2008_09_11,29,2488892998
05kmAL,2008,2008_09_12,29,2500352633
05kmAL,2008,2008_09_13,30,2580106419
05kmAL,2008,2008_09_14,29,2489450004
05kmAL,2008,2008_09_15,29,2500188720
05kmAL,2008,2008_09_16,29,2489286166
05kmAL,2008,2008_09_17,29,2500909646
05kmAL,2008,2008_09_18,29,2489286190
05kmAL,2008,2008_09_19,29,2500745789
05kmAL,2008,2008_09_20,30,2581056658
05kmAL,2008,2008_09_21,29,2488811003
05kmAL,2008,2008_09_22,29,2500745810
05kmAL,2008,2008_09_23,29,2489450019
05kmAL,2008,2008_09_24,21,1812551429
05kmAL,2008,2008_09_26,4,275344686
05kmAL,2008,2008_09_27,29,2490072604
05kmAL,2008,2008_09_28,27,2330106243
05kmAL,2008,2008_10_01,10,852697859
05kmAL,2008,2008_10_02,29,2491153959
05kmAL,2008,2008_10_03,29,2502744652
05kmAL,2008,2008_10_04,29,2491153953
05kmAL,2008,2008_10_05,29,2502875735
05kmAL,2008,2008_10_06,30,2484641411
05kmAL,2008,2008_10_07,29,2489957893
05kmAL,2008,2008_10_08,29,2502744652
05kmAL,2008,2008_10_09,29,2491153953
05kmAL,2008,2008_10_10,29,2502744621
05kmAL,2008,2008_10_11,29,2491153954
05kmAL,2008,2008_10_12,29,2502187566
05kmAL,2008,2008_10_13,29,2490023433
05kmAL,2008,2008_10_14,30,2583055515
05kmAL,2008,2008_10_15,19,1578947673
05kmAL,2008,2008_10_16,29,2471411868
05kmAL,2008,2008_10_17,29,2473694075
05kmAL,2008,2008_10_18,29,2475811270
05kmAL,2008,2008_10_19,29,2472167949
05kmAL,2008,2008_10_20,29,2486140457
05kmAL,2008,2008_10_21,29,2496485973
05kmAL,2008,2008_10_22,30,2577616036
05kmAL,2008,2008_10_23,29,2483912202
05kmAL,2008,2008_10_24,29,2496617093
05kmAL,2008,2008_10_25,29,2483355155
05kmAL,2008,2008_10_26,29,2495928946
05kmAL,2008,2008_10_27,29,2454466042
05kmAL,2008,2008_10_28,29,2478385999
05kmAL,2008,2008_10_29,29,2481503782
05kmAL,2008,2008_10_30,30,2546400371
05kmAL,2008,2008_10_31,29,2494011959
05kmAL,2008,2008_11_01,29,2482798115
05kmAL,2008,2008_11_02,29,2494945866
05kmAL,2008,2008_11_03,29,2480946687
05kmAL,2008,2008_11_04,29,2494945881
05kmAL,2008,2008_11_05,29,2482716157
05kmAL,2008,2008_11_06,29,2478353249
05kmAL,2008,2008_11_07,30,2574617772
05kmAL,2008,2008_11_08,29,2482798080
05kmAL,2008,2008_11_09,29,2489716981
05kmAL,2008,2008_11_10,29,2482798103
05kmAL,2008,2008_11_11,29,2494913092
05kmAL,2008,2008_11_12,26,2137093278
05kmAL,2008,2008_11_13,29,2494945848
05kmAL,2008,2008_11_14,30,2573651118
05kmAL,2008,2008_11_15,29,2482273789
05kmAL,2008,2008_11_16,29,2494945885
05kmAL,2008,2008_11_17,29,2482798085
05kmAL,2008,2008_11_18,29,2495502919
05kmAL,2008,2008_11_19,29,2482798106
05kmAL,2008,2008_11_20,27,2319765518
05kmAL,2008,2008_11_21,29,2485583345
05kmAL,2008,2008_11_22,29,2494945842
05kmAL,2008,2008_11_23,30,2576764069
05kmAL,2008,2008_11_24,29,2484469230
05kmAL,2008,2008_11_25,29,2497731139
05kmAL,2008,2008_11_26,29,2485714440
05kmAL,2008,2008_11_27,29,2499451466
05kmAL,2008,2008_11_28,29,2487254567
05kmAL,2008,2008_11_29,29,2500434500
05kmAL,2008,2008_11_30,30,2580384912
05kmAL,2008,2008_12_01,29,2490596866
05kmAL,2008,2008_12_02,29,2502744639
05kmAL,2008,2008_12_03,29,2491153951
05kmAL,2008,2008_12_04,29,2502744672
05kmAL,2008,2008_12_05,29,2491153930
05kmAL,2008,2008_12_06,29,2502744635
05kmAL,2008,2008_12_07,29,2491153938
05kmAL,2008,2008_12_08,29,2502187617
05kmAL,2008,2008_12_09,30,2583055540
05kmAL,2008,2008_12_10,29,2491285005
05kmAL,2008,2008_12_11,29,2502875717
05kmAL,2008,2008_12_12,29,2490105373
05kmAL,2008,2008_12_13,29,2502187569
05kmAL,2008,2008_12_14,29,2491153932
05kmAL,2008,2008_12_15,29,2502744646
05kmAL,2008,2008_12_16,30,2583055484
05kmAL,2008,2008_12_17,29,2491153961
05kmAL,2008,2008_12_18,29,2502187619
05kmAL,2008,2008_12_19,29,2491153923
05kmAL,2008,2008_12_20,29,2502744635
05kmAL,2008,2008_12_21,29,2491153934
05kmAL,2008,2008_12_22,29,2502875729
05kmAL,2008,2008_12_23,29,2490727947
05kmAL,2008,2008_12_24,29,2502482511
05kmAL,2008,2008_12_25,30,2582531245
05kmAL,2008,2008_12_26,29,2490629623
05kmAL,2008,2008_12_27,29,2499713600
05kmAL,2008,2008_12_28,29,2490498604
05kmAL,2008,2008_12_29,29,2502482529
05kmAL,2008,2008_12_30,29,2489941497
05kmAL,2008,2008_12_31,29,2499123806
05kmAL,2009,2009_01_01,30,2581843094
05kmAL,2009,2009_01_02,29,2489679380
05kmAL,2009,2009_01_03,29,2500237895
05kmAL,2009,2009_01_04,29,2489286147
05kmAL,2009,2009_01_05,29,2500745803
05kmAL,2009,2009_01_06,26,2236893923
05kmAL,2009,2009_01_07,20,1658078940
05kmAL,2009,2009_01_08,29,2489286151
05kmAL,2009,2009_01_09,29,2500745797
05kmAL,2009,2009_01_10,30,2581056640
05kmAL,2009,2009_01_11,29,2488729111
05kmAL,2009,2009_01_12,29,2500745803
05kmAL,2009,2009_01_13,29,2489286150
05kmAL,2009,2009_01_14,29,2499205699
05kmAL,2009,2009_01_15,29,2489450000
05kmAL,2009,2009_01_16,29,2499336779
05kmAL,2009,2009_01_17,30,2581056678
05kmAL,2009,2009_01_18,29,2489286174
05kmAL,2009,2009_01_19,29,2500352617
05kmAL,2009,2009_01_20,29,2489286162
05kmAL,2009,2009_01_21,29,2500745803
05kmAL,2009,2009_01_22,29,2488892942
05kmAL,2009,2009_01_23,29,2500745822
05kmAL,2009,2009_01_24,29,2489450005
05kmAL,2009,2009_01_25,29,2500745802
05kmAL,2009,2009_01_26,30,2580139181
05kmAL,2009,2009_01_27,29,2489450002
05kmAL,2009,2009_01_28,29,2500909661
05kmAL,2009,2009_01_29,29,2489286167
05kmAL,2009,2009_01_30,29,2500106850
05kmAL,2009,2009_01_31,29,2489286166
05kmAL,2009,2009_02_01,29,2500745802
05kmAL,2009,2009_02_02,29,2489286146
05kmAL,2009,2009_02_03,30,2581056654
05kmAL,2009,2009_02_04,29,2500909641
05kmAL,2009,2009_02_05,29,2489613803
05kmAL,2009,2009_02_06,29,2399426883
05kmAL,2009,2009_02_07,29,2489450035
05kmAL,2009,2009_02_08,29,2500516447
05kmAL,2009,2009_02_09,27,2317057366
05kmAL,2009,2009_02_10,29,2501401178
05kmAL,2009,2009_02_11,30,2581712037
05kmAL,2009,2009_02_12,29,2489777696
05kmAL,2009,2009_02_13,29,2501565039
05kmAL,2009,2009_02_14,29,2489613874
05kmAL,2009,2009_02_15,29,2501401214
05kmAL,2009,2009_02_16,8,688489317
05kmAL,2009,2009_03_12,17,1366332488
05kmAL,2009,2009_03_13,16,1376978647
05kmAL,2009,2009_03_15,7,596882642
05kmAL,2009,2009_03_16,29,2490760724
05kmAL,2009,2009_03_17,29,2327023184
05kmAL,2009,2009_03_18,29,2490596873
05kmAL,2009,2009_03_19,29,2501728831
05kmAL,2009,2009_03_20,29,2489875977
05kmAL,2009,2009_03_21,28,2224496291
05kmAL,2009,2009_03_22,29,2446902079
05kmAL,2009,2009_03_23,29,2502220336
05kmAL,2009,2009_03_24,30,2582858913
05kmAL,2009,2009_03_25,29,2490760691
05kmAL,2009,2009_03_26,29,2502384165
05kmAL,2009,2009_03_27,29,2490449427
05kmAL,2009,2009_03_28,29,2461820043
05kmAL,2009,2009_03_29,29,2427946443
05kmAL,2009,2009_03_30,29,2502384227
05kmAL,2009,2009_03_31,28,2410613724
05kmAL,2009,2009_04_01,19,1629862377
05kmAL,2009,2009_04_02,29,2502056588
05kmAL,2009,2009_04_03,29,2491088483
05kmAL,2009,2009_04_04,29,2500532915
05kmAL,2009,2009_04_05,29,2491252279
05kmAL,2009,2009_04_06,29,2502384229
05kmAL,2009,2009_04_07,29,2491088436
05kmAL,2009,2009_04_08,29,2502384212
05kmAL,2009,2009_04_09,30,2582547635
05kmAL,2009,2009_04_10,29,2491252259
05kmAL,2009,2009_04_11,29,2502154762
05kmAL,2009,2009_04_12,29,2491416094
05kmAL,2009,2009_04_13,29,2503039562
05kmAL,2009,2009_04_14,29,2491579924
05kmAL,2009,2009_04_15,21,1714039007
05kmAL,2009,2009_04_16,29,2491907633
05kmAL,2009,2009_04_17,29,2503203385
05kmAL,2009,2009_04_18,30,2583514300
05kmAL,2009,2009_04_19,24,2066778623
05kmAL,2009,2009_04_20,6,451999620
05kmAL,2009,2009_04_21,29,2491743790
05kmAL,2009,2009_04_22,29,2503039540
05kmAL,2009,2009_04_23,29,2491743760
05kmAL,2009,2009_04_24,29,2399836547
05kmAL,2009,2009_04_25,30,2583514289
05kmAL,2009,2009_04_26,29,2491743749
05kmAL,2009,2009_04_27,29,2502711884
05kmAL,2009,2009_04_28,29,2485136224
05kmAL,2009,2009_04_29,29,2450930132
05kmAL,2009,2009_04_30,29,2491022836
05kmAL,2009,2009_05_01,29,2502875741
05kmAL,2009,2009_05_02,29,2491907618
05kmAL,2009,2009_05_03,29,2503039537
05kmAL,2009,2009_05_04,28,2411432874
05kmAL,2009,2009_05_05,19,1630517732
05kmAL,2009,2009_05_06,29,2503039564
05kmAL,2009,2009_05_07,29,2491743770
05kmAL,2009,2009_05_08,29,2502875714
05kmAL,2009,2009_05_09,29,2491743768
05kmAL,2009,2009_05_10,29,2481560796
05kmAL,2009,2009_05_11,29,2491416071
05kmAL,2009,2009_05_12,30,2583514250
05kmAL,2009,2009_05_13,29,2502711873
05kmAL,2009,2009_05_14,29,2491743772
05kmAL,2009,2009_05_15,29,2503039592
05kmAL,2009,2009_05_16,29,2491743771
05kmAL,2009,2009_05_17,29,2503039571
05kmAL,2009,2009_05_18,29,2491743784
05kmAL,2009,2009_05_19,29,2503039549
05kmAL,2009,2009_05_20,30,2583514266
05kmAL,2009,2009_05_21,29,2491743766
05kmAL,2009,2009_05_22,29,2503203431
05kmAL,2009,2009_05_23,29,2491743792
05kmAL,2009,2009_05_24,29,2503039565
05kmAL,2009,2009_05_25,29,2491416084
05kmAL,2009,2009_05_26,29,2503039556
05kmAL,2009,2009_05_27,29,2491743782
05kmAL,2009,2009_05_28,30,2583350465
05kmAL,2009,2009_05_29,29,2501581386
05kmAL,2009,2009_05_30,29,2491088430
05kmAL,2009,2009_05_31,29,2502220412
05kmAL,2009,2009_06_01,29,2490760784
05kmAL,2009,2009_06_02,29,2501892727
05kmAL,2009,2009_06_03,29,2490285643
05kmAL,2009,2009_06_04,29,2500270732
05kmAL,2009,2009_06_05,30,2582039770
05kmAL,2009,2009_06_06,29,2490285650
05kmAL,2009,2009_06_07,29,2501417597
05kmAL,2009,2009_06_08,29,2387737957
05kmAL,2009,2009_06_09,29,2500647564
05kmAL,2009,2009_06_10,29,2489466436
05kmAL,2009,2009_06_11,29,2500582024
05kmAL,2009,2009_06_12,24,2064976428
05kmAL,2009,2009_06_14,28,2408811535
05kmAL,2009,2009_06_15,29,2489613912
05kmAL,2009,2009_06_16,29,2500582008
05kmAL,2009,2009_06_17,29,2488974976
05kmAL,2009,2009_06_18,29,2500582028
05kmAL,2009,2009_06_19,29,2489138798
05kmAL,2009,2009_06_20,29,2500270740
05kmAL,2009,2009_06_21,30,2581056712
05kmAL,2009,2009_06_22,29,2489138805
05kmAL,2009,2009_06_23,29,2500106883
05kmAL,2009,2009_06_24,29,2487844429
05kmAL,2009,2009_06_25,29,2500745889
05kmAL,2009,2009_06_26,29,2489138755
05kmAL,2009,2009_06_27,29,2500745863
05kmAL,2009,2009_06_28,29,2489613900
05kmAL,2009,2009_06_29,30,2580745428
05kmAL,2009,2009_06_30,29,2500582053
05kmAL,2009,2009_07_01,29,2489138795
05kmAL,2009,2009_07_02,29,2500582042
05kmAL,2009,2009_07_03,29,2488811063
05kmAL,2009,2009_07_04,29,2500581980
05kmAL,2009,2009_07_05,29,2489138732
05kmAL,2009,2009_07_06,29,2500270703
05kmAL,2009,2009_07_07,30,2581220541
05kmAL,2009,2009_07_08,29,2489138714
05kmAL,2009,2009_07_09,29,2499992176
05kmAL,2009,2009_07_10,29,2489613828
05kmAL,2009,2009_07_11,29,2499517032
05kmAL,2009,2009_07_12,29,2489449987
05kmAL,2009,2009_07_13,29,2500106794
05kmAL,2009,2009_07_14,29,2488974855
05kmAL,2009,2009_07_15,30,2580745342
05kmAL,2009,2009_07_16,29,2500581974
05kmAL,2009,2009_07_17,29,2489138696
05kmAL,2009,2009_07_18,29,2500745819
05kmAL,2009,2009_07_19,29,2488385065
05kmAL,2009,2009_07_20,29,2500270664
05kmAL,2009,2009_07_21,29,2489138721
05kmAL,2009,2009_07_22,29,2500270625
05kmAL,2009,2009_07_23,30,2581056674
05kmAL,2009,2009_07_24,29,2489138692
05kmAL,2009,2009_07_25,29,2499795556
05kmAL,2009,2009_07_26,29,2489613855
05kmAL,2009,2009_07_27,29,2499795524
05kmAL,2009,2009_07_28,29,2489138705
05kmAL,2009,2009_07_29,29,2500598313
05kmAL,2009,2009_07_30,30,2581056628
05kmAL,2009,2009_07_31,29,2489302532
05kmAL,2009,2009_08_01,29,2499877455
05kmAL,2009,2009_08_02,29,2489630237
05kmAL,2009,2009_08_03,29,2500762163
05kmAL,2009,2009_08_04,29,2489318953
05kmAL,2009,2009_08_05,29,2501401179
05kmAL,2009,2009_08_06,29,2490596905
05kmAL,2009,2009_08_07,29,2501417555
05kmAL,2009,2009_08_08,14,1205224891
05kmAL,2009,2009_08_09,11,941536915
05kmAL,2009,2009_08_10,27,2329663885
05kmAL,2009,2009_08_11,17,1458436362
05kmAL,2009,2009_08_12,29,2502711872
05kmAL,2009,2009_08_13,29,2491579914
05kmAL,2009,2009_08_14,29,2502564418
05kmAL,2009,2009_08_15,30,2583350432
05kmAL,2009,2009_08_16,29,2491743723
05kmAL,2009,2009_08_17,29,2502318653
05kmAL,2009,2009_08_18,29,2491743779
05kmAL,2009,2009_08_19,29,2503203422
05kmAL,2009,2009_08_20,29,2491907615
05kmAL,2009,2009_08_21,29,2502318672
05kmAL,2009,2009_08_22,29,2491579939
05kmAL,2009,2009_08_23,30,2583514239
05kmAL,2009,2009_08_24,29,2503039581
05kmAL,2009,2009_08_25,29,2491743719
05kmAL,2009,2009_08_26,29,2499694832
05kmAL,2009,2009_08_27,29,2491743769
05kmAL,2009,2009_08_28,29,2496909569
05kmAL,2009,2009_08_29,29,2478137856
05kmAL,2009,2009_08_30,29,2503039538
05kmAL,2009,2009_08_31,29,2443585262
05kmAL,2009,2009_09_01,21,1801714350
05kmAL,2009,2009_09_02,29,2501564950
05kmAL,2009,2009_09_03,29,2484040916
05kmAL,2009,2009_09_04,29,2397411687
05kmAL,2009,2009_09_05,29,2489777714
05kmAL,2009,2009_09_06,29,2500581988
05kmAL,2009,2009_09_07,29,2489450062
05kmAL,2009,2009_09_08,30,2581056761
05kmAL,2009,2009_09_09,29,2500745897
05kmAL,2009,2009_09_10,29,2489286200
05kmAL,2009,2009_09_11,29,2500024911
05kmAL,2009,2009_09_12,29,2489286192
05kmAL,2009,2009_09_13,29,2500745815
05kmAL,2009,2009_09_14,29,2489286151
05kmAL,2009,2009_09_15,29,2500745791
05kmAL,2009,2009_09_16,30,2580663415
05kmAL,2009,2009_09_17,29,2489286190
05kmAL,2009,2009_09_18,29,2500745810
05kmAL,2009,2009_09_19,29,2489286170
05kmAL,2009,2009_09_20,29,2500745788
05kmAL,2009,2009_09_21,29,2488892971
05kmAL,2009,2009_09_22,29,2500745822
05kmAL,2009,2009_09_23,30,2527554637
05kmAL,2009,2009_09_24,29,2490203670
05kmAL,2009,2009_09_25,29,2501827130
05kmAL,2009,2009_09_26,29,2490498592
05kmAL,2009,2009_09_27,29,2502220393
05kmAL,2009,2009_09_28,29,2490433016
05kmAL,2009,2009_09_29,29,2502187587
05kmAL,2009,2009_09_30,29,2490596858
05kmAL,2009,2009_10_01,29,2502744664
05kmAL,2009,2009_10_02,30,2583055525
05kmAL,2009,2009_10_03,29,2491285003
05kmAL,2009,2009_10_04,29,2502580786
05kmAL,2009,2009_10_05,29,2491153911
05kmAL,2009,2009_10_06,29,2502449744
05kmAL,2009,2009_10_07,29,2491153928
05kmAL,2009,2009_10_08,29,2502744655
05kmAL,2009,2009_10_09,30,2583055521
05kmAL,2009,2009_10_10,29,2491285019
05kmAL,2009,2009_10_11,29,2502744641
05kmAL,2009,2009_10_12,29,2491153943
05kmAL,2009,2009_10_13,29,2501499461
05kmAL,2009,2009_10_14,29,2489056779
05kmAL,2009,2009_10_15,29,2499959376
05kmAL,2009,2009_10_16,29,2487680489
05kmAL,2009,2009_10_17,30,2576927892
05kmAL,2009,2009_10_18,29,2497305188
05kmAL,2009,2009_10_19,29,2486271494
05kmAL,2009,2009_10_20,29,2496059978
05kmAL,2009,2009_10_21,29,2484469257
05kmAL,2009,2009_10_22,29,2495076961
05kmAL,2009,2009_10_23,29,2482929181
05kmAL,2009,2009_10_24,29,2495502983
05kmAL,2009,2009_10_25,30,2574699673
05kmAL,2009,2009_10_26,29,2482929168
05kmAL,2009,2009_10_27,29,2495076957
05kmAL,2009,2009_10_28,29,2482798128
05kmAL,2009,2009_10_29,29,2494945902
05kmAL,2009,2009_10_30,29,2482798122
05kmAL,2009,2009_10_31,29,2494945893
05kmAL,2009,2009_11_01,29,2482798080
05kmAL,2009,2009_11_02,30,2574830742
05kmAL,2009,2009_11_03,29,2495076948
05kmAL,2009,2009_11_04,29,2482798121
05kmAL,2009,2009_11_05,29,2494945875
05kmAL,2009,2009_11_06,29,2409685050
05kmAL,2009,2009_11_07,29,2494945896
05kmAL,2009,2009_11_08,29,2482798116
05kmAL,2009,2009_11_09,29,2494945875
05kmAL,2009,2009_11_10,30,2574699671
05kmAL,2009,2009_11_11,24,2054750378
05kmAL,2009,2009_11_12,18,1482262007
05kmAL,2009,2009_11_13,29,2482798069
05kmAL,2009,2009_11_14,29,2494650951
05kmAL,2009,2009_11_15,29,2482798099
05kmAL,2009,2009_11_16,29,2493501695
05kmAL,2009,2009_11_17,30,2574699707
05kmAL,2009,2009_11_18,29,2482798088
05kmAL,2009,2009_11_19,29,2372886650
05kmAL,2009,2009_11_20,29,2308449380
05kmAL,2009,2009_11_21,29,2496617017
05kmAL,2009,2009_11_22,29,2483912222
05kmAL,2009,2009_11_23,29,2495928911
05kmAL,2009,2009_11_24,28,2403847104
05kmAL,2009,2009_11_25,29,2497174088
05kmAL,2009,2009_11_26,30,2575928473
05kmAL,2009,2009_11_27,29,2457233610
05kmAL,2009,2009_11_28,29,2498976329
05kmAL,2009,2009_11_29,29,2489482772
05kmAL,2009,2009_11_30,29,2502318672
05kmAL,2009,2009_12_01,29,2490039839
05kmAL,2009,2009_12_02,29,2502187591
05kmAL,2009,2009_12_03,30,2582137997
05kmAL,2009,2009_12_04,29,2491153964
05kmAL,2009,2009_12_05,29,2502744688
05kmAL,2009,2009_12_06,29,2491153947
05kmAL,2009,2009_12_07,29,2381833550
05kmAL,2009,2009_12_08,29,2491153930
05kmAL,2009,2009_12_09,29,2467755833
05kmAL,2009,2009_12_10,5,412076377
05kmAL,2009,2009_12_11,29,2502875728
05kmAL,2009,2009_12_12,30,2583055531
05kmAL,2009,2009_12_13,29,2491153949
05kmAL,2009,2009_12_14,29,2502744628
05kmAL,2009,2009_12_15,29,2491153934
05kmAL,2009,2009_12_16,29,2502744653
05kmAL,2009,2009_12_17,29,2491285008
05kmAL,2009,2009_12_18,29,2502744684
05kmAL,2009,2009_12_19,30,2583055513
05kmAL,2009,2009_12_20,29,2491022840
05kmAL,2009,2009_12_21,29,2502744657
05kmAL,2009,2009_12_22,29,2490891773
05kmAL,2009,2009_12_23,29,2502351435
05kmAL,2009,2009_12_24,29,2490760718
05kmAL,2009,2009_12_25,29,2502089289
05kmAL,2009,2009_12_26,29,2490072639
05kmAL,2009,2009_12_27,29,2501532249
05kmAL,2009,2009_12_28,30,2581843111
05kmAL,2009,2009_12_29,29,2489810427
05kmAL,2009,2009_12_30,29,2501401192
05kmAL,2009,2009_12_31,29,2489286164
05kmAL,2010,2010_01_01,29,2500909618
05kmAL,2010,2010_01_02,29,2489286195
05kmAL,2010,2010_01_03,29,2500188727
05kmAL,2010,2010_01_04,30,2581056661
05kmAL,2010,2010_01_05,29,2489449981
05kmAL,2010,2010_01_06,29,2500581984
05kmAL,2010,2010_01_07,29,2489286142
05kmAL,2010,2010_01_08,29,2500581978
05kmAL,2010,2010_01_09,29,2489286162
05kmAL,2010,2010_01_10,29,2500745820
05kmAL,2010,2010_01_11,29,2488811063
05kmAL,2010,2010_01_12,29,2500909675
05kmAL,2010,2010_01_13,30,2581056641
05kmAL,2010,2010_01_14,29,2489286160
05kmAL,2010,2010_01_15,29,2500745788
05kmAL,2010,2010_01_16,29,2489286161
05kmAL,2010,2010_01_17,29,2484449174
05kmAL,2010,2010_01_18,29,2488729097
05kmAL,2010,2010_01_19,29,2500188758
05kmAL,2010,2010_01_20,30,2581056661
05kmAL,2010,2010_01_21,29,2489286128
05kmAL,2010,2010_01_22,29,2500745832
05kmAL,2010,2010_01_23,29,2489449974
05kmAL,2010,2010_01_24,29,2500188758
05kmAL,2010,2010_01_25,29,2489286160
05kmAL,2010,2010_01_26,29,2500188731
05kmAL,2010,2010_01_27,29,2489286145
05kmAL,2010,2010_01_28,29,2500745784
05kmAL,2010,2010_01_29,30,2581384357
05kmAL,2010,2010_01_30,29,2489286158
05kmAL,2010,2010_01_31,27,2314367982
05kmAL,2010,2010_02_01,29,2489548308
05kmAL,2010,2010_02_02,29,2500745815
05kmAL,2010,2010_02_03,29,2489613849
05kmAL,2010,2010_02_04,29,2502056532
05kmAL,2010,2010_02_05,30,2581384356
05kmAL,2010,2010_02_06,29,2489450013
05kmAL,2010,2010_02_07,29,2500352576
05kmAL,2010,2010_02_08,28,2397679470
05kmAL,2010,2010_02_09,19,1579668602
05kmAL,2010,2010_02_10,29,2490760708
05kmAL,2010,2010_02_11,29,2502220378
05kmAL,2010,2010_02_12,29,2490596914
05kmAL,2010,2010_02_13,29,2502056576
05kmAL,2010,2010_02_14,30,2582367417
05kmAL,2010,2010_02_15,29,2464199261
05kmAL,2010,2010_02_16,29,2502220410
05kmAL,2010,2010_02_17,29,2490596942
05kmAL,2010,2010_02_18,29,2499268882
05kmAL,2010,2010_02_19,29,2491088442
05kmAL,2010,2010_02_20,29,2462622874
05kmAL,2010,2010_02_21,29,2490760737
05kmAL,2010,2010_02_22,30,2576270114
05kmAL,2010,2010_02_23,29,2502384208
05kmAL,2010,2010_02_24,29,2491088418
05kmAL,2010,2010_02_25,29,2495742615
05kmAL,2010,2010_02_26,29,2491416096
05kmAL,2010,2010_02_27,29,2502711870
05kmAL,2010,2010_02_28,29,2491252283
05kmAL,2010,2010_03_01,29,2502220370
05kmAL,2010,2010_03_02,30,2582383786
05kmAL,2010,2010_03_03,29,2491416093
05kmAL,2010,2010_03_04,29,2502548019
05kmAL,2010,2010_03_05,29,2491252258
05kmAL,2010,2010_03_06,29,2502711867
05kmAL,2010,2010_03_07,29,2491579949
05kmAL,2010,2010_03_08,29,2502548038
05kmAL,2010,2010_03_09,29,2490613286
05kmAL,2010,2010_03_10,25,2152992590
05kmAL,2010,2010_03_11,20,1722288245
05kmAL,2010,2010_03_12,29,2491252238
05kmAL,2010,2010_03_13,29,2502875736
05kmAL,2010,2010_03_14,29,2491579905
05kmAL,2010,2010_03_15,29,2502548064
05kmAL,2010,2010_03_16,29,2491416090
05kmAL,2010,2010_03_17,29,2503203372
05kmAL,2010,2010_03_18,30,2583022769
05kmAL,2010,2010_03_19,28,2322860103
05kmAL,2010,2010_03_20,29,2503039544
05kmAL,2010,2010_03_21,29,2491743749
05kmAL,2010,2010_03_22,29,2400393584
05kmAL,2010,2010_03_23,29,2491743737
05kmAL,2010,2010_03_24,29,2503039554
05kmAL,2010,2010_03_25,29,2491579896
05kmAL,2010,2010_03_26,29,2502875702
05kmAL,2010,2010_03_27,30,2583514302
05kmAL,2010,2010_03_28,29,2471676440
05kmAL,2010,2010_03_29,27,2308304591
05kmAL,2010,2010_03_30,19,1630517721
05kmAL,2010,2010_03_31,29,2503039533
05kmAL,2010,2010_04_01,29,2491743772
05kmAL,2010,2010_04_02,29,2502875752
05kmAL,2010,2010_04_03,30,2582154438
05kmAL,2010,2010_04_04,29,2491743870
05kmAL,2010,2010_04_05,29,2458965588
05kmAL,2010,2010_04_06,29,2224446439
05kmAL,2010,2010_04_07,29,2502318676
05kmAL,2010,2010_04_08,29,2491252275
05kmAL,2010,2010_04_09,29,2503039544
05kmAL,2010,2010_04_10,29,2491743783
05kmAL,2010,2010_04_11,29,2503039543
05kmAL,2010,2010_04_12,30,2583514321
05kmAL,2010,2010_04_13,29,2491907616
05kmAL,2010,2010_04_14,29,2502875738
05kmAL,2010,2010_04_15,29,2491743739
05kmAL,2010,2010_04_16,29,2503039572
05kmAL,2010,2010_04_17,29,2491743766
05kmAL,2010,2010_04_18,29,2502875712
05kmAL,2010,2010_04_19,29,2491907626
05kmAL,2010,2010_04_20,30,2583514285
05kmAL,2010,2010_04_21,29,2503039600
05kmAL,2010,2010_04_22,29,2422172081
05kmAL,2010,2010_04_23,29,2502154837
05kmAL,2010,2010_04_24,29,2491743782
05kmAL,2010,2010_04_25,29,2503039575
05kmAL,2010,2010_04_26,29,2491743777
05kmAL,2010,2010_04_27,27,2330794370
05kmAL,2010,2010_04_28,20,1722288236
05kmAL,2010,2010_04_29,29,2490859021
05kmAL,2010,2010_04_30,29,2502711849
05kmAL,2010,2010_05_01,29,2491743748
05kmAL,2010,2010_05_02,29,2503039552
05kmAL,2010,2010_05_03,29,2491579902
05kmAL,2010,2010_05_04,29,2503039558
05kmAL,2010,2010_05_05,29,2491743762
05kmAL,2010,2010_05_06,30,2583514267
05kmAL,2010,2010_05_07,29,2502875735
05kmAL,2010,2010_05_08,29,2491907607
05kmAL,2010,2010_05_09,29,2503039574
05kmAL,2010,2010_05_10,29,2439699857
05kmAL,2010,2010_05_11,29,2503039538
05kmAL,2010,2010_05_12,29,2491579933
05kmAL,2010,2010_05_13,29,2502875732
05kmAL,2010,2010_05_14,30,2583514272
05kmAL,2010,2010_05_15,29,2491907594
05kmAL,2010,2010_05_16,29,2503039593
05kmAL,2010,2010_05_17,29,2491743763
05kmAL,2010,2010_05_18,29,2503039550
05kmAL,2010,2010_05_19,29,2491252240
05kmAL,2010,2010_05_20,29,2502875727
05kmAL,2010,2010_05_21,29,2491088400
05kmAL,2010,2010_05_22,29,2502220345
05kmAL,2010,2010_05_23,30,2582858916
05kmAL,2010,2010_05_24,29,2490449444
05kmAL,2010,2010_05_25,29,2499533413
05kmAL,2010,2010_05_26,29,2490613289
05kmAL,2010,2010_05_27,29,2501417544
05kmAL,2010,2010_05_28,29,2489630239
05kmAL,2010,2010_05_29,29,2501089869
05kmAL,2010,2010_05_30,30,2581220535
05kmAL,2010,2010_05_31,29,2489630222
05kmAL,2010,2010_06_01,29,2500270711
05kmAL,2010,2010_06_02,29,2489941538
05kmAL,2010,2010_06_03,29,2500434526
05kmAL,2010,2010_06_04,29,2488450621
05kmAL,2010,2010_06_05,29,2499631715
05kmAL,2010,2010_06_06,29,2489138719
05kmAL,2010,2010_06_07,29,2500745837
05kmAL,2010,2010_06_08,30,2580581570
05kmAL,2010,2010_06_09,29,2488417884
05kmAL,2010,2010_06_10,29,2500582043
05kmAL,2010,2010_06_11,29,2489138773
05kmAL,2010,2010_06_12,29,2500582045
05kmAL,2010,2010_06_13,29,2489138769
05kmAL,2010,2010_06_14,29,2500582013
05kmAL,2010,2010_06_15,30,2580745441
05kmAL,2010,2010_06_16,29,2489138758
05kmAL,2010,2010_06_17,29,2499795598
05kmAL,2010,2010_06_18,29,2488663645
05kmAL,2010,2010_06_19,29,2500024974
05kmAL,2010,2010_06_20,29,2487579907
05kmAL,2010,2010_06_21,29,2500106871
05kmAL,2010,2010_06_22,28,2408975348
05kmAL,2010,2010_06_23,16,1376650981
05kmAL,2010,2010_06_24,30,2580745437
05kmAL,2010,2010_06_25,29,2489138730
05kmAL,2010,2010_06_26,29,2496188676
05kmAL,2010,2010_06_27,29,2488811124
05kmAL,2010,2010_06_28,29,2449259043
05kmAL,2010,2010_06_29,29,2489613902
05kmAL,2010,2010_06_30,27,2328189294
05kmAL,2010,2010_07_01,14,1204094465
05kmAL,2010,2010_07_02,29,2489138740
05kmAL,2010,2010_07_03,29,2499385943
05kmAL,2010,2010_07_04,29,2489138739
05kmAL,2010,2010_07_05,29,2500581977
05kmAL,2010,2010_07_06,29,2462985739
05kmAL,2010,2010_07_07,29,2500024950
05kmAL,2010,2010_07_08,29,2489138752
05kmAL,2010,2010_07_09,29,2500270660
05kmAL,2010,2010_07_10,30,2580745378
05kmAL,2010,2010_07_11,29,2489138731
05kmAL,2010,2010_07_12,29,2500270680
05kmAL,2010,2010_07_13,29,2489613847
05kmAL,2010,2010_07_14,29,2499271241
05kmAL,2010,2010_07_15,29,2489138722
05kmAL,2010,2010_07_16,29,2500270623
05kmAL,2010,2010_07_17,15,1284880456
05kmAL,2010,2010_07_18,11,940881534
05kmAL,2010,2010_07_19,29,2499861059
05kmAL,2010,2010_07_20,29,2489450007
05kmAL,2010,2010_07_21,29,2499631729
05kmAL,2010,2010_07_22,29,2488974860
05kmAL,2010,2010_07_23,29,2500745773
05kmAL,2010,2010_07_24,29,2489138681
05kmAL,2010,2010_07_25,30,2580745338
05kmAL,2010,2010_07_26,29,2500270648
05kmAL,2010,2010_07_27,29,2489613868
05kmAL,2010,2010_07_28,29,2500270659
05kmAL,2010,2010_07_29,29,2489138725
05kmAL,2010,2010_07_30,29,2499795488
05kmAL,2010,2010_07_31,29,2489138698
05kmAL,2010,2010_08_01,29,2500270651
05kmAL,2010,2010_08_02,28,2408975282
05kmAL,2010,2010_08_05,3,252556058
05kmAL,2010,2010_08_06,29,2499959377
05kmAL,2010,2010_08_07,29,2489466396
05kmAL,2010,2010_08_08,29,2501237321
05kmAL,2010,2010_08_09,29,2487909921
05kmAL,2010,2010_08_10,30,2581875871
05kmAL,2010,2010_08_11,29,2502220356
05kmAL,2010,2010_08_12,29,2489630239
05kmAL,2010,2010_08_13,29,2501728866
05kmAL,2010,2010_08_14,14,1205077488
05kmAL,2010,2010_08_16,9,769455551
05kmAL,2010,2010_08_17,29,2502875711
05kmAL,2010,2010_08_18,30,2583514278
05kmAL,2010,2010_08_19,29,2491743759
05kmAL,2010,2010_08_20,28,2421598163
05kmAL,2010,2010_08_21,29,2491743742
05kmAL,2010,2010_08_22,29,2503039593
05kmAL,2010,2010_08_23,29,2491743763
05kmAL,2010,2010_08_24,29,2503039573
05kmAL,2010,2010_08_25,29,2491743735
05kmAL,2010,2010_08_26,30,2583678105
05kmAL,2010,2010_08_27,29,2502318666
05kmAL,2010,2010_08_28,29,2491743773
05kmAL,2010,2010_08_29,29,2502122063
05kmAL,2010,2010_08_30,29,2440256905
05kmAL,2010,2010_08_31,29,2501859899
05kmAL,2010,2010_09_01,29,2491743809
05kmAL,2010,2010_09_02,29,2503039585
05kmAL,2010,2010_09_03,30,2581712045
05kmAL,2010,2010_09_04,29,2491088454
05kmAL,2010,2010_09_05,29,2502220386
05kmAL,2010,2010_09_06,29,2491088458
05kmAL,2010,2010_09_07,29,2500270724
05kmAL,2010,2010_09_08,29,2489941614
05kmAL,2010,2010_09_09,29,2498072860
05kmAL,2010,2010_09_10,30,2578350961
05kmAL,2010,2010_09_11,29,2489286148
05kmAL,2010,2010_09_12,29,2500745810
05kmAL,2010,2010_09_13,29,2488892936
05kmAL,2010,2010_09_14,29,2500745806
05kmAL,2010,2010_09_15,29,2489286204
05kmAL,2010,2010_09_16,29,2499189355
05kmAL,2010,2010_09_17,29,2489286178
05kmAL,2010,2010_09_18,29,2500188715
05kmAL,2010,2010_09_19,30,2578255007
05kmAL,2010,2010_09_20,29,2489286177
05kmAL,2010,2010_09_21,25,2149221847
05kmAL,2010,2010_09_22,15,1284880420
05kmAL,2010,2010_09_23,23,1984501731
05kmAL,2010,2010_09_24,27,2316811583
05kmAL,2010,2010_09_25,29,2499467834
05kmAL,2010,2010_09_26,30,2580302976
05kmAL,2010,2010_09_27,29,2489548298
05kmAL,2010,2010_09_28,29,2500287077
05kmAL,2010,2010_09_29,29,2489974306
05kmAL,2010,2010_09_30,29,2484135501
05kmAL,2010,2010_10_01,29,2490859017
05kmAL,2010,2010_10_02,29,2478379881
05kmAL,2010,2010_10_03,29,2491153949
05kmAL,2010,2010_10_04,30,2580136780
05kmAL,2010,2010_10_05,29,2502023764
05kmAL,2010,2010_10_06,29,2490727933
05kmAL,2010,2010_10_07,29,2502318696
05kmAL,2010,2010_10_08,29,2490596855
05kmAL,2010,2010_10_09,29,2502318665
05kmAL,2010,2010_10_10,29,2490727949
05kmAL,2010,2010_10_11,29,2502318696
05kmAL,2010,2010_10_12,30,2581990543
05kmAL,2010,2010_10_13,29,2490990065
05kmAL,2010,2010_10_14,29,2501761617
05kmAL,2010,2010_10_15,29,2490727959
05kmAL,2010,2010_10_16,29,2460442521
05kmAL,2010,2010_10_17,27,1972901585
05kmAL,2010,2010_10_18,29,2498779739
05kmAL,2010,2010_10_19,20,1721567287
05kmAL,2010,2010_10_20,29,2490170893
05kmAL,2010,2010_10_21,29,2500647479
05kmAL,2010,2010_10_22,29,2489056796
05kmAL,2010,2010_10_23,29,2499533416
05kmAL,2010,2010_10_24,29,2487254535
05kmAL,2010,2010_10_25,29,2498894461
05kmAL,2010,2010_10_26,29,2477337476
05kmAL,2010,2010_10_27,29,2484710229
05kmAL,2010,2010_10_28,30,2576977088
05kmAL,2010,2010_10_29,29,2485075472
05kmAL,2010,2010_10_30,29,2496666173
05kmAL,2010,2010_10_31,29,2484518433
05kmAL,2010,2010_11_01,29,2445900276
05kmAL,2010,2010_11_02,29,2483879435
05kmAL,2010,2010_11_03,29,2496059997
05kmAL,2010,2010_11_04,30,2575994020
05kmAL,2010,2010_11_05,29,2484387352
05kmAL,2010,2010_11_06,29,2496109174
05kmAL,2010,2010_11_07,29,2483273172
05kmAL,2010,2010_11_08,29,2497092202
05kmAL,2010,2010_11_09,29,2483191325
05kmAL,2010,2010_11_10,29,2496535125
05kmAL,2010,2010_11_11,29,2484518417
05kmAL,2010,2010_11_12,29,2496617054
05kmAL,2010,2010_11_13,30,2577059001
05kmAL,2010,2010_11_14,29,2485075490
05kmAL,2010,2010_11_15,29,2497174085
05kmAL,2010,2010_11_16,26,2233666304
05kmAL,2010,2010_11_17,2,114477210
05kmAL,2010,2010_11_18,29,2485501478
05kmAL,2010,2010_11_19,29,2499959361
05kmAL,2010,2010_11_20,30,2578435222
05kmAL,2010,2010_11_21,29,2487303658
05kmAL,2010,2010_11_22,29,2498550343
05kmAL,2010,2010_11_23,15,1210192105
05kmAL,2010,2010_11_24,29,2502744634
05kmAL,2010,2010_11_25,29,2472944112
05kmAL,2010,2010_11_26,29,2501761646
05kmAL,2010,2010_11_27,29,2491153951
05kmAL,2010,2010_11_28,30,2583055505
05kmAL,2010,2010_11_29,29,2502744657
05kmAL,2010,2010_11_30,29,2491153957
05kmAL,2010,2010_12_01,29,2502613584
05kmAL,2010,2010_12_02,29,2491153960
05kmAL,2010,2010_12_03,29,2502744679
05kmAL,2010,2010_12_04,29,2491153924
05kmAL,2010,2010_12_05,29,2502744670
05kmAL,2010,2010_12_06,30,2582629523
05kmAL,2010,2010_12_07,29,2490727928
05kmAL,2010,2010_12_08,29,2502744672
05kmAL,2010,2010_12_09,26,2238630654
05kmAL,2010,2010_12_10,2,113510554
05kmAL,2010,2010_12_11,29,2491284999
05kmAL,2010,2010_12_12,29,2502744666
05kmAL,2010,2010_12_13,29,2490859023
05kmAL,2010,2010_12_14,30,2582924472
05kmAL,2010,2010_12_15,29,2501499471
05kmAL,2010,2010_12_16,29,2491153902
05kmAL,2010,2010_12_17,29,2502449752
05kmAL,2010,2010_12_18,29,2490891819
05kmAL,2010,2010_12_19,29,2502482474
05kmAL,2010,2010_12_20,29,2490760715
05kmAL,2010,2010_12_21,29,2501958243
05kmAL,2010,2010_12_22,30,2581449878
05kmAL,2010,2010_12_23,29,2489548293
05kmAL,2010,2010_12_24,29,2501302880
05kmAL,2010,2010_12_25,29,2489679354
05kmAL,2010,2010_12_26,29,2501139031
05kmAL,2010,2010_12_27,29,2489450018
05kmAL,2010,2010_12_28,29,2500745784
05kmAL,2010,2010_12_29,29,2489286159
05kmAL,2010,2010_12_30,30,2581056645
05kmAL,2010,2010_12_31,29,2500106810
05kmAL,2011,2011_01_01,29,2489449999
05kmAL,2011,2011_01_02,29,2495353071
05kmAL,2011,2011_01_03,29,2478353266
05kmAL,2011,2011_01_04,29,2486267823
05kmAL,2011,2011_01_05,29,2489286152
05kmAL,2011,2011_01_06,29,2500909611
05kmAL,2011,2011_01_07,30,2581056680
05kmAL,2011,2011_01_08,29,2488892941
05kmAL,2011,2011_01_09,29,2500745828
05kmAL,2011,2011_01_10,29,2436930978
05kmAL,2011,2011_01_11,29,2488957199
05kmAL,2011,2011_01_12,29,2489122301
05kmAL,2011,2011_01_13,29,2500745820
05kmAL,2011,2011_01_14,29,2489286192
05kmAL,2011,2011_01_15,30,2581056676
05kmAL,2011,2011_01_16,29,2500745822
05kmAL,2011,2011_01_17,29,2488892901
05kmAL,2011,2011_01_18,29,2500909624
05kmAL,2011,2011_01_19,29,2488434207
05kmAL,2011,2011_01_20,29,2500745805
05kmAL,2011,2011_01_21,29,2489613827
05kmAL,2011,2011_01_22,29,2500909650
05kmAL,2011,2011_01_23,30,2580024493
05kmAL,2011,2011_01_24,29,2489220605
05kmAL,2011,2011_01_25,29,2501073512
05kmAL,2011,2011_01_26,29,2488892941
05kmAL,2011,2011_01_27,29,2501565033
05kmAL,2011,2011_01_28,17,1403754681
05kmAL,2011,2011_01_29,29,2501007955
05kmAL,2011,2011_01_30,29,2488892938
05kmAL,2011,2011_01_31,29,2500745811
05kmAL,2011,2011_02_01,26,2229811252
05kmAL,2011,2011_02_02,17,1457944825
05kmAL,2011,2011_02_03,29,2501892700
05kmAL,2011,2011_02_04,29,2491088391
05kmAL,2011,2011_02_05,29,2502384200
05kmAL,2011,2011_02_06,29,2490433059
05kmAL,2011,2011_02_07,29,2503039577
05kmAL,2011,2011_02_08,30,2581728397
05kmAL,2011,2011_02_09,29,2490531367
05kmAL,2011,2011_02_10,29,2502711898
05kmAL,2011,2011_02_11,29,2491252256
05kmAL,2011,2011_02_12,29,2502711903
05kmAL,2011,2011_02_13,29,2491252270
05kmAL,2011,2011_02_14,29,2502548081
05kmAL,2011,2011_02_15,29,2455243954
05kmAL,2011,2011_02_16,29,2490564139
05kmAL,2011,2011_02_17,20,1721649270
05kmAL,2011,2011_02_18,13,1113945963
05kmAL,2011,2011_02_19,29,2503039571
05kmAL,2011,2011_02_20,29,2491416091
05kmAL,2011,2011_02_21,29,2426811099
05kmAL,2011,2011_02_22,29,2491743776
05kmAL,2011,2011_02_23,29,2503039586
05kmAL,2011,2011_02_24,30,2583186568
05kmAL,2011,2011_02_25,29,2491743743
05kmAL,2011,2011_02_26,29,2503039592
05kmAL,2011,2011_02_27,29,2491743766
05kmAL,2011,2011_02_28,29,2503039561
05kmAL,2011,2011_03_01,29,2491743761
05kmAL,2011,2011_03_02,29,2503039580
05kmAL,2011,2011_03_03,29,2491907598
05kmAL,2011,2011_03_04,29,2502154819
05kmAL,2011,2011_03_05,30,2583678134
05kmAL,2011,2011_03_06,29,2491579927
05kmAL,2011,2011_03_07,29,2448632690
05kmAL,2011,2011_03_14,10,861226021
05kmAL,2011,2011_03_15,29,2491743767
05kmAL,2011,2011_03_16,27,2330794369
05kmAL,2011,2011_03_17,17,1453813676
05kmAL,2011,2011_03_18,29,2503203406
05kmAL,2011,2011_03_19,29,2491743744
05kmAL,2011,2011_03_20,29,2502400551
05kmAL,2011,2011_03_21,28,2411432910
05kmAL,2011,2011_03_22,3,251917083
05kmAL,2011,2011_03_23,23,1986467766
05kmAL,2011,2011_03_24,21,1802762899
05kmAL,2011,2011_03_25,29,2502564429
05kmAL,2011,2011_03_26,29,2491743788
05kmAL,2011,2011_03_27,29,2503203420
05kmAL,2011,2011_03_28,29,2491579927
05kmAL,2011,2011_03_29,29,2503203404
05kmAL,2011,2011_03_30,30,2582629528
05kmAL,2011,2011_03_31,29,2491743758
05kmAL,2011,2011_04_01,29,2502875719
05kmAL,2011,2011_04_02,29,2491416115
05kmAL,2011,2011_04_03,29,2503039632
05kmAL,2011,2011_04_04,29,2491743873
05kmAL,2011,2011_04_05,29,2503203473
05kmAL,2011,2011_04_06,26,2238860089
05kmAL,2011,2011_04_07,21,1802762951
05kmAL,2011,2011_04_08,29,2503039570
05kmAL,2011,2011_04_09,29,2491579895
05kmAL,2011,2011_04_10,29,2503039580
05kmAL,2011,2011_04_11,29,2491022822
05kmAL,2011,2011_04_12,29,2502875710
05kmAL,2011,2011_04_13,29,2491252228
05kmAL,2011,2011_04_14,29,2503039553
05kmAL,2011,2011_04_15,30,2583514287
05kmAL,2011,2011_04_16,29,2491907595
05kmAL,2011,2011_04_17,29,2503039608
05kmAL,2011,2011_04_18,26,2239023859
05kmAL,2011,2011_04_19,18,1550043011
05kmAL,2011,2011_04_20,29,2491743758
05kmAL,2011,2011_04_21,29,2502875730
05kmAL,2011,2011_04_22,30,2583514265
05kmAL,2011,2011_04_23,29,2491743770
05kmAL,2011,2011_04_24,29,2503039546
05kmAL,2011,2011_04_25,29,2491743809
05kmAL,2011,2011_04_26,29,2503039576
05kmAL,2011,2011_04_27,29,2491743742
05kmAL,2011,2011_04_28,29,2503203363
05kmAL,2011,2011_04_29,29,2491743747
05kmAL,2011,2011_04_30,29,2502875721
05kmAL,2011,2011_05_01,30,2572218465
05kmAL,2011,2011_05_02,29,2491743741
05kmAL,2011,2011_05_03,29,2503203392
05kmAL,2011,2011_05_04,29,2490940911
05kmAL,2011,2011_05_05,29,2503039570
05kmAL,2011,2011_05_06,29,2491579917
05kmAL,2011,2011_05_07,29,2503203426
05kmAL,2011,2011_05_08,29,2491907574
05kmAL,2011,2011_05_09,30,2532322331
05kmAL,2011,2011_05_10,27,2330794350
05kmAL,2011,2011_05_11,3,215103582
05kmAL,2011,2011_05_12,29,2502400594
05kmAL,2011,2011_05_13,29,2491743770
05kmAL,2011,2011_05_14,29,2503039567
05kmAL,2011,2011_05_15,29,2490531329
05kmAL,2011,2011_05_16,29,2502548046
05kmAL,2011,2011_05_17,30,2583022714
05kmAL,2011,2011_05_18,29,2491743719
05kmAL,2011,2011_05_19,29,2501892647
05kmAL,2011,2011_05_20,29,2466331735
05kmAL,2011,2011_05_21,29,2468640578
05kmAL,2011,2011_05_22,29,2490760747
05kmAL,2011,2011_05_23,27,2254189095
05kmAL,2011,2011_05_24,17,1457453313
05kmAL,2011,2011_05_25,30,2581400717
05kmAL,2011,2011_05_26,29,2501564986
05kmAL,2011,2011_05_27,29,2457969788
05kmAL,2011,2011_05_28,29,2500237898
05kmAL,2011,2011_05_29,29,2489941515
05kmAL,2011,2011_05_30,29,2500745813
05kmAL,2011,2011_05_31,29,2489138728
05kmAL,2011,2011_06_01,29,2500270710
05kmAL,2011,2011_06_02,30,2580581586
05kmAL,2011,2011_06_03,26,2231681409
05kmAL,2011,2011_06_05,28,2406255588
05kmAL,2011,2011_06_15,14,1170087402
05kmAL,2011,2011_06_16,29,2488811100
05kmAL,2011,2011_06_17,29,2462969378
05kmAL,2011,2011_06_18,30,2580745450
05kmAL,2011,2011_06_19,29,2489450075
05kmAL,2011,2011_06_20,29,2500582004
05kmAL,2011,2011_06_21,29,2489450071
05kmAL,2011,2011_06_22,29,2500582041
05kmAL,2011,2011_06_23,29,2488974926
05kmAL,2011,2011_06_24,29,2500270753
05kmAL,2011,2011_06_25,29,2489286258
05kmAL,2011,2011_06_26,30,2581056779
05kmAL,2011,2011_06_27,29,2500745861
05kmAL,2011,2011_06_28,29,2489450020
05kmAL,2011,2011_06_29,29,2500745818
05kmAL,2011,2011_06_30,29,2489613863
05kmAL,2011,2011_07_01,29,2500745853
05kmAL,2011,2011_07_02,29,2400002814
05kmAL,2011,2011_07_03,29,2427894925
05kmAL,2011,2011_07_04,30,2581056728
05kmAL,2011,2011_07_05,29,2489613886
05kmAL,2011,2011_07_06,29,2499189348
05kmAL,2011,2011_07_07,13,1104405671
05kmAL,2011,2011_07_08,29,2500581961
05kmAL,2011,2011_07_09,29,2489450005
05kmAL,2011,2011_07_10,29,2500745800
05kmAL,2011,2011_07_11,29,2489450019
05kmAL,2011,2011_07_12,25,2148566482
05kmAL,2011,2011_07_13,18,1548568453
05kmAL,2011,2011_07_14,29,2488974868
05kmAL,2011,2011_07_15,29,2500581942
05kmAL,2011,2011_07_16,29,2489449995
05kmAL,2011,2011_07_17,29,2500270674
05kmAL,2011,2011_07_18,29,2489286141
05kmAL,2011,2011_07_19,29,2500581953
05kmAL,2011,2011_07_20,30,2581056684
05kmAL,2011,2011_07_21,29,2489450000
05kmAL,2011,2011_07_22,29,2500582004
05kmAL,2011,2011_07_23,29,2489613877
05kmAL,2011,2011_07_24,25,2156419226
05kmAL,2011,2011_07_25,23,1973205893
05kmAL,2011,2011_07_26,29,2500581992
05kmAL,2011,2011_07_27,28,2408975329
05kmAL,2011,2011_07_28,25,2105398333
05kmAL,2011,2011_07_29,29,2500581967
05kmAL,2011,2011_07_30,29,2489450031
05kmAL,2011,2011_07_31,29,2500581949
05kmAL,2011,2011_08_01,29,2488057364
05kmAL,2011,2011_08_02,29,2500270656
05kmAL,2011,2011_08_03,26,2236893934
05kmAL,2011,2011_08_10,9,768488892
05kmAL,2011,2011_08_11,29,2500598360
05kmAL,2011,2011_08_12,29,2490433039
05kmAL,2011,2011_08_13,30,2581236873
05kmAL,2011,2011_08_14,29,2500844101
05kmAL,2011,2011_08_15,29,2490760745
05kmAL,2011,2011_08_16,29,2502384191
05kmAL,2011,2011_08_17,29,2490924551
05kmAL,2011,2011_08_18,29,2502875759
05kmAL,2011,2011_08_19,29,2489644220
05kmAL,2011,2011_08_20,29,2503039556
05kmAL,2011,2011_08_21,30,2583514315
05kmAL,2011,2011_08_22,28,2411269057
05kmAL,2011,2011_08_23,18,1550043034
05kmAL,2011,2011_08_24,29,2491743739
05kmAL,2011,2011_08_25,29,2503039605
05kmAL,2011,2011_08_26,29,2491416091
05kmAL,2011,2011_08_27,29,2502875729
05kmAL,2011,2011_08_28,30,2573990361
05kmAL,2011,2011_08_29,29,2415957677
05kmAL,2011,2011_08_30,29,2502875752
05kmAL,2011,2011_08_31,29,2488401423
05kmAL,2011,2011_09_01,29,2503039575
05kmAL,2011,2011_09_02,29,2491579936
05kmAL,2011,2011_09_03,29,2500926011
05kmAL,2011,2011_09_04,7,578844523
05kmAL,2011,2011_09_05,29,2502875744
05kmAL,2011,2011_09_06,20,1721796744
05kmAL,2011,2011_09_07,29,2491088461
05kmAL,2011,2011_09_08,29,2501728947
05kmAL,2011,2011_09_09,29,2489548377
05kmAL,2011,2011_09_10,29,2501565079
05kmAL,2011,2011_09_11,29,2489220676
05kmAL,2011,2011_09_12,29,2500352606
05kmAL,2011,2011_09_13,30,2580499608
05kmAL,2011,2011_09_14,29,2489449999
05kmAL,2011,2011_09_15,29,2500352566
05kmAL,2011,2011_09_16,29,2488892906
05kmAL,2011,2011_09_17,29,2500352596
05kmAL,2011,2011_09_18,29,2488892934
05kmAL,2011,2011_09_19,29,2500745829
05kmAL,2011,2011_09_20,29,2486451746
05kmAL,2011,2011_09_21,30,2580663450
05kmAL,2011,2011_09_22,25,2155468923
05kmAL,2011,2011_09_29,4,344293806
05kmAL,2011,2011_09_30,29,2489417260
05kmAL,2011,2011_10_01,27,2329057638
05kmAL,2011,2011_10_02,25,2132349376
05kmAL,2011,2011_10_03,27,2329844079
05kmAL,2011,2011_10_04,17,1458010376
05kmAL,2011,2011_10_05,29,2502744620
05kmAL,2011,2011_10_06,29,2490170892
05kmAL,2011,2011_10_07,30,2583186567
05kmAL,2011,2011_10_08,29,2497204444
05kmAL,2011,2011_10_09,29,2490727972
05kmAL,2011,2011_10_10,29,2502875699
05kmAL,2011,2011_10_11,29,2490596892
05kmAL,2011,2011_10_12,29,2502318674
05kmAL,2011,2011_10_13,29,2490514972
05kmAL,2011,2011_10_14,29,2502744617
05kmAL,2011,2011_10_15,30,2582334618
05kmAL,2011,2011_10_16,29,2472689797
05kmAL,2011,2011_10_17,29,2501270093
05kmAL,2011,2011_10_18,29,2490596848
05kmAL,2011,2011_10_19,29,2502875735
05kmAL,2011,2011_10_20,29,2490514995
05kmAL,2011,2011_10_21,29,2502744641
05kmAL,2011,2011_10_22,30,2581482660
05kmAL,2011,2011_10_23,29,2489613825
05kmAL,2011,2011_10_24,29,2500647522
05kmAL,2011,2011_10_25,29,2488974887
05kmAL,2011,2011_10_26,29,2499451515
05kmAL,2011,2011_10_27,26,2234223352
05kmAL,2011,2011_10_28,20,1720879234
05kmAL,2011,2011_10_29,28,2156209928
05kmAL,2011,2011_10_30,29,2500008539
05kmAL,2011,2011_10_31,30,2576501894
05kmAL,2011,2011_11_01,29,2486533646
05kmAL,2011,2011_11_02,29,2492977379
05kmAL,2011,2011_11_03,29,2476956863
05kmAL,2011,2011_11_04,29,2496748099
05kmAL,2011,2011_11_05,29,2482847235
05kmAL,2011,2011_11_06,29,2494945834
05kmAL,2011,2011_11_07,30,2504109732
05kmAL,2011,2011_11_08,29,2482847248
05kmAL,2011,2011_11_09,29,2494863966
05kmAL,2011,2011_11_10,29,2455809457
05kmAL,2011,2011_11_11,29,2496059979
05kmAL,2011,2011_11_12,29,2485370378
05kmAL,2011,2011_11_13,29,2498288203
05kmAL,2011,2011_11_14,29,2484338164
05kmAL,2011,2011_11_15,30,2578730128
05kmAL,2011,2011_11_16,29,2497780302
05kmAL,2011,2011_11_17,29,2418684649
05kmAL,2011,2011_11_18,29,2409060055
05kmAL,2011,2011_11_19,29,2486828544
05kmAL,2011,2011_11_20,29,2500516427
05kmAL,2011,2011_11_21,29,2488925698
05kmAL,2011,2011_11_22,29,2501630543
05kmAL,2011,2011_11_23,28,2409434051
05kmAL,2011,2011_11_24,19,1629665751
05kmAL,2011,2011_11_25,25,2157893822
05kmAL,2011,2011_11_26,1,80310857
05kmAL,2011,2011_11_27,9,780620268
05kmAL,2011,2011_11_29,10,861062206
05kmAL,2011,2011_11_30,29,2491153898
05kmAL,2011,2011_12_01,30,2583055494
05kmAL,2011,2011_12_02,29,2501728888
05kmAL,2011,2011_12_03,29,2489578668
05kmAL,2011,2011_12_04,29,2502744663
05kmAL,2011,2011_12_05,29,2490596910
05kmAL,2011,2011_12_06,29,2502744684
05kmAL,2011,2011_12_07,29,2491153930
05kmAL,2011,2011_12_08,29,2426909474
05kmAL,2011,2011_12_09,30,2582629532
05kmAL,2011,2011_12_10,29,2490170902
05kmAL,2011,2011_12_11,29,2502744640
05kmAL,2011,2011_12_12,29,2491153929
05kmAL,2011,2011_12_13,19,1641682454
05kmAL,2011,2011_12_14,5,362394177
05kmAL,2011,2011_12_15,29,2502744651
05kmAL,2011,2011_12_16,29,2491022878
05kmAL,2011,2011_12_17,30,2583055517
05kmAL,2011,2011_12_18,29,2500516413
05kmAL,2011,2011_12_19,29,2490727953
05kmAL,2011,2011_12_20,27,2329581969
05kmAL,2011,2011_12_21,19,1628322265
05kmAL,2011,2011_12_22,29,2501270099
05kmAL,2011,2011_12_23,29,2489302579
05kmAL,2011,2011_12_24,29,2501171809
05kmAL,2011,2011_12_25,30,2572057039
05kmAL,2011,2011_12_26,29,2481910974
05kmAL,2011,2011_12_27,29,2500745816
05kmAL,2011,2011_12_28,29,2489449991
05kmAL,2011,2011_12_29,29,2500581975
05kmAL,2011,2011_12_30,29,2489286155
05kmAL,2011,2011_12_31,29,2500188740
05kmAL,2012,2012_01_01,29,2489286158
05kmAL,2012,2012_01_02,30,2580663429
05kmAL,2012,2012_01_03,29,2500745828
05kmAL,2012,2012_01_04,29,2489286134
05kmAL,2012,2012_01_05,29,2500745817
05kmAL,2012,2012_01_06,29,2488565260
05kmAL,2012,2012_01_07,29,2500745821
05kmAL,2012,2012_01_08,29,2489286132
05kmAL,2012,2012_01_09,29,2500745775
05kmAL,2012,2012_01_10,30,2580368553
05kmAL,2012,2012_01_11,29,2488892912
05kmAL,2012,2012_01_12,29,2500582017
05kmAL,2012,2012_01_13,29,2488892929
05kmAL,2012,2012_01_14,29,2500745820
05kmAL,2012,2012_01_15,19,1628322269
05kmAL,2012,2012_01_16,10,860406844
05kmAL,2012,2012_01_17,29,2489286148
05kmAL,2012,2012_01_18,30,2580663432
05kmAL,2012,2012_01_19,29,2500352607
05kmAL,2012,2012_01_20,29,2449738896
05kmAL,2012,2012_01_21,29,2500909666
05kmAL,2012,2012_01_22,25,2120873339
05kmAL,2012,2012_02_03,13,1113782122
05kmAL,2012,2012_02_04,27,2328779137
05kmAL,2012,2012_02_05,23,1975008144
05kmAL,2012,2012_02_06,29,2501827184
05kmAL,2012,2012_02_07,29,2491252190
05kmAL,2012,2012_02_08,28,2422400985
05kmAL,2012,2012_02_09,29,2490695191
05kmAL,2012,2012_02_10,29,2502875717
05kmAL,2012,2012_02_11,30,2582858897
05kmAL,2012,2012_02_12,29,2487596167
05kmAL,2012,2012_02_13,29,2502875768
05kmAL,2012,2012_02_14,29,2491743783
05kmAL,2012,2012_02_15,29,2503039608
05kmAL,2012,2012_02_16,29,2355898375
05kmAL,2012,2012_02_17,29,2502482528
05kmAL,2012,2012_02_18,29,2491268677
05kmAL,2012,2012_02_19,29,2502040192
05kmAL,2012,2012_02_20,30,2583039168
05kmAL,2012,2012_02_21,29,2490859015
05kmAL,2012,2012_02_22,29,2503039559
05kmAL,2012,2012_02_23,29,2438471089
05kmAL,2012,2012_02_24,29,2503039551
05kmAL,2012,2012_02_25,29,2490088972
05kmAL,2012,2012_02_26,29,2503039567
05kmAL,2012,2012_02_27,29,2491579930
05kmAL,2012,2012_02_28,30,2583678113
05kmAL,2012,2012_02_29,29,2503039546
05kmAL,2012,2012_03_01,29,2480447945
05kmAL,2012,2012_03_02,29,2503039553
05kmAL,2012,2012_03_03,29,2490301961
05kmAL,2012,2012_03_04,29,2503203399
05kmAL,2012,2012_03_05,29,2491743752
05kmAL,2012,2012_03_06,27,2330794376
05kmAL,2012,2012_03_20,8,688980795
05kmAL,2012,2012_03_21,29,2491579887
05kmAL,2012,2012_03_22,29,2503039579
05kmAL,2012,2012_03_23,30,2502450140
05kmAL,2012,2012_03_24,29,2475905896
05kmAL,2012,2012_03_25,29,2503039546
05kmAL,2012,2012_03_26,29,2491743726
05kmAL,2012,2012_03_27,29,2503203411
05kmAL,2012,2012_03_28,24,2059761480
05kmAL,2012,2012_03_29,20,1721813104
05kmAL,2012,2012_03_30,29,2491579928
05kmAL,2012,2012_03_31,29,2492647274
05kmAL,2012,2012_04_01,30,2583514303
05kmAL,2012,2012_04_02,29,2491743786
05kmAL,2012,2012_04_03,29,2497646909
05kmAL,2012,2012_04_04,29,2478808356
05kmAL,2012,2012_04_05,29,2503039593
05kmAL,2012,2012_04_06,29,2491022934
05kmAL,2012,2012_04_07,29,2503039583
05kmAL,2012,2012_04_08,30,2583514272
05kmAL,2012,2012_04_09,29,2491579891
05kmAL,2012,2012_04_10,27,2330794362
05kmAL,2012,2012_04_11,3,252556082
05kmAL,2012,2012_04_12,29,2503039585
05kmAL,2012,2012_04_13,29,2491743778
05kmAL,2012,2012_04_14,29,2503039558
05kmAL,2012,2012_04_15,29,2491579937
05kmAL,2012,2012_04_16,17,1469568328
05kmAL,2012,2012_04_17,30,2583514268
05kmAL,2012,2012_04_18,29,2491743785
05kmAL,2012,2012_04_19,29,2503039579
05kmAL,2012,2012_04_20,29,2491743733
05kmAL,2012,2012_04_21,29,2502875745
05kmAL,2012,2012_04_22,29,2491743778
05kmAL,2012,2012_04_23,29,2502875720
05kmAL,2012,2012_04_24,29,2491579913
05kmAL,2012,2012_04_25,30,2582154383
05kmAL,2012,2012_04_26,29,2503039581
05kmAL,2012,2012_04_27,29,2491268648
05kmAL,2012,2012_04_28,29,2503039545
05kmAL,2012,2012_04_29,29,2491743768
05kmAL,2012,2012_04_30,29,2435387184
05kmAL,2012,2012_05_01,29,2491743763
05kmAL,2012,2012_05_02,29,2503039579
05kmAL,2012,2012_05_03,28,2411105239
05kmAL,2012,2012_05_04,19,1630681554
05kmAL,2012,2012_05_05,29,2503039556
05kmAL,2012,2012_05_06,29,2490580522
05kmAL,2012,2012_05_07,29,2503039547
05kmAL,2012,2012_05_08,29,2491743760
05kmAL,2012,2012_05_09,27,2330794376
05kmAL,2012,2012_05_10,19,1630517732
05kmAL,2012,2012_05_11,30,2583514244
05kmAL,2012,2012_05_12,29,2502318642
05kmAL,2012,2012_05_13,29,2491579934
05kmAL,2012,2012_05_14,29,2502875695
05kmAL,2012,2012_05_15,29,2491907640
05kmAL,2012,2012_05_16,25,2158221461
05kmAL,2012,2012_05_22,9,767079867
05kmAL,2012,2012_05_23,29,2502220378
05kmAL,2012,2012_05_24,29,2490596880
05kmAL,2012,2012_05_25,29,2500581957
05kmAL,2012,2012_05_26,29,2489613863
05kmAL,2012,2012_05_27,30,2581875866
05kmAL,2012,2012_05_28,29,2502056551
05kmAL,2012,2012_05_29,29,2489941542
05kmAL,2012,2012_05_30,29,2484463186
05kmAL,2012,2012_05_31,29,2489450034
05kmAL,2012,2012_06_01,29,2500270688
05kmAL,2012,2012_06_02,29,2488811084
05kmAL,2012,2012_06_03,29,2500582006
05kmAL,2012,2012_06_04,30,2581056715
05kmAL,2012,2012_06_05,29,2489286181
05kmAL,2012,2012_06_06,27,2328500603
05kmAL,2012,2012_06_07,19,1629043193
05kmAL,2012,2012_06_08,29,2500582014
05kmAL,2012,2012_06_09,29,2489450074
05kmAL,2012,2012_06_10,29,2500582037
05kmAL,2012,2012_06_11,29,2489450086
05kmAL,2012,2012_06_12,30,2580892872
05kmAL,2012,2012_06_13,29,2500582036
05kmAL,2012,2012_06_14,29,2489450078
05kmAL,2012,2012_06_15,29,2500581998
05kmAL,2012,2012_06_16,29,2489450077
05kmAL,2012,2012_06_17,29,2500582021
05kmAL,2012,2012_06_18,29,2488729187
05kmAL,2012,2012_06_19,29,2500582030
05kmAL,2012,2012_06_20,18,1548732359
05kmAL,2012,2012_06_21,29,2489450062
05kmAL,2012,2012_06_22,29,2500582045
05kmAL,2012,2012_06_23,29,2488729204
05kmAL,2012,2012_06_24,29,2500582037
05kmAL,2012,2012_06_25,29,2489450087
05kmAL,2012,2012_06_26,29,2500582053
05kmAL,2012,2012_06_27,29,2416189533
05kmAL,2012,2012_06_28,30,2580106404
05kmAL,2012,2012_06_29,29,2500581985
05kmAL,2012,2012_06_30,29,2487678140
05kmAL,2012,2012_07_01,29,2495680779
05kmAL,2012,2012_07_02,29,2488811091
05kmAL,2012,2012_07_03,29,2500270663
05kmAL,2012,2012_07_04,29,2489613856
05kmAL,2012,2012_07_05,29,2500106867
05kmAL,2012,2012_07_06,30,2580892789
05kmAL,2012,2012_07_07,29,2476891385
05kmAL,2012,2012_07_08,29,2499942985
05kmAL,2012,2012_07_09,29,2487172621
05kmAL,2012,2012_07_10,29,2499025488
05kmAL,2012,2012_07_11,29,2489450030
05kmAL,2012,2012_07_12,29,2500418133
05kmAL,2012,2012_07_13,18,1473749057
05kmAL,2012,2012_07_17,12,1032488204
05kmAL,2012,2012_07_18,10,860242998
05kmAL,2012,2012_07_23,11,940881535
05kmAL,2012,2012_07_24,29,2500745831
05kmAL,2012,2012_07_25,24,2064812562
05kmAL,2012,2012_07_28,28,2409139153
05kmAL,2012,2012_07_29,29,2488811031
05kmAL,2012,2012_07_30,30,2580221043
05kmAL,2012,2012_07_31,29,2407527862
05kmAL,2012,2012_08_01,29,2489450041
05kmAL,2012,2012_08_02,29,2500418114
05kmAL,2012,2012_08_03,29,2489450003
05kmAL,2012,2012_08_04,29,2500270682
05kmAL,2012,2012_08_05,29,2489286168
05kmAL,2012,2012_08_06,29,2500745803
05kmAL,2012,2012_08_07,30,2580581498
05kmAL,2012,2012_08_08,29,2488778261
05kmAL,2012,2012_08_09,29,2501401160
05kmAL,2012,2012_08_10,29,2489777652
05kmAL,2012,2012_08_11,29,2501401147
05kmAL,2012,2012_08_12,29,2489630254
05kmAL,2012,2012_08_13,29,2501892697
05kmAL,2012,2012_08_14,29,2490433059
05kmAL,2012,2012_08_15,30,2580991142
05kmAL,2012,2012_08_16,29,2502056523
05kmAL,2012,2012_08_17,29,2491416076
05kmAL,2012,2012_08_18,29,2503039584
05kmAL,2012,2012_08_19,29,2491743759
05kmAL,2012,2012_08_20,29,2503203395
05kmAL,2012,2012_08_21,29,2489646626
05kmAL,2012,2012_08_22,29,2503039567
05kmAL,2012,2012_08_23,30,2583514278
05kmAL,2012,2012_08_24,29,2478203350
05kmAL,2012,2012_08_25,29,2503039575
05kmAL,2012,2012_08_26,29,2490187275
05kmAL,2012,2012_08_27,29,2503039563
05kmAL,2012,2012_08_28,29,2491579952
05kmAL,2012,2012_08_29,29,2503039564
05kmAL,2012,2012_08_30,30,2530749500
05kmAL,2012,2012_08_31,29,2491743742
05kmAL,2012,2012_09_01,29,2503039583
05kmAL,2012,2012_09_02,29,2491743775
05kmAL,2012,2012_09_03,13,1125077909
05kmAL,2012,2012_09_05,10,861226040
05kmAL,2012,2012_09_06,29,2490433100
05kmAL,2012,2012_09_07,29,2501892769
05kmAL,2012,2012_09_08,30,2581318916
05kmAL,2012,2012_09_09,29,2487828036
05kmAL,2012,2012_09_10,29,2500352617
05kmAL,2012,2012_09_11,29,2488729110
05kmAL,2012,2012_09_12,25,2145565807
05kmAL,2012,2012_09_13,19,1628879328
05kmAL,2012,2012_09_14,27,2328271210
05kmAL,2012,2012_09_15,2,129383590
05kmAL,2012,2012_09_16,26,2236500722
05kmAL,2012,2012_09_17,2,125514557
05kmAL,2012,2012_09_18,29,2488892945
05kmAL,2012,2012_09_19,29,2455115297
05kmAL,2012,2012_09_20,29,2458918717
05kmAL,2012,2012_09_21,29,2368160768
05kmAL,2012,2012_09_22,29,2489450009
05kmAL,2012,2012_09_23,30,2579942565
05kmAL,2012,2012_09_24,29,2498992715
05kmAL,2012,2012_09_25,29,2484775771
05kmAL,2012,2012_09_26,29,2501040735
05kmAL,2012,2012_09_27,29,2488172022
05kmAL,2012,2012_09_28,29,2500319808
05kmAL,2012,2012_09_29,29,2490236456
05kmAL,2012,2012_09_30,29,2502089293
05kmAL,2012,2012_10_01,28,2409466795
05kmAL,2012,2012_10_02,17,1457879284
05kmAL,2012,2012_10_03,29,2502318676
05kmAL,2012,2012_10_04,29,2490727988
05kmAL,2012,2012_10_05,29,2502318659
05kmAL,2012,2012_10_06,29,2490727970
05kmAL,2012,2012_10_07,29,2502744652
05kmAL,2012,2012_10_08,29,2490039815
05kmAL,2012,2012_10_09,30,2582629522
05kmAL,2012,2012_10_10,29,2501761602
05kmAL,2012,2012_10_11,29,2490433003
05kmAL,2012,2012_10_12,29,2502318654
05kmAL,2012,2012_10_13,29,2491153941
05kmAL,2012,2012_10_14,29,2502318674
05kmAL,2012,2012_10_15,29,2490727968
05kmAL,2012,2012_10_16,29,2502318671
05kmAL,2012,2012_10_17,30,2581646489
05kmAL,2012,2012_10_18,29,2490727941
05kmAL,2012,2012_10_19,29,2500713019
05kmAL,2012,2012_10_20,29,2489237040
05kmAL,2012,2012_10_21,29,2501630526
05kmAL,2012,2012_10_22,29,2489531916
05kmAL,2012,2012_10_23,29,2500516441
05kmAL,2012,2012_10_24,30,2577534144
05kmAL,2012,2012_10_25,29,2411943664
05kmAL,2012,2012_10_26,29,2497518206
05kmAL,2012,2012_10_27,29,2486271535
05kmAL,2012,2012_10_28,29,2497862248
05kmAL,2012,2012_10_29,29,2484387385
05kmAL,2012,2012_10_30,29,2498419269
05kmAL,2012,2012_10_31,29,2425584718
05kmAL,2012,2012_11_01,27,2324404633
05kmAL,2012,2012_11_02,26,2233060080
05kmAL,2012,2012_11_03,29,2485075459
05kmAL,2012,2012_11_04,29,2495552072
05kmAL,2012,2012_11_05,29,2484518403
05kmAL,2012,2012_11_06,29,2496109136
05kmAL,2012,2012_11_07,29,2484518405
05kmAL,2012,2012_11_08,29,2497731160
05kmAL,2012,2012_11_09,18,1547421568
05kmAL,2012,2012_11_10,29,2484518443
05kmAL,2012,2012_11_11,29,2497223264
05kmAL,2012,2012_11_12,29,2484518380
05kmAL,2012,2012_11_13,29,2497862216
05kmAL,2012,2012_11_14,29,2482140343
05kmAL,2012,2012_11_15,29,2497780310
05kmAL,2012,2012_11_16,29,2480450412
05kmAL,2012,2012_11_17,30,2578025632
05kmAL,2012,2012_11_18,29,2499238490
05kmAL,2012,2012_11_19,29,2487860771
05kmAL,2012,2012_11_20,29,2501073507
05kmAL,2012,2012_11_21,28,2409221083
05kmAL,2012,2012_11_22,29,2502187612
05kmAL,2012,2012_11_23,5,274543400
05kmAL,2012,2012_11_24,29,2502744677
05kmAL,2012,2012_11_25,30,2582924436
05kmAL,2012,2012_11_26,29,2491284997
05kmAL,2012,2012_11_27,29,2502875735
05kmAL,2012,2012_11_28,29,2491153929
05kmAL,2012,2012_11_29,29,2502744642
05kmAL,2012,2012_11_30,29,2491153914
05kmAL,2012,2012_12_01,29,2502744656
05kmAL,2012,2012_12_02,29,2491153905
05kmAL,2012,2012_12_03,30,2582629514
05kmAL,2012,2012_12_04,29,2502744681
05kmAL,2012,2012_12_05,29,2491153919
05kmAL,2012,2012_12_06,29,2502744645
05kmAL,2012,2012_12_07,29,2491285029
05kmAL,2012,2012_12_08,29,2502744632
05kmAL,2012,2012_12_09,29,2485793933
05kmAL,2012,2012_12_10,29,2501843505
05kmAL,2012,2012_12_11,30,2574907881
05kmAL,2012,2012_12_12,28,2316748823
05kmAL,2012,2012_12_13,18,1549780876
05kmAL,2012,2012_12_14,29,2464581028
05kmAL,2012,2012_12_15,29,2490465853
05kmAL,2012,2012_12_16,29,2399679895
05kmAL,2012,2012_12_17,29,2495498113
05kmAL,2012,2012_12_18,29,2487369224
05kmAL,2012,2012_12_19,30,2569662592
05kmAL,2012,2012_12_20,29,2492270480
05kmAL,2012,2012_12_21,29,2443144034
05kmAL,2012,2012_12_22,27,2261470818
05kmAL,2012,2012_12_23,29,2489155101
05kmAL,2012,2012_12_24,29,2501139031
05kmAL,2012,2012_12_25,29,2489286156
05kmAL,2012,2012_12_26,29,2500745791
05kmAL,2012,2012_12_27,30,2581056668
05kmAL,2012,2012_12_28,29,2488892925
05kmAL,2012,2012_12_29,29,2500745846
05kmAL,2012,2012_12_30,29,2482400026
05kmAL,2012,2012_12_31,29,2473115812
05kmAL,2013,2013_01_01,29,2484876465
05kmAL,2013,2013_01_02,29,2500909656
05kmAL,2013,2013_01_03,24,2013948333
05kmAL,2013,2013_01_07,6,516244092
05kmAL,2013,2013_01_08,29,2485206566
05kmAL,2013,2013_01_09,29,2500745804
05kmAL,2013,2013_01_10,29,2489286122
05kmAL,2013,2013_01_11,29,2500745801
05kmAL,2013,2013_01_12,30,2580417654
05kmAL,2013,2013_01_13,29,2488811021
05kmAL,2013,2013_01_14,29,2500745810
05kmAL,2013,2013_01_15,29,2489286164
05kmAL,2013,2013_01_16,23,1978254595
05kmAL,2013,2013_01_17,17,1456797966
05kmAL,2013,2013_01_18,29,2500745811
05kmAL,2013,2013_01_19,29,2489449989
05kmAL,2013,2013_01_20,30,2580827277
05kmAL,2013,2013_01_21,18,1548011402
05kmAL,2013,2013_01_22,11,941209178
05kmAL,2013,2013_01_23,29,2501401155
05kmAL,2013,2013_01_24,29,2489220631
05kmAL,2013,2013_01_25,29,2501401191
05kmAL,2013,2013_01_26,29,2490105366
05kmAL,2013,2013_01_27,29,2501073453
05kmAL,2013,2013_01_28,30,2581728433
05kmAL,2013,2013_01_29,29,2489155082
05kmAL,2013,2013_01_30,29,2502384224
05kmAL,2013,2013_01_31,29,2489056756
05kmAL,2013,2013_02_01,29,2426745635
05kmAL,2013,2013_02_02,29,2488827419
05kmAL,2013,2013_02_03,29,2502875759
05kmAL,2013,2013_02_04,29,2491743727
05kmAL,2013,2013_02_05,29,2502220387
05kmAL,2013,2013_02_06,30,2582531216
05kmAL,2013,2013_02_07,29,2490924546
05kmAL,2013,2013_02_08,29,2502056504
05kmAL,2013,2013_02_09,29,2491186699
05kmAL,2013,2013_02_10,29,2502875724
05kmAL,2013,2013_02_11,29,2491416076
05kmAL,2013,2013_02_12,29,2502711882
05kmAL,2013,2013_02_13,30,2582793409
05kmAL,2013,2013_02_14,29,2491743770
05kmAL,2013,2013_02_15,29,2499383558
05kmAL,2013,2013_02_16,29,2466941478
05kmAL,2013,2013_02_17,29,2492022341
05kmAL,2013,2013_02_18,29,2310514854
05kmAL,2013,2013_02_19,29,2503039591
05kmAL,2013,2013_02_20,29,2491743757
05kmAL,2013,2013_02_21,29,2503039579
05kmAL,2013,2013_02_22,30,2583514283
05kmAL,2013,2013_02_23,29,2491579904
05kmAL,2013,2013_02_24,29,2503039557
05kmAL,2013,2013_02_25,29,2490744318
05kmAL,2013,2013_02_26,29,2466000391
05kmAL,2013,2013_02_27,29,2460734999
05kmAL,2013,2013_02_28,29,2502318684
05kmAL,2013,2013_03_01,29,2491743781
05kmAL,2013,2013_03_02,30,2583514271
05kmAL,2013,2013_03_03,29,2503039564
05kmAL,2013,2013_03_04,29,2491907595
05kmAL,2013,2013_03_05,29,2503039555
05kmAL,2013,2013_03_06,29,2491743746
05kmAL,2013,2013_03_07,29,2502875746
05kmAL,2013,2013_03_08,29,2432796100
05kmAL,2013,2013_03_09,29,2503039548
05kmAL,2013,2013_03_10,30,2583514259
05kmAL,2013,2013_03_11,29,2491743784
05kmAL,2013,2013_03_12,29,2502711914
05kmAL,2013,2013_03_13,29,2491743766
05kmAL,2013,2013_03_14,29,2503039576
05kmAL,2013,2013_03_15,29,2479727087
05kmAL,2013,2013_03_16,29,2503039568
05kmAL,2013,2013_03_17,29,2491907606
05kmAL,2013,2013_03_18,30,2582793379
05kmAL,2013,2013_03_19,27,2330794355
05kmAL,2013,2013_03_21,12,1013663653
05kmAL,2013,2013_03_22,29,2491743760
05kmAL,2013,2013_03_23,29,2503039604
05kmAL,2013,2013_03_24,29,2491743739
05kmAL,2013,2013_03_25,29,2503039582
05kmAL,2013,2013_03_26,30,2583514261
05kmAL,2013,2013_03_27,29,2420402587
05kmAL,2013,2013_03_28,29,2503039567
05kmAL,2013,2013_03_29,29,2491416099
05kmAL,2013,2013_03_30,29,2454965391
05kmAL,2013,2013_03_31,29,2490727997
05kmAL,2013,2013_04_01,29,2503039640
05kmAL,2013,2013_04_02,29,2491743817
05kmAL,2013,2013_04_03,29,2503203454
05kmAL,2013,2013_04_04,30,2583514379
05kmAL,2013,2013_04_05,29,2491743840
05kmAL,2013,2013_04_06,29,2502564442
05kmAL,2013,2013_04_07,29,2490777176
05kmAL,2013,2013_04_08,29,2503039528
05kmAL,2013,2013_04_09,26,2239023876
05kmAL,2013,2013_04_16,15,1286191141
05kmAL,2013,2013_04_17,29,2503203376
05kmAL,2013,2013_04_18,29,2490056249
05kmAL,2013,2013_04_19,29,2502875708
05kmAL,2013,2013_04_20,30,2583514307
05kmAL,2013,2013_04_21,29,2491743751
05kmAL,2013,2013_04_22,29,2503039560
05kmAL,2013,2013_04_23,29,2491743749
05kmAL,2013,2013_04_24,25,2158549165
05kmAL,2013,2013_04_25,3,211873530
05kmAL,2013,2013_04_26,29,2503039556
05kmAL,2013,2013_04_27,29,2491907625
05kmAL,2013,2013_04_28,30,2583514255
05kmAL,2013,2013_04_29,29,2503039597
05kmAL,2013,2013_04_30,29,2491743789
05kmAL,2013,2013_05_01,29,2427745052
05kmAL,2013,2013_05_02,29,2491743765
05kmAL,2013,2013_05_03,29,2503039566
05kmAL,2013,2013_05_04,29,2491416044
05kmAL,2013,2013_05_05,29,2503039569
05kmAL,2013,2013_05_06,24,2059892567
05kmAL,2013,2013_05_07,17,1458436344
05kmAL,2013,2013_05_08,29,2503039576
05kmAL,2013,2013_05_09,29,2434418148
05kmAL,2013,2013_05_10,29,2503039581
05kmAL,2013,2013_05_11,29,2491579930
05kmAL,2013,2013_05_12,29,2503039594
05kmAL,2013,2013_05_13,29,2491743767
05kmAL,2013,2013_05_14,30,2583514226
05kmAL,2013,2013_05_15,15,1297323105
05kmAL,2013,2013_05_21,4,344326572
05kmAL,2013,2013_05_28,10,860095539
05kmAL,2013,2013_05_29,29,2488122887
05kmAL,2013,2013_05_30,30,2581056703
05kmAL,2013,2013_05_31,29,2501237309
05kmAL,2013,2013_06_01,29,2484712647
05kmAL,2013,2013_06_02,29,2500745829
05kmAL,2013,2013_06_03,29,2489450033
05kmAL,2013,2013_06_04,29,2500581974
05kmAL,2013,2013_06_05,29,2489613853
05kmAL,2013,2013_06_06,29,2498910842
05kmAL,2013,2013_06_07,30,2581220533
05kmAL,2013,2013_06_08,29,2488253977
05kmAL,2013,2013_06_09,29,2500582035
05kmAL,2013,2013_06_10,29,2487697027
05kmAL,2013,2013_06_11,27,2328500664
05kmAL,2013,2013_06_12,17,1456961849
05kmAL,2013,2013_06_13,29,2499697287
05kmAL,2013,2013_06_14,29,2488729200
05kmAL,2013,2013_06_15,29,2500745892
05kmAL,2013,2013_06_16,28,2408975342
05kmAL,2013,2013_06_17,1,80474713
05kmAL,2013,2013_06_18,29,2499992190
05kmAL,2013,2013_06_19,29,2489138784
05kmAL,2013,2013_06_20,29,2500745858
05kmAL,2013,2013_06_21,29,2488811066
05kmAL,2013,2013_06_22,29,2484104090
05kmAL,2013,2013_06_23,30,2581056732
05kmAL,2013,2013_06_24,29,2485695704
05kmAL,2013,2013_06_25,25,2156419275
05kmAL,2013,2013_06_26,3,252556071
05kmAL,2013,2013_06_27,29,2500745877
05kmAL,2013,2013_06_28,29,2488974933
05kmAL,2013,2013_06_29,29,2500581987
05kmAL,2013,2013_06_30,29,2489450047
05kmAL,2013,2013_07_01,29,2500581965
05kmAL,2013,2013_07_02,30,2581056698
05kmAL,2013,2013_07_03,29,2488974905
05kmAL,2013,2013_07_04,29,2472135209
05kmAL,2013,2013_07_05,29,2489450039
05kmAL,2013,2013_07_06,29,2500581972
05kmAL,2013,2013_07_07,29,2489450045
05kmAL,2013,2013_07_08,29,2500581954
05kmAL,2013,2013_07_09,30,2581056687
05kmAL,2013,2013_07_10,29,2488090125
05kmAL,2013,2013_07_11,29,2500581988
05kmAL,2013,2013_07_12,29,2434846521
05kmAL,2013,2013_07_13,29,2500581982
05kmAL,2013,2013_07_14,29,2489450037
05kmAL,2013,2013_07_15,29,2500581962
05kmAL,2013,2013_07_16,29,2489450021
05kmAL,2013,2013_07_17,30,2581056628
05kmAL,2013,2013_07_18,29,2500745767
05kmAL,2013,2013_07_19,29,2489613856
05kmAL,2013,2013_07_20,29,2500581937
05kmAL,2013,2013_07_21,29,2489450002
05kmAL,2013,2013_07_22,29,2499795493
05kmAL,2013,2013_07_23,29,2489450011
05kmAL,2013,2013_07_24,29,2500270651
05kmAL,2013,2013_07_25,30,2561199932
05kmAL,2013,2013_07_26,29,2489450007
05kmAL,2013,2013_07_27,29,2500581969
05kmAL,2013,2013_07_28,29,2483369122
05kmAL,2013,2013_07_29,29,2500745824
05kmAL,2013,2013_07_30,28,2381282202
05kmAL,2013,2013_07_31,16,1375454908
05kmAL,2013,2013_08_01,29,2413221646
05kmAL,2013,2013_08_02,30,2581056681
05kmAL,2013,2013_08_03,29,2500581965
05kmAL,2013,2013_08_04,29,2489286176
05kmAL,2013,2013_08_05,29,2500581949
05kmAL,2013,2013_08_06,29,2489450003
05kmAL,2013,2013_08_07,29,2500270673
05kmAL,2013,2013_08_08,29,2484221130
05kmAL,2013,2013_08_09,29,2501073490
05kmAL,2013,2013_08_10,30,2581384353
05kmAL,2013,2013_08_11,29,2489630236
05kmAL,2013,2013_08_12,29,2501565011
05kmAL,2013,2013_08_13,29,2350810793
05kmAL,2013,2013_08_14,29,2501565029
05kmAL,2013,2013_08_15,29,2490498607
05kmAL,2013,2013_08_16,29,2500991549
05kmAL,2013,2013_08_17,29,2491252252
05kmAL,2013,2013_08_18,30,2583514180
05kmAL,2013,2013_08_19,29,2503039555
05kmAL,2013,2013_08_20,29,2491743702
05kmAL,2013,2013_08_21,29,2503039613
05kmAL,2013,2013_08_22,29,2372227717
05kmAL,2013,2013_08_23,29,2503039538
05kmAL,2013,2013_08_24,29,2490449467
05kmAL,2013,2013_08_25,29,2496254151
05kmAL,2013,2013_08_26,30,2583350448
05kmAL,2013,2013_08_27,29,2491743759
05kmAL,2013,2013_08_28,28,2352567187
05kmAL,2013,2013_08_29,29,2491743786
05kmAL,2013,2013_08_30,29,2503039533
05kmAL,2013,2013_08_31,29,2491907611
05kmAL,2013,2013_09_01,29,2503203427
05kmAL,2013,2013_09_02,30,2583350457
05kmAL,2013,2013_09_03,29,2476300393
05kmAL,2013,2013_09_04,29,2502711896
05kmAL,2013,2013_09_05,29,2490924595
05kmAL,2013,2013_09_06,29,2502220407
05kmAL,2013,2013_09_07,29,2489548382
05kmAL,2013,2013_09_08,29,2501565090
05kmAL,2013,2013_09_09,29,2488499766
05kmAL,2013,2013_09_10,29,2500909679
05kmAL,2013,2013_09_11,30,2581220535
05kmAL,2013,2013_09_12,29,2435288877
05kmAL,2013,2013_09_13,29,2500352554
05kmAL,2013,2013_09_14,29,2488892946
05kmAL,2013,2013_09_15,29,2499713629
05kmAL,2013,2013_09_16,29,2488892938
05kmAL,2013,2013_09_17,28,2406697959
05kmAL,2013,2013_09_18,28,2408582091
05kmAL,2013,2013_09_19,16,1376650936
05kmAL,2013,2013_09_20,2,123726292
05kmAL,2013,2013_09_21,29,2488892962
05kmAL,2013,2013_09_22,29,2418615450
05kmAL,2013,2013_09_23,24,2057795418
05kmAL,2013,2013_09_24,18,1548568443
05kmAL,2013,2013_09_25,29,2488335923
05kmAL,2013,2013_09_26,30,2580106378
05kmAL,2013,2013_09_27,29,2500614745
05kmAL,2013,2013_09_28,29,2475811276
05kmAL,2013,2013_09_29,29,2501663312
05kmAL,2013,2013_09_30,10,860669013
05kmAL,2013,2013_10_03,8,688849738
05kmAL,2013,2013_10_04,30,2581499017
05kmAL,2013,2013_10_05,29,2490170911
05kmAL,2013,2013_10_06,29,2502318677
05kmAL,2013,2013_10_07,29,2490088979
05kmAL,2013,2013_10_08,29,2502318653
05kmAL,2013,2013_10_09,29,2490727987
05kmAL,2013,2013_10_10,29,2502744614
05kmAL,2013,2013_10_11,29,2490646053
05kmAL,2013,2013_10_12,30,2582629529
05kmAL,2013,2013_10_13,29,2502318689
05kmAL,2013,2013_10_14,29,2490727960
05kmAL,2013,2013_10_15,29,2502187573
05kmAL,2013,2013_10_16,29,2490039862
05kmAL,2013,2013_10_17,29,2485691962
05kmAL,2013,2013_10_18,29,2490596900
05kmAL,2013,2013_10_19,29,2502875731
05kmAL,2013,2013_10_20,30,2581990586
05kmAL,2013,2013_10_21,29,2489056756
05kmAL,2013,2013_10_22,29,2501204560
05kmAL,2013,2013_10_23,29,2487860756
05kmAL,2013,2013_10_24,29,2499959395
05kmAL,2013,2013_10_25,29,2485583439
05kmAL,2013,2013_10_26,7,607293731
05kmAL,2013,2013_10_27,27,2121840919
05kmAL,2013,2013_10_28,28,2406353880
05kmAL,2013,2013_10_29,16,1356796610
05kmAL,2013,2013_10_30,20,1719208050
05kmAL,2013,2013_11_01,19,1625766367
05kmAL,2013,2013_11_02,29,2404550745
05kmAL,2013,2013_11_03,29,2431507886
05kmAL,2013,2013_11_04,29,2499271233
05kmAL,2013,2013_11_05,28,2345621642
05kmAL,2013,2013_11_06,29,2482765328
05kmAL,2013,2013_11_07,29,2328452315
05kmAL,2013,2013_11_08,29,2483912226
05kmAL,2013,2013_11_09,29,2473560626
05kmAL,2013,2013_11_10,29,2483682820
05kmAL,2013,2013_11_11,29,2495353062
05kmAL,2013,2013_11_12,29,2395025725
05kmAL,2013,2013_11_13,29,2484878871
05kmAL,2013,2013_11_14,29,2443278832
05kmAL,2013,2013_11_15,29,2485976594
05kmAL,2013,2013_11_16,29,2496453189
05kmAL,2013,2013_11_17,29,2486746655
05kmAL,2013,2013_11_18,29,2497993276
05kmAL,2013,2013_11_19,29,2486697503
05kmAL,2013,2013_11_20,30,2579287129
05kmAL,2013,2013_11_21,29,2500385380
05kmAL,2013,2013_11_22,29,2489482742
05kmAL,2013,2013_11_23,29,2501630552
05kmAL,2013,2013_11_24,29,2491153938
05kmAL,2013,2013_11_25,29,2502187606
05kmAL,2013,2013_11_26,26,2238761663
05kmAL,2013,2013_11_27,18,1549141917
05kmAL,2013,2013_11_28,30,2561085226
05kmAL,2013,2013_11_29,29,2469052579
05kmAL,2013,2013_11_30,29,2502744668
05kmAL,2013,2013_12_01,29,2491153945
05kmAL,2013,2013_12_02,29,2502744642
05kmAL,2013,2013_12_03,29,2490596879
05kmAL,2013,2013_12_04,29,2502744668
05kmAL,2013,2013_12_05,29,2490727993
05kmAL,2013,2013_12_06,30,2583055494
05kmAL,2013,2013_12_07,29,2502613604
05kmAL,2013,2013_12_08,29,2491153938
05kmAL,2013,2013_12_09,29,2502482520
05kmAL,2013,2013_12_10,29,2473511445
05kmAL,2013,2013_12_11,29,2502744636
05kmAL,2013,2013_12_12,29,2491153951
05kmAL,2013,2013_12_13,29,2502875733
05kmAL,2013,2013_12_14,30,2582924457
05kmAL,2013,2013_12_15,29,2490727941
05kmAL,2013,2013_12_16,29,2500893261
05kmAL,2013,2013_12_17,29,2490596863
05kmAL,2013,2013_12_18,29,2501958213
05kmAL,2013,2013_12_19,29,2489908782
05kmAL,2013,2013_12_20,29,2502220362
05kmAL,2013,2013_12_21,29,2490203660
05kmAL,2013,2013_12_22,30,2581843077
05kmAL,2013,2013_12_23,29,2501237356
05kmAL,2013,2013_12_24,29,2489548290
05kmAL,2013,2013_12_25,29,2500418145
05kmAL,2013,2013_12_26,29,2489286182
05kmAL,2013,2013_12_27,29,2485957776
05kmAL,2013,2013_12_28,29,2436570499
05kmAL,2013,2013_12_29,29,2500581981
05kmAL,2013,2013_12_30,30,2580892838
05kmAL,2013,2013_12_31,29,2488892955
05kmAL,2014,2014_01_01,29,2500581963
05kmAL,2014,2014_01_02,28,2408975300
05kmAL,2014,2014_01_03,16,1376487088
05kmAL,2014,2014_01_04,5,356114309
05kmAL,2014,2014_01_05,27,2328271223
05kmAL,2014,2014_01_14,8,688325458
05kmAL,2014,2014_01_15,30,2580417677
05kmAL,2014,2014_01_16,29,2488892975
05kmAL,2014,2014_01_17,29,2500418131
05kmAL,2014,2014_01_18,29,2488892947
05kmAL,2014,2014_01_19,29,2500745812
05kmAL,2014,2014_01_20,29,2461560287
05kmAL,2014,2014_01_21,29,2500745819
05kmAL,2014,2014_01_22,29,2386027193
05kmAL,2014,2014_01_23,29,2442617342
05kmAL,2014,2014_01_24,30,2580745351
05kmAL,2014,2014_01_25,29,2489056757
05kmAL,2014,2014_01_26,29,2500844092
05kmAL,2014,2014_01_27,29,2380313581
05kmAL,2014,2014_01_28,27,2270636684
05kmAL,2014,2014_01_29,29,2490269178
05kmAL,2014,2014_01_30,29,2501401173
05kmAL,2014,2014_01_31,30,2581482652
05kmAL,2014,2014_02_01,29,2489875998
05kmAL,2014,2014_02_02,29,2501565023
05kmAL,2014,2014_02_03,29,2490269196
05kmAL,2014,2014_02_04,29,2439896492
05kmAL,2014,2014_02_05,29,2489712164
05kmAL,2014,2014_02_06,29,2502220367
05kmAL,2014,2014_02_07,29,2490367510
05kmAL,2014,2014_02_08,29,2502056545
05kmAL,2014,2014_02_09,30,2582858886
05kmAL,2014,2014_02_10,29,2490367495
05kmAL,2014,2014_02_11,29,2502220358
05kmAL,2014,2014_02_12,29,2490695203
05kmAL,2014,2014_02_13,29,2502220410
05kmAL,2014,2014_02_14,29,2416105233
05kmAL,2014,2014_02_15,29,2502548107
05kmAL,2014,2014_02_16,30,2583350440
05kmAL,2014,2014_02_17,24,2059728734
05kmAL,2014,2014_02_18,18,1550206870
05kmAL,2014,2014_02_19,29,2491743800
05kmAL,2014,2014_02_20,15,1297323143
05kmAL,2014,2014_02_24,6,516735620
05kmAL,2014,2014_03_03,4,344490410
05kmAL,2014,2014_03_04,29,2491416085
05kmAL,2014,2014_03_05,30,2583514292
05kmAL,2014,2014_03_06,29,2502875766
05kmAL,2014,2014_03_07,29,2491743752
05kmAL,2014,2014_03_08,29,2503039552
05kmAL,2014,2014_03_09,29,2491579909
05kmAL,2014,2014_03_10,27,2330958196
05kmAL,2014,2014_03_11,17,1458272517
05kmAL,2014,2014_03_12,29,2503039590
05kmAL,2014,2014_03_13,18,1550043006
05kmAL,2014,2014_03_14,29,2491579912
05kmAL,2014,2014_03_15,29,2455932113
05kmAL,2014,2014_03_16,27,2310806546
05kmAL,2014,2014_03_17,29,2502318641
05kmAL,2014,2014_03_18,29,2474756620
05kmAL,2014,2014_03_19,29,2503203411
05kmAL,2014,2014_03_20,29,2490940939
05kmAL,2014,2014_03_21,29,2503039543
05kmAL,2014,2014_03_22,30,2583514288
05kmAL,2014,2014_03_23,29,2489269752
05kmAL,2014,2014_03_24,29,2503039580
05kmAL,2014,2014_03_25,29,2491743744
05kmAL,2014,2014_03_26,29,2503039577
05kmAL,2014,2014_03_27,29,2428302079
05kmAL,2014,2014_03_28,29,2503203376
05kmAL,2014,2014_03_29,30,2583186605
05kmAL,2014,2014_03_30,29,2491743755
05kmAL,2014,2014_03_31,27,2330794374
05kmAL,2014,2014_04_01,17,1458108686
05kmAL,2014,2014_04_02,29,2502875781
05kmAL,2014,2014_04_03,18,1062815609
05kmAL,2014,2014_04_04,16,1377797854
05kmAL,2014,2014_04_05,29,2491743836
05kmAL,2014,2014_04_06,29,2500762243
05kmAL,2014,2014_04_07,30,2583350469
05kmAL,2014,2014_04_08,29,2491743781
05kmAL,2014,2014_04_09,29,2503039547
05kmAL,2014,2014_04_10,29,2491252254
05kmAL,2014,2014_04_11,29,2503203393
05kmAL,2014,2014_04_12,29,2491416084
05kmAL,2014,2014_04_13,29,2490891770
05kmAL,2014,2014_04_14,30,2583514302
05kmAL,2014,2014_04_15,29,2491743751
05kmAL,2014,2014_04_16,29,2503039554
05kmAL,2014,2014_04_17,29,2491743757
05kmAL,2014,2014_04_18,29,2503039576
05kmAL,2014,2014_04_19,8,671189571
05kmAL,2014,2014_04_22,10,797524625
05kmAL,2014,2014_04_23,28,2411269067
05kmAL,2014,2014_04_24,17,1422971147
05kmAL,2014,2014_04_25,29,2502040135
05kmAL,2014,2014_04_26,29,2465789766
05kmAL,2014,2014_04_27,29,2503039587
05kmAL,2014,2014_04_28,29,2491743769
05kmAL,2014,2014_04_29,29,2503039571
05kmAL,2014,2014_04_30,29,2491743757
05kmAL,2014,2014_05_01,30,2583678110
05kmAL,2014,2014_05_02,29,2503203421
05kmAL,2014,2014_05_03,29,2491743755
05kmAL,2014,2014_05_04,29,2498056377
05kmAL,2014,2014_05_05,29,2491579928
05kmAL,2014,2014_05_06,29,2503039506
05kmAL,2014,2014_05_07,29,2491743745
05kmAL,2014,2014_05_08,29,2503039568
05kmAL,2014,2014_05_09,26,2207543661
05kmAL,2014,2014_05_10,29,2353456012
05kmAL,2014,2014_05_11,29,2502711885
05kmAL,2014,2014_05_12,29,2491022896
05kmAL,2014,2014_05_13,29,2503039594
05kmAL,2014,2014_05_14,29,2491579928
05kmAL,2014,2014_05_15,29,2502875710
05kmAL,2014,2014_05_16,29,2491743782
05kmAL,2014,2014_05_17,30,2583186605
05kmAL,2014,2014_05_18,29,2502548038
05kmAL,2014,2014_05_19,29,2490940978
05kmAL,2014,2014_05_20,29,2463460843
05kmAL,2014,2014_05_21,28,2330449407
05kmAL,2014,2014_05_22,29,2502711900
05kmAL,2014,2014_05_23,29,2489777680
05kmAL,2014,2014_05_24,29,2500745818
05kmAL,2014,2014_05_25,30,2581220513
05kmAL,2014,2014_05_26,29,2489449998
05kmAL,2014,2014_05_27,29,2500581959
05kmAL,2014,2014_05_28,29,2489613836
05kmAL,2014,2014_05_29,29,2501728880
05kmAL,2014,2014_05_30,29,2489466419
05kmAL,2014,2014_05_31,29,2500581977
05kmAL,2014,2014_06_01,29,2489286185
05kmAL,2014,2014_06_02,30,2581056683
05kmAL,2014,2014_06_03,29,2500581973
05kmAL,2014,2014_06_04,29,2489450028
05kmAL,2014,2014_06_05,29,2441388611
05kmAL,2014,2014_06_06,29,2486924471
05kmAL,2014,2014_06_07,29,2500582004
05kmAL,2014,2014_06_08,29,2489450051
05kmAL,2014,2014_06_09,29,2423567170
05kmAL,2014,2014_06_10,24,2058090379
05kmAL,2014,2014_06_11,17,1456961848
05kmAL,2014,2014_06_12,29,2499746439
05kmAL,2014,2014_06_13,29,2469042329
05kmAL,2014,2014_06_14,29,2500582038
05kmAL,2014,2014_06_15,29,2489450056
05kmAL,2014,2014_06_16,29,2499631750
05kmAL,2014,2014_06_17,7,548229203
05kmAL,2015,2015_01_01,29,2500581960
05kmAL,2015,2015_01_02,30,2525831868
05kmAL,2015,2015_01_03,29,2392324750
05kmAL,2015,2015_01_04,29,2500745795
05kmAL,2015,2015_01_05,29,2488892934
05kmAL,2015,2015_01_06,29,2425320221
05kmAL,2015,2015_01_07,29,2487186601
05kmAL,2015,2015_01_08,29,2500352579
05kmAL,2015,2015_01_09,29,2488647202
05kmAL,2015,2015_01_10,30,2580663452
05kmAL,2015,2015_01_11,29,2500352591
05kmAL,2015,2015_01_12,29,2489449963
05kmAL,2015,2015_01_13,23,1977943302
05kmAL,2015,2015_01_14,17,1456797946
05kmAL,2015,2015_01_15,29,2500352580
05kmAL,2015,2015_01_16,29,2489286158
05kmAL,2015,2015_01_17,29,2500745770
05kmAL,2015,2015_01_18,30,2580499592
05kmAL,2015,2015_01_19,29,2488892950
05kmAL,2015,2015_01_20,29,2500352608
05kmAL,2015,2015_01_21,29,2488892923
05kmAL,2015,2015_01_22,29,2500352615
05kmAL,2015,2015_01_23,29,2489613895
05kmAL,2015,2015_01_24,29,2500680257
05kmAL,2015,2015_01_25,29,2489384427
05kmAL,2015,2015_01_26,29,2501565037
05kmAL,2015,2015_01_27,30,2580991132
05kmAL,2015,2015_01_28,29,2489220626
05kmAL,2015,2015_01_29,29,2501007982
05kmAL,2015,2015_01_30,29,2489482748
05kmAL,2015,2015_01_31,29,2500745764
05kmAL,2015,2015_02_01,29,2490760728
05kmAL,2015,2015_02_02,29,2501401180
05kmAL,2015,2015_02_03,30,2495532396
05kmAL,2015,2015_02_04,29,2490924542
05kmAL,2015,2015_02_05,29,2499664460
05kmAL,2015,2015_02_06,29,2489875975
05kmAL,2015,2015_02_07,29,2502220370
05kmAL,2015,2015_02_08,29,2490367514
05kmAL,2015,2015_02_09,29,2501909056
05kmAL,2015,2015_02_10,26,2232353141
05kmAL,2015,2015_02_11,2,172081358
05kmAL,2015,2015_02_12,30,2546936229
05kmAL,2015,2015_02_13,29,2328268376
05kmAL,2015,2015_02_14,29,2440557930
05kmAL,2015,2015_02_15,29,2491088452
05kmAL,2015,2015_02_16,29,2501991020
05kmAL,2015,2015_02_17,29,2491416104
05kmAL,2015,2015_02_18,28,2342500239
05kmAL,2015,2015_02_19,30,2582465709
05kmAL,2015,2015_02_20,29,2491579956
05kmAL,2015,2015_02_21,29,2502711890
05kmAL,2015,2015_02_22,29,2491022874
05kmAL,2015,2015_02_23,29,2497335538
05kmAL,2015,2015_02_24,29,2487596197
05kmAL,2015,2015_02_25,27,2330794339
05kmAL,2015,2015_02_26,17,1458436363
05kmAL,2015,2015_02_27,29,2502318698
05kmAL,2015,2015_02_28,30,2583514270
05kmAL,2015,2015_03_01,29,2491743744
05kmAL,2015,2015_03_02,29,2503039573
05kmAL,2015,2015_03_03,29,2463983829
05kmAL,2015,2015_03_04,29,2502875728
05kmAL,2015,2015_03_05,26,2238860004
05kmAL,2015,2015_03_06,2,172081362
05kmAL,2015,2015_03_07,29,2491579921
05kmAL,2015,2015_03_08,30,2582514866
05kmAL,2015,2015_03_09,29,2501433927
05kmAL,2015,2015_03_10,29,2491743745
05kmAL,2015,2015_03_11,29,2503039575
05kmAL,2015,2015_03_12,15,1286027296
05kmAL,2015,2015_03_13,29,2503039578
05kmAL,2015,2015_03_14,29,2491743789
05kmAL,2015,2015_03_15,29,2502875707
05kmAL,2015,2015_03_16,30,2538113136
05kmAL,2015,2015_03_17,29,2235428508
05kmAL,2015,2015_03_18,29,2439486884
05kmAL,2015,2015_03_19,21,1802762916
05kmAL,2015,2015_03_20,29,2503039544
05kmAL,2015,2015_03_21,29,2491743759
05kmAL,2015,2015_03_22,29,2503039580
05kmAL,2015,2015_03_23,29,2490285598
05kmAL,2015,2015_03_24,29,2503039571
05kmAL,2015,2015_03_25,30,2578531128
05kmAL,2015,2015_03_26,29,2491104771
05kmAL,2015,2015_03_27,29,2503039570
05kmAL,2015,2015_03_28,29,2491022871
05kmAL,2015,2015_03_29,29,2502875710
05kmAL,2015,2015_03_30,29,2491579912
05kmAL,2015,2015_03_31,29,2502875683
05kmAL,2015,2015_04_01,30,2582793402
05kmAL,2015,2015_04_02,29,2489873605
05kmAL,2015,2015_04_03,29,2503039599
05kmAL,2015,2015_04_04,29,2491743841
05kmAL,2015,2015_04_05,29,2460835752
05kmAL,2015,2015_04_06,29,2491416126
05kmAL,2015,2015_04_07,29,2428056400
05kmAL,2015,2015_04_08,28,2411269083
05kmAL,2015,2015_04_09,16,1377797823
05kmAL,2015,2015_04_10,30,2583678084
05kmAL,2015,2015_04_11,29,2491743769
05kmAL,2015,2015_04_12,29,2503039573
05kmAL,2015,2015_04_13,29,2491743744
05kmAL,2015,2015_04_14,29,2503039557
05kmAL,2015,2015_04_15,29,2491743734
05kmAL,2015,2015_04_16,29,2502122053
05kmAL,2015,2015_04_17,29,2491743810
05kmAL,2015,2015_04_18,30,2583350413
05kmAL,2015,2015_04_19,29,2503039554
05kmAL,2015,2015_04_20,29,2488925724
05kmAL,2015,2015_04_21,29,2503039606
05kmAL,2015,2015_04_22,29,2491907608
05kmAL,2015,2015_04_23,29,2477691777
05kmAL,2015,2015_04_24,29,2491579936
05kmAL,2015,2015_04_25,29,2503039550
05kmAL,2015,2015_04_26,24,2060648632
05kmAL,2015,2015_04_27,17,1458272527
05kmAL,2015,2015_04_28,29,2502875711
05kmAL,2015,2015_04_29,29,2491743807
05kmAL,2015,2015_04_30,29,2503039605
05kmAL,2015,2015_05_01,29,2491416096
05kmAL,2015,2015_05_02,29,2500385336
05kmAL,2015,2015_05_03,29,2491022839
05kmAL,2015,2015_05_04,30,2583350448
05kmAL,2015,2015_05_05,29,2502875714
05kmAL,2015,2015_05_06,29,2491907616
05kmAL,2015,2015_05_07,29,2503203384
05kmAL,2015,2015_05_08,29,2437914058
05kmAL,2015,2015_05_09,29,2503039532
05kmAL,2015,2015_05_10,29,2489054391
05kmAL,2015,2015_05_11,29,2503039562
05kmAL,2015,2015_05_12,30,2582875327
05kmAL,2015,2015_05_13,29,2491579901
05kmAL,2015,2015_05_14,29,2500366503
05kmAL,2015,2015_05_15,29,2491579932
05kmAL,2015,2015_05_16,29,2503039573
05kmAL,2015,2015_05_17,29,2491743781
05kmAL,2015,2015_05_18,29,2501417543
05kmAL,2015,2015_05_19,29,2491088414
05kmAL,2015,2015_05_20,29,2501892657
05kmAL,2015,2015_05_21,18,1549158267
05kmAL,2015,2015_05_22,29,2490760710
05kmAL,2015,2015_05_23,29,2501892714
05kmAL,2015,2015_05_24,29,2490760758
05kmAL,2015,2015_05_25,29,2500745830
05kmAL,2015,2015_05_26,29,2490760734
05kmAL,2015,2015_05_27,29,2499828293
05kmAL,2015,2015_05_28,30,2582219930
05kmAL,2015,2015_05_29,29,2489613855
05kmAL,2015,2015_05_30,29,2501073516
05kmAL,2015,2015_05_31,29,2490596888
05kmAL,2015,2015_06_01,29,2500745834
05kmAL,2015,2015_06_02,29,2489450054
05kmAL,2015,2015_06_03,29,2500434533
05kmAL,2015,2015_06_04,29,2489450009
05kmAL,2015,2015_06_05,29,2500582006
05kmAL,2015,2015_06_06,30,2581056677
05kmAL,2015,2015_06_07,29,2489613871
05kmAL,2015,2015_06_08,29,2500581977
05kmAL,2015,2015_06_09,29,2488663619
05kmAL,2015,2015_06_10,29,2500582026
05kmAL,2015,2015_06_11,26,2236893951
05kmAL,2015,2015_06_12,16,1233704071
05kmAL,2015,2015_06_13,30,2581056761
05kmAL,2015,2015_06_14,29,2489613917
05kmAL,2015,2015_06_15,29,2500745833
05kmAL,2015,2015_06_16,29,2489450074
05kmAL,2015,2015_06_17,29,2499861145
05kmAL,2015,2015_06_18,14,1204405759
05kmAL,2015,2015_06_29,6,516244110
05kmAL,2015,2015_06_30,29,2489286192
05kmAL,2015,2015_07_01,29,2499549798
05kmAL,2015,2015_07_02,29,2487942698
05kmAL,2015,2015_07_03,29,2500106829
05kmAL,2015,2015_07_04,29,2488811070
05kmAL,2015,2015_07_05,29,2500581999
05kmAL,2015,2015_07_06,29,2489450030
05kmAL,2015,2015_07_07,29,2500581996
05kmAL,2015,2015_07_08,30,2580581561
05kmAL,2015,2015_07_09,29,2414319322
05kmAL,2015,2015_07_10,29,2500270654
05kmAL,2015,2015_07_11,29,2489450040
05kmAL,2015,2015_07_12,29,2500581989
05kmAL,2015,2015_07_13,29,2486285492
05kmAL,2015,2015_07_14,29,2500581916
05kmAL,2015,2015_07_15,30,2581056666
05kmAL,2015,2015_07_16,29,2488614421
05kmAL,2015,2015_07_17,29,2500581975
05kmAL,2015,2015_07_18,29,2489450006
05kmAL,2015,2015_07_19,29,2500581974
05kmAL,2015,2015_07_20,29,2488974844
05kmAL,2015,2015_07_21,29,2499353180
05kmAL,2015,2015_07_22,28,2408975339
05kmAL,2015,2015_07_23,17,1456961817
05kmAL,2015,2015_07_24,29,2500581966
05kmAL,2015,2015_07_25,29,2489450025
05kmAL,2015,2015_07_26,29,2500581966
05kmAL,2015,2015_07_27,29,2489449998
05kmAL,2015,2015_07_28,29,2499353164
05kmAL,2015,2015_07_29,29,2488008183
05kmAL,2015,2015_07_30,29,2431370698
05kmAL,2015,2015_07_31,30,2581220518
05kmAL,2015,2015_08_01,29,2489450025
05kmAL,2015,2015_08_02,29,2500581980
05kmAL,2015,2015_08_03,29,2489286151
05kmAL,2015,2015_08_04,29,2500106850
05kmAL,2015,2015_08_05,29,2488663618
05kmAL,2015,2015_08_06,29,2500418131
05kmAL,2015,2015_08_07,29,2487942667
05kmAL,2015,2015_08_08,30,2581384316
05kmAL,2015,2015_08_09,29,2500909650
05kmAL,2015,2015_08_10,29,2490269216
05kmAL,2015,2015_08_11,29,2501073494
05kmAL,2015,2015_08_12,29,2490269210
05kmAL,2015,2015_08_13,29,2499549764
05kmAL,2015,2015_08_14,29,2489679358
05kmAL,2015,2015_08_15,29,2501548603
05kmAL,2015,2015_08_16,30,2580333374
05kmAL,2015,2015_08_17,29,2491416062
05kmAL,2015,2015_08_18,29,2502711902
05kmAL,2015,2015_08_19,29,2491579941
05kmAL,2015,2015_08_20,29,2503039580
05kmAL,2015,2015_08_21,29,2491579907
05kmAL,2015,2015_08_22,29,2484069916
05kmAL,2015,2015_08_23,30,2582793401
05kmAL,2015,2015_08_24,29,2491743789
05kmAL,2015,2015_08_25,29,2503039547
05kmAL,2015,2015_08_26,29,2491743746
05kmAL,2015,2015_08_27,29,2503039548
05kmAL,2015,2015_08_28,29,2491743761
05kmAL,2015,2015_08_29,29,2502400574
05kmAL,2015,2015_08_30,29,2490138129
05kmAL,2015,2015_08_31,29,2503039591
05kmAL,2015,2015_09_01,30,2578137937
05kmAL,2015,2015_09_02,29,2491907611
05kmAL,2015,2015_09_03,29,2503039542
05kmAL,2015,2015_09_04,29,2491743806
05kmAL,2015,2015_09_05,29,2502548062
05kmAL,2015,2015_09_06,29,2490367526
05kmAL,2015,2015_09_07,29,2501565043
05kmAL,2015,2015_09_08,30,2566742590
05kmAL,2015,2015_09_09,29,2489941626
05kmAL,2015,2015_09_10,29,2445586627
05kmAL,2015,2015_09_11,29,2480577810
05kmAL,2015,2015_09_12,29,2475002398
05kmAL,2015,2015_09_13,29,2488090139
05kmAL,2015,2015_09_14,29,2500745788
05kmAL,2015,2015_09_15,29,2488729083
05kmAL,2015,2015_09_16,29,2500909656
05kmAL,2015,2015_09_17,30,2576895122
05kmAL,2015,2015_09_18,19,1586181572
05kmAL,2015,2015_09_19,29,2500745792
05kmAL,2015,2015_09_20,29,2488892968
05kmAL,2015,2015_09_21,29,2500352568
05kmAL,2015,2015_09_22,29,2489450003
05kmAL,2015,2015_09_23,28,2420041711
05kmAL,2015,2015_09_24,30,2579514179
05kmAL,2015,2015_09_25,29,2488892940
05kmAL,2015,2015_09_26,29,2500352606
05kmAL,2015,2015_09_27,29,2470925178
05kmAL,2015,2015_09_28,29,2455541267
05kmAL,2015,2015_09_29,29,2220505612
05kmAL,2015,2015_09_30,7,531442140
05kmAL,2015,2015_10_01,7,596047046
05kmAL,2015,2015_10_02,29,2490072572
05kmAL,2015,2015_10_03,29,2500991590
05kmAL,2015,2015_10_04,29,2489119896
05kmAL,2015,2015_10_05,29,2502875734
05kmAL,2015,2015_10_06,29,2490596889
05kmAL,2015,2015_10_07,28,2421450739
05kmAL,2015,2015_10_08,29,2491285014
05kmAL,2015,2015_10_09,29,2427040541
05kmAL,2015,2015_10_10,30,2575808921
05kmAL,2015,2015_10_11,29,2490727932
05kmAL,2015,2015_10_12,29,2459604514
05kmAL,2015,2015_10_13,29,2228689899
05kmAL,2015,2015_10_14,29,2502318665
05kmAL,2015,2015_10_15,29,2489531900
05kmAL,2015,2015_10_16,29,2502875733
05kmAL,2015,2015_10_17,30,2571905893
05kmAL,2015,2015_10_18,29,2490727911
05kmAL,2015,2015_10_19,29,2502318691
05kmAL,2015,2015_10_20,29,2490727935
05kmAL,2015,2015_10_21,28,2421237755
05kmAL,2015,2015_10_22,29,2488352271
05kmAL,2015,2015_10_23,29,2501073488
05kmAL,2015,2015_10_24,29,2487579860
05kmAL,2015,2015_10_25,29,2499271272
05kmAL,2015,2015_10_26,30,2575879351
05kmAL,2015,2015_10_27,29,2484436505
05kmAL,2015,2015_10_28,25,2153994443
05kmAL,2015,2015_11_03,9,765062196
05kmAL,2015,2015_11_04,28,2417174522
05kmAL,2015,2015_11_05,29,2434426581
05kmAL,2015,2015_11_06,29,2493864538
05kmAL,2015,2015_11_07,29,2474336731
05kmAL,2015,2015_11_08,29,2495961681
05kmAL,2015,2015_11_09,29,2483879466
05kmAL,2015,2015_11_10,29,2494995040
05kmAL,2015,2015_11_11,30,2573618341
05kmAL,2015,2015_11_12,29,2482142729
05kmAL,2015,2015_11_13,29,2496109154
05kmAL,2015,2015_11_14,29,2472993223
05kmAL,2015,2015_11_15,25,2152667291
05kmAL,2015,2015_11_16,22,1881384969
05kmAL,2015,2015_11_17,18,1548240767
05kmAL,2015,2015_11_18,29,2498042422
05kmAL,2015,2015_11_19,29,2486828581
05kmAL,2015,2015_11_20,29,2499533406
05kmAL,2015,2015_11_21,26,2237090547
05kmAL,2015,2015_11_23,29,2450948912
05kmAL,2015,2015_11_24,29,2502744647
05kmAL,2015,2015_11_25,28,2409860043
05kmAL,2015,2015_11_26,30,2582629562
05kmAL,2015,2015_11_27,29,2445189632
05kmAL,2015,2015_11_28,29,2490727945
05kmAL,2015,2015_11_29,29,2502023731
05kmAL,2015,2015_11_30,29,2491153963
05kmAL,2015,2015_12_01,29,2502318655
05kmAL,2015,2015_12_02,28,2410974120
05kmAL,2015,2015_12_03,29,2502744633
05kmAL,2015,2015_12_04,30,2581859490
05kmAL,2015,2015_12_05,29,2490727919
05kmAL,2015,2015_12_06,29,2502318637
05kmAL,2015,2015_12_07,29,2490727938
05kmAL,2015,2015_12_08,29,2502023755
05kmAL,2015,2015_12_09,29,2477992736
05kmAL,2015,2015_12_10,27,2330106184
05kmAL,2015,2015_12_11,3,200512184
05kmAL,2015,2015_12_12,27,2330106218
05kmAL,2015,2015_12_14,1,79753801
05kmAL,2015,2015_12_15,23,1986238407
05kmAL,2015,2015_12_16,28,2368377091
05kmAL,2015,2015_12_17,29,2409989134
05kmAL,2015,2015_12_18,29,2489908763
05kmAL,2015,2015_12_19,29,2497466593
05kmAL,2015,2015_12_20,29,2484532424
05kmAL,2015,2015_12_21,28,2409532333
05kmAL,2015,2015_12_22,18,1476405702
05kmAL,2015,2015_12_23,29,2489679372
05kmAL,2015,2015_12_24,29,2501139039
05kmAL,2015,2015_12_25,29,2449901634
05kmAL,2015,2015_12_26,29,2499170563
05kmAL,2015,2015_12_27,29,2487926303
05kmAL,2015,2015_12_28,30,2574185682
05kmAL,2015,2015_12_29,29,2428274158
05kmAL,2015,2015_12_30,29,2488892950
05kmAL,2015,2015_12_31,29,2500106848
05kmAL,2016,2016_01_01,29,2489450035
05kmAL,2016,2016_01_02,29,2489497878
05kmAL,2016,2016_01_03,29,2489286113
05kmAL,2016,2016_01_04,29,2452737182
05kmAL,2016,2016_01_05,30,2564003984
05kmAL,2016,2016_01_06,29,2487729669
05kmAL,2016,2016_01_07,29,2463968776
05kmAL,2016,2016_01_08,27,2316647731
05kmAL,2016,2016_01_09,29,2477609883
05kmAL,2016,2016_01_10,29,2487778837
05kmAL,2016,2016_01_11,29,2500745810
05kmAL,2016,2016_01_12,29,2449524842
05kmAL,2016,2016_01_13,29,2500745775
05kmAL,2016,2016_01_14,29,2500581963
05kmAL,2016,2016_01_15,29,2489286143
05kmAL,2016,2016_01_16,29,2500188756
05kmAL,2016,2016_01_17,29,2489122345
05kmAL,2016,2016_01_18,29,2499254857
05kmAL,2016,2016_01_19,29,2488647181
05kmAL,2016,2016_01_20,29,2424156917
05kmAL,2016,2016_01_21,30,2579942515
05kmAL,2016,2016_01_22,29,2489286147
05kmAL,2016,2016_01_23,29,2499320435
05kmAL,2016,2016_01_24,29,2489941518
05kmAL,2016,2016_01_25,29,2500745803
05kmAL,2016,2016_01_26,29,2489613868
05kmAL,2016,2016_01_27,26,2248681274
05kmAL,2016,2016_03_14,7,597210302
05kmAL,2016,2016_03_15,29,2502875677
05kmAL,2016,2016_03_16,29,2432501197
05kmAL,2016,2016_03_17,29,2503039587
05kmAL,2016,2016_03_18,30,2582793360
05kmAL,2016,2016_03_19,29,2491743756
05kmAL,2016,2016_03_20,29,2503203410
05kmAL,2016,2016_03_21,29,2490449444
05kmAL,2016,2016_03_22,29,2503203446
05kmAL,2016,2016_03_23,29,2491743745
05kmAL,2016,2016_03_24,29,2502236773
05kmAL,2016,2016_03_25,29,2481349073
05kmAL,2016,2016_03_26,29,2503039588
05kmAL,2016,2016_03_27,30,2583350392
05kmAL,2016,2016_03_28,29,2491743748
05kmAL,2016,2016_03_29,29,2503039607
05kmAL,2016,2016_03_30,28,2411105242
05kmAL,2016,2016_03_31,29,2503039594
05kmAL,2016,2016_04_01,29,2490728009
05kmAL,2016,2016_04_02,29,2503039615
05kmAL,2016,2016_04_03,30,2582875343
05kmAL,2016,2016_04_04,29,2491743827
05kmAL,2016,2016_04_05,29,2503039617
05kmAL,2016,2016_04_06,24,2060976324
05kmAL,2016,2016_04_07,18,1550043026
05kmAL,2016,2016_04_08,29,2491743762
05kmAL,2016,2016_04_09,29,2503039571
05kmAL,2016,2016_04_10,29,2489728551
05kmAL,2016,2016_04_11,29,2499449017
05kmAL,2016,2016_04_12,30,2576955877
05kmAL,2016,2016_04_13,28,2387955296
05kmAL,2016,2016_04_14,29,2502875734
05kmAL,2016,2016_04_15,29,2491907596
05kmAL,2016,2016_04_16,29,2503039587
05kmAL,2016,2016_04_17,29,2491579929
05kmAL,2016,2016_04_18,29,2503039583
05kmAL,2016,2016_04_19,29,2491907609
05kmAL,2016,2016_04_20,30,2583678136
05kmAL,2016,2016_04_21,29,2503203397
05kmAL,2016,2016_04_22,29,2490826277
05kmAL,2016,2016_04_23,29,2502875685
05kmAL,2016,2016_04_24,29,2491743764
05kmAL,2016,2016_04_25,29,2503039543
05kmAL,2016,2016_04_26,29,2491022873
05kmAL,2016,2016_04_27,28,2422728690
05kmAL,2016,2016_04_28,30,2583350421
05kmAL,2016,2016_04_29,27,2319334740
05kmAL,2016,2016_04_30,29,2503203431
05kmAL,2016,2016_05_01,29,2491416116
05kmAL,2016,2016_05_02,27,2330794373
05kmAL,2016,2016_05_03,19,1630517741
05kmAL,2016,2016_05_04,29,2503039560
05kmAL,2016,2016_05_05,29,2490940951
05kmAL,2016,2016_05_06,30,2583514243
05kmAL,2016,2016_05_07,29,2503039561
05kmAL,2016,2016_05_08,29,2491743788
05kmAL,2016,2016_05_09,29,2503039570
05kmAL,2016,2016_05_10,29,2491743748
05kmAL,2016,2016_05_11,28,2422564862
05kmAL,2016,2016_05_12,29,2438142127
05kmAL,2016,2016_05_13,29,2503039565
05kmAL,2016,2016_05_14,30,2583186620
05kmAL,2016,2016_05_15,29,2491579916
05kmAL,2016,2016_05_16,29,2502384201
05kmAL,2016,2016_05_17,29,2480073530
05kmAL,2016,2016_05_18,29,2501892659
05kmAL,2016,2016_05_19,29,2488811020
05kmAL,2016,2016_05_20,29,2501728817
05kmAL,2016,2016_05_21,29,2490072588
05kmAL,2016,2016_05_22,30,2581875869
05kmAL,2016,2016_05_23,29,2500975177
05kmAL,2016,2016_05_24,29,2488827396
05kmAL,2016,2016_05_25,28,2421090307
05kmAL,2016,2016_05_26,29,2489941517
05kmAL,2016,2016_05_27,29,2489613874
05kmAL,2016,2016_05_28,24,2065795602
05kmAL,2016,2016_05_29,18,1547421590
05kmAL,2016,2016_05_30,30,2579549329
05kmAL,2016,2016_05_31,29,2489138736
05kmAL,2016,2016_06_01,29,2493433775
05kmAL,2016,2016_06_02,29,2488499790
05kmAL,2016,2016_06_03,29,2493911296
05kmAL,2016,2016_06_04,29,2362458117
05kmAL,2016,2016_06_05,29,2455655941
05kmAL,2016,2016_06_06,29,2488663608
05kmAL,2016,2016_06_07,30,2579385533
05kmAL,2016,2016_06_08,28,2420107274
05kmAL,2016,2016_06_09,29,2480122741
05kmAL,2016,2016_06_10,29,2500582045
05kmAL,2016,2016_06_11,29,2489138784
05kmAL,2016,2016_06_12,29,2500582003
05kmAL,2016,2016_06_13,29,2487416033
05kmAL,2016,2016_06_14,29,2499779161
05kmAL,2016,2016_06_15,30,2581056724
05kmAL,2016,2016_06_16,29,2480483166
05kmAL,2016,2016_06_17,29,2500582002
05kmAL,2016,2016_06_18,29,2488974916
05kmAL,2016,2016_06_19,29,2499746434
05kmAL,2016,2016_06_20,29,2483809160
05kmAL,2016,2016_06_21,29,2497089793
05kmAL,2016,2016_06_22,25,2156107996
05kmAL,2016,2016_06_23,27,2317204860
05kmAL,2016,2016_06_24,29,2365671852
05kmAL,2016,2016_06_25,29,2489138781
05kmAL,2016,2016_06_26,29,2436046307
05kmAL,2016,2016_06_27,29,2478005530
05kmAL,2016,2016_06_28,29,2491153973
05kmAL,2016,2016_06_29,29,2488974907
05kmAL,2016,2016_06_30,29,2496844010
05kmAL,2016,2016_07_01,30,2507681530
05kmAL,2016,2016_07_02,29,2488811057
05kmAL,2016,2016_07_03,29,2493482870
05kmAL,2016,2016_07_04,29,2488811105
05kmAL,2016,2016_07_05,26,2194657307
05kmAL,2016,2016_07_06,24,2057942868
05kmAL,2016,2016_07_07,18,1548093365
05kmAL,2016,2016_07_08,29,2434309557
05kmAL,2016,2016_07_09,20,1720649819
05kmAL,2016,2016_07_10,12,1032488207
05kmAL,2016,2016_07_11,29,2489138697
05kmAL,2016,2016_07_12,29,2494615810
05kmAL,2016,2016_07_13,28,2408188885
05kmAL,2016,2016_07_14,29,2500581994
05kmAL,2016,2016_07_15,29,2489286179
05kmAL,2016,2016_07_16,29,2500581972
05kmAL,2016,2016_07_17,30,2581056698
05kmAL,2016,2016_07_18,29,2489449979
05kmAL,2016,2016_07_19,29,2500581959
05kmAL,2016,2016_07_20,29,2489449994
05kmAL,2016,2016_07_21,29,2500581947
05kmAL,2016,2016_07_22,29,2413549256
05kmAL,2016,2016_07_23,29,2500418122
05kmAL,2016,2016_07_24,29,2489613874
05kmAL,2016,2016_07_25,30,2552626261
05kmAL,2016,2016_07_26,29,2500106824
05kmAL,2016,2016_07_27,28,2399811810
05kmAL,2016,2016_07_28,29,2500581932
05kmAL,2016,2016_07_29,29,2476708713
05kmAL,2016,2016_07_30,29,2500581950
05kmAL,2016,2016_07_31,29,2487500264
05kmAL,2016,2016_08_01,29,2500581954
05kmAL,2016,2016_08_02,30,2581220520
05kmAL,2016,2016_08_03,29,2489449989
05kmAL,2016,2016_08_04,29,2500581991
05kmAL,2016,2016_08_05,29,2489450015
05kmAL,2016,2016_08_06,29,2500581971
05kmAL,2016,2016_08_07,29,2489450006
05kmAL,2016,2016_08_08,29,2500745830
05kmAL,2016,2016_08_09,29,2488925716
05kmAL,2016,2016_08_10,26,2248681242
05kmAL,2016,2016_08_11,2,133285389
05kmAL,2016,2016_08_12,29,2481367851
05kmAL,2016,2016_08_13,29,2448488915
05kmAL,2016,2016_08_14,27,2318351666
05kmAL,2016,2016_08_15,29,2502056474
05kmAL,2016,2016_08_16,29,2490285594
05kmAL,2016,2016_08_17,29,2502384171
05kmAL,2016,2016_08_18,30,2582629532
05kmAL,2016,2016_08_19,29,2491579939
05kmAL,2016,2016_08_20,29,2503039565
05kmAL,2016,2016_08_21,29,2491743733
05kmAL,2016,2016_08_22,29,2503203370
05kmAL,2016,2016_08_23,29,2491743774
05kmAL,2016,2016_08_24,28,2422728702
05kmAL,2016,2016_08_25,30,2582711476
05kmAL,2016,2016_08_26,29,2491104781
05kmAL,2016,2016_08_27,29,2503039577
05kmAL,2016,2016_08_28,29,2491743764
05kmAL,2016,2016_08_29,29,2503039566
05kmAL,2016,2016_08_30,29,2484069936
05kmAL,2016,2016_08_31,29,2464626513
05kmAL,2016,2016_09_01,29,2491022872
05kmAL,2016,2016_09_02,29,2503039538
05kmAL,2016,2016_09_03,30,2576333291
05kmAL,2016,2016_09_04,29,2488598070
05kmAL,2016,2016_09_05,29,2502711928
05kmAL,2016,2016_09_06,29,2490531400
05kmAL,2016,2016_09_07,28,2421745728
05kmAL,2016,2016_09_08,29,2489548392
05kmAL,2016,2016_09_09,29,2500844165
05kmAL,2016,2016_09_10,30,2581384361
05kmAL,2016,2016_09_11,29,2488729174
05kmAL,2016,2016_09_12,29,2500352611
05kmAL,2016,2016_09_13,29,2488892945
05kmAL,2016,2016_09_14,29,2492893019
05kmAL,2016,2016_09_15,28,2339145127
05kmAL,2016,2016_09_16,29,2470265001
05kmAL,2016,2016_09_17,29,2488008193
05kmAL,2016,2016_09_18,30,2580663465
05kmAL,2016,2016_09_19,29,2500352567
05kmAL,2016,2016_09_20,29,2488892941
05kmAL,2016,2016_09_21,28,2420041740
05kmAL,2016,2016_09_22,29,2486222368
05kmAL,2016,2016_09_23,29,2446666606
05kmAL,2016,2016_09_24,29,2488729094
05kmAL,2016,2016_09_25,29,2500188762
05kmAL,2016,2016_09_26,30,2578828430
05kmAL,2016,2016_09_27,29,2489024010
05kmAL,2016,2016_09_28,29,2500614740
05kmAL,2016,2016_09_29,29,2489417226
05kmAL,2016,2016_09_30,29,2500368959
05kmAL,2016,2016_10_01,29,2489384443
05kmAL,2016,2016_10_02,29,2502220396
05kmAL,2016,2016_10_03,28,2410286020
05kmAL,2016,2016_10_06,7,596948173
05kmAL,2016,2016_10_07,17,1337427014
05kmAL,2016,2016_10_08,29,2490596864
05kmAL,2016,2016_10_09,29,2502318692
05kmAL,2016,2016_10_10,29,2490596861
05kmAL,2016,2016_10_11,29,2502318664
05kmAL,2016,2016_10_12,30,2581941371
05kmAL,2016,2016_10_13,29,2483579725
05kmAL,2016,2016_10_14,29,2416009299
05kmAL,2016,2016_10_15,29,2491285016
05kmAL,2016,2016_10_16,29,2502318662
05kmAL,2016,2016_10_17,29,2491153919
05kmAL,2016,2016_10_18,29,2502744659
05kmAL,2016,2016_10_19,29,2501466711
05kmAL,2016,2016_10_20,29,2490727928
05kmAL,2016,2016_10_21,29,2502875704
05kmAL,2016,2016_10_22,29,2489400844
05kmAL,2016,2016_10_23,29,2501761640
05kmAL,2016,2016_10_24,29,2488483393
05kmAL,2016,2016_10_25,29,2499533429
05kmAL,2016,2016_10_26,29,2486812217
05kmAL,2016,2016_10_27,29,2495584884
05kmAL,2016,2016_10_28,30,2578042051
05kmAL,2016,2016_10_29,29,2484600368
05kmAL,2016,2016_10_30,29,2489649015
05kmAL,2016,2016_10_31,27,2256231629
05kmAL,2016,2016_11_01,25,2152241332
05kmAL,2016,2016_11_02,1,79753799
05kmAL,2016,2016_11_03,23,1975403797
05kmAL,2016,2016_11_04,20,1716979822
05kmAL,2016,2016_11_05,29,2484518411
05kmAL,2016,2016_11_06,27,2325010847
05kmAL,2016,2016_11_07,3,251409190
05kmAL,2016,2016_11_08,29,2496748112
05kmAL,2016,2016_11_09,28,2405272524
05kmAL,2016,2016_11_10,29,2496748114
05kmAL,2016,2016_11_11,29,2485157402
05kmAL,2016,2016_11_12,30,2576977020
05kmAL,2016,2016_11_13,29,2497174074
05kmAL,2016,2016_11_14,29,2463698701
05kmAL,2016,2016_11_15,29,2498124407
05kmAL,2016,2016_11_16,29,2486697477
05kmAL,2016,2016_11_17,23,1982765021
05kmAL,2016,2016_11_18,3,252523292
05kmAL,2016,2016_11_19,29,2497927776
05kmAL,2016,2016_11_20,30,2580270238
05kmAL,2016,2016_11_21,29,2490727944
05kmAL,2016,2016_11_22,18,1549223852
05kmAL,2016,2016_11_25,12,946176388
05kmAL,2016,2016_11_26,29,2500975192
05kmAL,2016,2016_11_27,29,2491285037
05kmAL,2016,2016_11_28,23,1986107341
05kmAL,2016,2016_11_29,26,2237991650
05kmAL,2016,2016_11_30,28,2410974120
05kmAL,2016,2016_12_01,27,2318384483
05kmAL,2016,2016_12_02,24,2066418206
05kmAL,2016,2016_12_04,3,252523304
05kmAL,2016,2016_12_05,29,2502875701
05kmAL,2016,2016_12_06,30,2581990578
05kmAL,2016,2016_12_07,29,2491284977
05kmAL,2016,2016_12_08,29,2502187608
05kmAL,2016,2016_12_09,29,2490727937
05kmAL,2016,2016_12_10,29,2502744628
05kmAL,2016,2016_12_11,29,2491153945
05kmAL,2016,2016_12_12,29,2499956974
05kmAL,2016,2016_12_13,29,2490596897
05kmAL,2016,2016_12_14,22,1905796451
05kmAL,2016,2016_12_16,27,2318810430
05kmAL,2016,2016_12_17,29,2501532244
05kmAL,2016,2016_12_18,29,2489810475
05kmAL,2016,2016_12_19,29,2498171117
05kmAL,2016,2016_12_20,29,2489990627
05kmAL,2016,2016_12_21,29,2487646492
05kmAL,2016,2016_12_22,24,2065205780
05kmAL,2016,2016_12_23,11,921516318
05kmAL,2016,2016_12_24,25,2145549445
05kmAL,2016,2016_12_25,19,1628486100
05kmAL,2016,2016_12_26,25,2145287277
05kmAL,2016,2016_12_27,22,1661074328
05kmAL,2016,2016_12_28,29,2476249955
05kmAL,2016,2016_12_29,29,2486795779
05kmAL,2016,2016_12_30,23,1983862744
05kmAL,2017,2017_01_01,28,2359899287
05kmAL,2017,2017_01_02,29,2450768711
05kmAL,2017,2017_01_03,29,2489286176
05kmAL,2017,2017_01_04,29,2478546145
05kmAL,2017,2017_01_05,26,2235861694
05kmAL,2017,2017_01_06,12,1014944011
05kmAL,2017,2017_01_07,30,2515632566
05kmAL,2017,2017_01_08,29,2489286160
05kmAL,2017,2017_01_09,29,2477481186
05kmAL,2017,2017_01_10,29,2489122293
05kmAL,2017,2017_01_11,26,2236893931
05kmAL,2017,2017_01_12,29,2489286162
05kmAL,2017,2017_01_13,29,2500745835
05kmAL,2017,2017_01_14,26,2236893955
05kmAL,2017,2017_01_15,5,424473594
05kmAL,2017,2017_01_16,23,1984501712
05kmAL,2017,2017_01_17,3,252392232
05kmAL,2017,2017_01_18,29,2500106818
05kmAL,2017,2017_01_19,29,2488892949
05kmAL,2017,2017_01_20,29,2443930514
05kmAL,2017,2017_01_21,29,2489056769
05kmAL,2017,2017_01_22,29,2501237339
05kmAL,2017,2017_01_23,30,2581548223
05kmAL,2017,2017_01_24,29,2489941529
05kmAL,2017,2017_01_25,28,2419484658
05kmAL,2017,2017_01_26,29,2489384446
05kmAL,2017,2017_01_27,29,2501007949
05kmAL,2017,2017_01_28,29,2490105373
05kmAL,2017,2017_01_29,29,2421154995
05kmAL,2017,2017_01_30,29,2490596889
05kmAL,2017,2017_01_31,29,2499219691
05kmAL,2017,2017_02_01,29,2475840387
05kmAL,2017,2017_02_02,29,2487973006
05kmAL,2017,2017_02_03,29,2501909067
05kmAL,2017,2017_02_04,29,2490039836
05kmAL,2017,2017_02_05,29,2502072912
05kmAL,2017,2017_02_06,29,2491416088
05kmAL,2017,2017_02_07,29,2498564360
05kmAL,2017,2017_02_08,29,2502548046
05kmAL,2017,2017_02_09,29,2491088436
05kmAL,2017,2017_02_10,29,2502384190
05kmAL,2017,2017_02_11,29,2415743408
05kmAL,2017,2017_02_12,29,2503039619
05kmAL,2017,2017_02_13,29,2489892423
05kmAL,2017,2017_02_14,29,2500827780
05kmAL,2017,2017_02_15,29,2491579948
05kmAL,2017,2017_02_16,29,2502875791
05kmAL,2017,2017_02_17,30,2507023732
05kmAL,2017,2017_02_18,29,2491743782
05kmAL,2017,2017_02_19,29,2399657457
05kmAL,2017,2017_02_20,26,2130429372
05kmAL,2017,2017_02_21,2,119300198
05kmAL,2017,2017_02_22,23,1980056818
05kmAL,2017,2017_02_23,16,1377797813
05kmAL,2017,2017_02_24,30,2583514299
05kmAL,2017,2017_02_25,29,2491743746
05kmAL,2017,2017_02_26,29,2493990792
05kmAL,2017,2017_02_27,29,2489302508
05kmAL,2017,2017_02_28,29,2455473355
05kmAL,2017,2017_03_01,28,2357472058
05kmAL,2017,2017_03_02,29,2503039579
05kmAL,2017,2017_03_03,29,2491743785
05kmAL,2017,2017_03_04,29,2503039561
05kmAL,2017,2017_03_05,30,2583350423
05kmAL,2017,2017_03_06,29,2491743740
05kmAL,2017,2017_03_07,29,2458965584
05kmAL,2017,2017_03_08,27,2330155338
05kmAL,2017,2017_03_09,29,2503039542
05kmAL,2017,2017_03_10,29,2491579940
05kmAL,2017,2017_03_11,29,2502154798
05kmAL,2017,2017_03_12,29,2491104817
05kmAL,2017,2017_03_13,30,2583514215
05kmAL,2017,2017_03_14,29,2503039546
05kmAL,2017,2017_03_15,29,2481695527
05kmAL,2017,2017_03_16,29,2470197045
05kmAL,2017,2017_03_17,29,2431256012
05kmAL,2017,2017_03_18,29,2502318685
05kmAL,2017,2017_03_19,29,2465836494
05kmAL,2017,2017_03_20,29,2503039560
05kmAL,2017,2017_03_21,30,2583350441
05kmAL,2017,2017_03_22,28,2411269045
05kmAL,2017,2017_03_23,29,2455211200
05kmAL,2017,2017_03_24,25,2147253355
05kmAL,2017,2017_03_25,25,2158549178
05kmAL,2017,2017_03_26,3,252556077
05kmAL,2017,2017_03_27,29,2503203413
05kmAL,2017,2017_03_28,29,2490859024
05kmAL,2017,2017_03_29,29,2503039526
05kmAL,2017,2017_03_30,30,2582514856
05kmAL,2017,2017_03_31,29,2487268508
05kmAL,2017,2017_04_01,29,2502236771
05kmAL,2017,2017_04_02,29,2416222277
05kmAL,2017,2017_04_03,29,2503039625
05kmAL,2017,2017_04_06,8,661350874
05kmAL,2017,2017_04_07,29,2487760061
05kmAL,2017,2017_04_08,29,2502875744
05kmAL,2017,2017_04_09,29,2491743733
05kmAL,2017,2017_04_10,29,2503039573
05kmAL,2017,2017_04_11,29,2491743767
05kmAL,2017,2017_04_12,27,2330958188
05kmAL,2017,2017_04_14,29,2459818712
05kmAL,2017,2017_04_15,30,2582596782
05kmAL,2017,2017_04_16,29,2491743779
05kmAL,2017,2017_04_17,29,2489971892
05kmAL,2017,2017_04_18,29,2485073087
05kmAL,2017,2017_04_19,28,2422564841
05kmAL,2017,2017_04_20,29,2491416090
05kmAL,2017,2017_04_21,29,2494220180
05kmAL,2017,2017_04_22,29,2484876454
05kmAL,2017,2017_04_23,30,2583514268
05kmAL,2017,2017_04_24,29,2502285891
05kmAL,2017,2017_04_25,29,2421932401
05kmAL,2017,2017_04_26,29,2503039566
05kmAL,2017,2017_04_27,29,2491579888
05kmAL,2017,2017_04_28,29,2503039577
05kmAL,2017,2017_04_29,29,2490777090
05kmAL,2017,2017_04_30,29,2477541896
05kmAL,2017,2017_05_01,30,2583514265
05kmAL,2017,2017_05_02,29,2491743757
05kmAL,2017,2017_05_03,28,2422728693
05kmAL,2017,2017_05_04,29,2491579917
05kmAL,2017,2017_05_05,29,2502400576
05kmAL,2017,2017_05_06,29,2491743750
05kmAL,2017,2017_05_07,29,2503203402
05kmAL,2017,2017_05_08,29,2490727958
05kmAL,2017,2017_05_09,30,2583514217
05kmAL,2017,2017_05_10,29,2503203403
05kmAL,2017,2017_05_11,29,2490613284
05kmAL,2017,2017_05_12,29,2420432996
05kmAL,2017,2017_05_13,29,2491416108
05kmAL,2017,2017_05_14,29,2501237314
05kmAL,2017,2017_05_15,29,2489974294
05kmAL,2017,2017_05_16,29,2476550966
05kmAL,2017,2017_05_17,29,2482615449
05kmAL,2017,2017_05_18,29,2470991957
05kmAL,2017,2017_05_19,29,2414895173
05kmAL,2017,2017_05_20,29,2472518120
05kmAL,2017,2017_05_21,29,2502711870
05kmAL,2017,2017_05_22,29,2488663592
05kmAL,2017,2017_05_23,28,2420500463
05kmAL,2017,2017_05_24,29,2488729131
05kmAL,2017,2017_05_25,30,2582203551
05kmAL,2017,2017_05_26,29,2500581918
05kmAL,2017,2017_05_27,29,2490105385
05kmAL,2017,2017_05_28,25,2156583087
05kmAL,2017,2017_05_29,3,252392227
05kmAL,2017,2017_05_30,29,2500581957
05kmAL,2017,2017_05_31,29,2489450035
05kmAL,2017,2017_06_01,29,2495041756
05kmAL,2017,2017_06_02,30,2580745370
05kmAL,2017,2017_06_03,29,2488974845
05kmAL,2017,2017_06_04,29,2450817916
05kmAL,2017,2017_06_05,29,2316069069
05kmAL,2017,2017_06_06,29,2426566545
05kmAL,2017,2017_06_07,29,2480581493
05kmAL,2017,2017_06_08,28,2331007806
05kmAL,2017,2017_06_09,29,2488778310
05kmAL,2017,2017_06_10,30,2577714406
05kmAL,2017,2017_06_11,29,2499795632
05kmAL,2017,2017_06_12,29,2487697022
05kmAL,2017,2017_06_13,29,2500582023
05kmAL,2017,2017_06_14,29,2489450080
05kmAL,2017,2017_06_15,29,2500582058
05kmAL,2017,2017_06_16,29,2489122394
05kmAL,2017,2017_06_17,29,2500581992
05kmAL,2017,2017_06_18,30,2581056751
05kmAL,2017,2017_06_19,29,2489450063
05kmAL,2017,2017_06_20,29,2363766436
05kmAL,2017,2017_06_21,29,2428305874
05kmAL,2017,2017_06_22,29,2500745866
05kmAL,2017,2017_06_23,10,823531506
05kmAL,2017,2017_06_24,29,2500582029
05kmAL,2017,2017_06_25,29,2489286249
05kmAL,2017,2017_06_26,30,2575991656
05kmAL,2017,2017_06_27,29,2500106850
05kmAL,2017,2017_06_28,29,2488811053
05kmAL,2017,2017_06_29,29,2500581999
05kmAL,2017,2017_06_30,29,2489450043
05kmAL,2017,2017_07_01,29,2500582002
05kmAL,2017,2017_07_02,29,2489450039
05kmAL,2017,2017_07_03,29,2500745799
05kmAL,2017,2017_07_04,30,2578222237
05kmAL,2017,2017_07_05,29,2489138746
05kmAL,2017,2017_07_06,29,2499467898
05kmAL,2017,2017_07_07,29,2406220844
05kmAL,2017,2017_07_08,29,2497894983
05kmAL,2017,2017_07_09,7,479267171
05kmAL,2017,2017_07_10,29,2500745825
05kmAL,2017,2017_07_11,27,2237611556
05kmAL,2017,2017_07_12,30,2581056644
05kmAL,2017,2017_07_13,29,2500106812
05kmAL,2017,2017_07_14,11,866225980
05kmAL,2017,2017_08_05,11,899658315
05kmAL,2017,2017_08_06,29,2489450015
05kmAL,2017,2017_08_07,29,2419975335
05kmAL,2017,2017_08_08,29,2489138702
05kmAL,2017,2017_08_09,29,2500581941
05kmAL,2017,2017_08_10,29,2489613842
05kmAL,2017,2017_08_11,29,2501073480
05kmAL,2017,2017_08_12,29,2489548313
05kmAL,2017,2017_08_13,30,2582039731
05kmAL,2017,2017_08_14,29,2501728850
05kmAL,2017,2017_08_15,29,2490596903
05kmAL,2017,2017_08_16,29,2502220379
05kmAL,2017,2017_08_17,29,2491416110
05kmAL,2017,2017_08_18,29,2502875692
05kmAL,2017,2017_08_19,29,2490383877
05kmAL,2017,2017_08_20,29,2497974486
05kmAL,2017,2017_08_21,30,2531208241
05kmAL,2017,2017_08_22,29,2490727948
05kmAL,2017,2017_08_23,29,2503039569
05kmAL,2017,2017_08_24,19,1628993998
05kmAL,2017,2017_08_25,29,2503039552
05kmAL,2017,2017_08_26,29,2491907601
05kmAL,2017,2017_08_27,29,2503039591
05kmAL,2017,2017_08_28,30,2583514270
05kmAL,2017,2017_08_29,29,2491743714
05kmAL,2017,2017_08_30,29,2503039552
05kmAL,2017,2017_08_31,29,2490351096
05kmAL,2017,2017_09_01,29,2502400595
05kmAL,2017,2017_09_02,29,2491743765
05kmAL,2017,2017_09_03,29,2503039547
05kmAL,2017,2017_09_04,28,2411269144
05kmAL,2017,2017_09_15,6,516244108
05kmAL,2017,2017_09_16,29,2472370676
05kmAL,2017,2017_09_17,29,2500188754
05kmAL,2017,2017_09_18,14,1204012508
05kmAL,2017,2017_09_20,9,768636323
05kmAL,2017,2017_09_21,30,2580499616
05kmAL,2017,2017_09_22,29,2447242462
05kmAL,2017,2017_09_23,29,2488892917
05kmAL,2017,2017_09_24,29,2500352607
05kmAL,2017,2017_09_25,29,2489122361
05kmAL,2017,2017_09_26,29,2500909621
05kmAL,2017,2017_09_27,29,2489024003
05kmAL,2017,2017_09_28,29,2501171758
05kmAL,2017,2017_09_29,30,2581843123
05kmAL,2017,2017_09_30,29,2489417219
05kmAL,2017,2017_10_01,29,2501663300
05kmAL,2017,2017_10_02,29,2489679385
05kmAL,2017,2017_10_03,29,2502056512
05kmAL,2017,2017_10_04,29,2489744910
05kmAL,2017,2017_10_05,29,2502744624
05kmAL,2017,2017_10_06,29,2483104602
05kmAL,2017,2017_10_07,30,2582629541
05kmAL,2017,2017_10_08,29,2502318670
05kmAL,2017,2017_10_09,29,2490170893
05kmAL,2017,2017_10_10,29,2502318685
05kmAL,2017,2017_10_11,29,2489613833
05kmAL,2017,2017_10_12,29,2502875729
05kmAL,2017,2017_10_13,29,2490727927
05kmAL,2017,2017_10_14,29,2502318709
05kmAL,2017,2017_10_15,28,2410417088
05kmAL,2017,2017_10_16,3,250915252
05kmAL,2017,2017_10_17,27,2329467281
05kmAL,2017,2017_10_18,17,1458010384
05kmAL,2017,2017_10_19,29,2502744651
05kmAL,2017,2017_10_20,29,2489826866
05kmAL,2017,2017_10_21,29,2502187620
05kmAL,2017,2017_10_22,30,2583055487
05kmAL,2017,2017_10_23,29,2489876033
05kmAL,2017,2017_10_24,29,2491680685
05kmAL,2017,2017_10_25,29,2487811631
05kmAL,2017,2017_10_26,29,2499271295
05kmAL,2017,2017_10_27,29,2487680549
05kmAL,2017,2017_10_28,29,2497698431
05kmAL,2017,2017_10_29,29,2485632527
05kmAL,2017,2017_10_30,29,2498419303
05kmAL,2017,2017_10_31,30,2574254937
05kmAL,2017,2017_11_01,29,2485452233
05kmAL,2017,2017_11_02,29,2496191007
05kmAL,2017,2017_11_03,29,2484469272
05kmAL,2017,2017_11_04,29,2489763732
05kmAL,2017,2017_11_05,29,2408961725
05kmAL,2017,2017_11_06,29,2476184416
05kmAL,2017,2017_11_07,30,2576796810
05kmAL,2017,2017_11_08,29,2483977762
05kmAL,2017,2017_11_09,29,2475612113
05kmAL,2017,2017_11_10,29,2484305411
05kmAL,2017,2017_11_11,29,2413779766
05kmAL,2017,2017_11_12,29,2481697953
05kmAL,2017,2017_11_13,29,2479348963
05kmAL,2017,2017_11_14,29,2485122201
05kmAL,2017,2017_11_15,25,2130809269
05kmAL,2017,2017_11_16,28,2397630380
05kmAL,2017,2017_11_17,29,2487811626
05kmAL,2017,2017_11_18,29,2492662397
05kmAL,2017,2017_11_19,29,2489351695
05kmAL,2017,2017_11_20,29,2482579009
05kmAL,2017,2017_11_21,29,2482038342
05kmAL,2017,2017_11_22,29,2492007010
05kmAL,2017,2017_11_23,30,2574713637
05kmAL,2017,2017_11_24,27,2267014698
05kmAL,2017,2017_11_25,29,2483512895
05kmAL,2017,2017_11_26,29,2491285029
05kmAL,2017,2017_11_27,29,2452931414
05kmAL,2017,2017_11_28,29,2489581081
05kmAL,2017,2017_11_29,29,2446064068
05kmAL,2017,2017_11_30,29,2476561270
05kmAL,2017,2017_12_01,30,2532866525
05kmAL,2017,2017_12_02,29,2440307197
05kmAL,2017,2017_12_03,29,2489908741
05kmAL,2017,2017_12_04,29,2482169400
05kmAL,2017,2017_12_05,29,2485122214
05kmAL,2017,2017_12_06,29,2469609668
05kmAL,2017,2017_12_07,29,2490433030
05kmAL,2017,2017_12_08,29,2441944464
05kmAL,2017,2017_12_09,30,2582760635
05kmAL,2017,2017_12_10,29,2490596836
05kmAL,2017,2017_12_11,29,2501483098
05kmAL,2017,2017_12_12,29,2491153923
05kmAL,2017,2017_12_13,29,2501286437
05kmAL,2017,2017_12_14,29,2491022859
05kmAL,2017,2017_12_15,29,2500202718
05kmAL,2017,2017_12_16,29,2490514923
05kmAL,2017,2017_12_17,30,2582498506
05kmAL,2017,2017_12_18,29,2501679715
05kmAL,2017,2017_12_19,29,2490105362
05kmAL,2017,2017_12_20,29,2500123244
05kmAL,2017,2017_12_21,29,2489810463
05kmAL,2017,2017_12_22,29,2499713636
05kmAL,2017,2017_12_23,29,2489253409
05kmAL,2017,2017_12_24,29,2494252952
05kmAL,2017,2017_12_25,30,2579762339
05kmAL,2017,2017_12_26,29,2488434202
05kmAL,2017,2017_12_27,29,2431833170
05kmAL,2017,2017_12_28,29,2488647167
05kmAL,2017,2017_12_29,29,2497155294
05kmAL,2017,2017_12_30,29,2489286132
05kmAL,2017,2017_12_31,29,2495743900
05kmAL,2018,2018_01_01,29,2488434207
05kmAL,2018,2018_01_02,30,2580335734
05kmAL,2018,2018_01_03,29,2498058844
05kmAL,2018,2018_01_04,29,2489122330
05kmAL,2018,2018_01_05,29,2499697242
05kmAL,2018,2018_01_06,29,2488729142
05kmAL,2018,2018_01_07,29,2498711789
05kmAL,2018,2018_01_08,29,2487369239
05kmAL,2018,2018_01_09,29,2498285813
05kmAL,2018,2018_01_10,30,2579385513
05kmAL,2018,2018_01_11,29,2488892939
05kmAL,2018,2018_01_12,29,2497548555
05kmAL,2018,2018_01_13,29,2489286166
05kmAL,2018,2018_01_14,29,2500024938
05kmAL,2018,2018_01_15,29,2489286148
05kmAL,2018,2018_01_16,23,1984501693
05kmAL,2018,2018_01_17,3,251835174
05kmAL,2018,2018_01_18,28,2308760271
05kmAL,2018,2018_01_19,29,2497401071
05kmAL,2018,2018_01_20,29,2489449970
05kmAL,2018,2018_01_21,29,2500106836
05kmAL,2018,2018_01_22,29,2489777677
05kmAL,2018,2018_01_23,29,2499530987
05kmAL,2018,2018_01_24,29,2488106520
05kmAL,2018,2018_01_25,29,2488548841
05kmAL,2018,2018_01_26,30,2579827877
05kmAL,2018,2018_01_27,29,2489056797
05kmAL,2018,2018_01_28,29,2492677666
05kmAL,2018,2018_01_29,29,2490269178
05kmAL,2018,2018_01_30,29,2486548765
05kmAL,2018,2018_01_31,29,2490269178
05kmAL,2018,2018_02_01,29,2491955491
05kmAL,2018,2018_02_02,29,2433520686
05kmAL,2018,2018_02_03,29,2496270534
05kmAL,2018,2018_02_04,30,2579844241
05kmAL,2018,2018_02_05,29,2491088408
05kmAL,2018,2018_02_06,29,2502548017
05kmAL,2018,2018_02_07,29,2490596868
05kmAL,2018,2018_02_08,29,2502548064
05kmAL,2018,2018_02_09,29,2490859025
05kmAL,2018,2018_02_10,29,2502548031
05kmAL,2018,2018_02_11,30,2582154374
05kmAL,2018,2018_02_12,29,2490613252
05kmAL,2018,2018_02_13,29,2502711895
05kmAL,2018,2018_02_14,29,2491252258
05kmAL,2018,2018_02_15,29,2502711926
05kmAL,2018,2018_02_16,29,2415580890
05kmAL,2018,2018_02_17,29,2502875790
05kmAL,2018,2018_02_18,29,2491743823
05kmAL,2018,2018_02_19,29,2503039603
05kmAL,2018,2018_02_20,30,2583350434
05kmAL,2018,2018_02_21,28,2411105221
05kmAL,2018,2018_02_22,16,1377797817
05kmAL,2018,2018_02_23,29,2475432049
05kmAL,2018,2018_02_24,29,2495022966
05kmAL,2018,2018_02_25,29,2491579911
05kmAL,2018,2018_02_26,29,2499285224
05kmAL,2018,2018_02_27,29,2491743776
05kmAL,2018,2018_02_28,30,2583350423
05kmAL,2018,2018_03_01,29,2502875756
05kmAL,2018,2018_03_02,29,2491743753
05kmAL,2018,2018_03_03,29,2503039562
05kmAL,2018,2018_03_04,29,2491579947
05kmAL,2018,2018_03_05,29,2503039589
05kmAL,2018,2018_03_06,29,2490940936
05kmAL,2018,2018_03_07,29,2503039553
05kmAL,2018,2018_03_08,30,2582711498
05kmAL,2018,2018_03_09,29,2491743764
05kmAL,2018,2018_03_10,29,2502318678
05kmAL,2018,2018_03_11,29,2491743769
05kmAL,2018,2018_03_12,29,2503039553
05kmAL,2018,2018_03_13,29,2491743784
05kmAL,2018,2018_03_14,29,2503039556
05kmAL,2018,2018_03_15,29,2491022866
05kmAL,2018,2018_03_16,30,2583514257
05kmAL,2018,2018_03_17,29,2503039607
05kmAL,2018,2018_03_18,29,2491743744
05kmAL,2018,2018_03_19,29,2502875740
05kmAL,2018,2018_03_20,29,2491743774
05kmAL,2018,2018_03_21,29,2503039585
05kmAL,2018,2018_03_22,29,2491579940
05kmAL,2018,2018_03_23,29,2502875745
05kmAL,2018,2018_03_24,30,2473821852
05kmAL,2018,2018_03_25,29,2491743778
05kmAL,2018,2018_03_26,29,2502711898
05kmAL,2018,2018_03_27,29,2491907611
05kmAL,2018,2018_03_28,29,2502875715
05kmAL,2018,2018_03_29,29,2491579968
05kmAL,2018,2018_03_30,29,2503039560
05kmAL,2018,2018_03_31,29,2487334079
05kmAL,2018,2018_04_01,29,2503039587
05kmAL,2018,2018_04_02,30,2583514292
05kmAL,2018,2018_04_03,29,2491743844
05kmAL,2018,2018_04_04,29,2502318764
05kmAL,2018,2018_04_05,29,2491579997
05kmAL,2018,2018_04_06,29,2502318735
05kmAL,2018,2018_04_07,29,2491743784
05kmAL,2018,2018_04_08,29,2503039566
05kmAL,2018,2018_04_09,30,2582875275
05kmAL,2018,2018_04_10,29,2491743765
05kmAL,2018,2018_04_11,29,2503039573
05kmAL,2018,2018_04_12,29,2491743761
05kmAL,2018,2018_04_13,29,2449929422
05kmAL,2018,2018_04_14,29,2491416079
05kmAL,2018,2018_04_15,29,2503039573
05kmAL,2018,2018_04_16,29,2486741813
05kmAL,2018,2018_04_17,29,2434484956
05kmAL,2018,2018_04_18,30,2583514260
05kmAL,2018,2018_04_19,29,2491743785
05kmAL,2018,2018_04_20,29,2426729211
05kmAL,2018,2018_04_21,29,2491579930
05kmAL,2018,2018_04_22,29,2502875760
05kmAL,2018,2018_04_23,29,2491579944
05kmAL,2018,2018_04_24,27,2330958193
05kmAL,2018,2018_04_25,15,1286027329
05kmAL,2018,2018_04_26,12,979018932
05kmAL,2018,2018_04_27,29,2503039581
05kmAL,2018,2018_04_28,29,2491579906
05kmAL,2018,2018_04_29,29,2502875705
05kmAL,2018,2018_04_30,29,2491104771
05kmAL,2018,2018_05_01,29,2503039538
05kmAL,2018,2018_05_02,29,2490220058
05kmAL,2018,2018_05_03,29,2503039555
05kmAL,2018,2018_05_04,30,2582875309
05kmAL,2018,2018_05_05,29,2491743751
05kmAL,2018,2018_05_06,29,2503039564
05kmAL,2018,2018_05_07,29,2490859054
05kmAL,2018,2018_05_08,29,2503039501
05kmAL,2018,2018_05_09,29,2491104786
05kmAL,2018,2018_05_10,29,2503039534
05kmAL,2018,2018_05_11,29,2490940931
05kmAL,2018,2018_05_12,30,2583514272
05kmAL,2018,2018_05_13,29,2503039541
05kmAL,2018,2018_05_14,29,2491743747
05kmAL,2018,2018_05_15,29,2502875679
05kmAL,2018,2018_05_16,29,2491579905
05kmAL,2018,2018_05_17,29,2502548024
05kmAL,2018,2018_05_18,18,1462109205
05kmAL,2018,2018_05_21,11,939339039
05kmAL,2018,2018_05_22,29,2501728856
05kmAL,2018,2018_05_23,29,2485613746
05kmAL,2018,2018_05_24,29,2501401178
05kmAL,2018,2018_05_25,29,2490105388
05kmAL,2018,2018_05_26,29,2501237350
05kmAL,2018,2018_05_27,29,2489941469
05kmAL,2018,2018_05_28,30,2581220518
05kmAL,2018,2018_05_29,29,2500155981
05kmAL,2018,2018_05_30,29,2488778230
05kmAL,2018,2018_05_31,29,2500581996
05kmAL,2018,2018_06_01,29,2489613896
05kmAL,2018,2018_06_02,29,2500582018
05kmAL,2018,2018_06_03,29,2489286220
05kmAL,2018,2018_06_04,29,2500581997
05kmAL,2018,2018_06_05,28,2408664000
05kmAL,2018,2018_06_06,17,1456961797
05kmAL,2018,2018_06_07,29,2500581993
05kmAL,2018,2018_06_08,29,2487893540
05kmAL,2018,2018_06_09,29,2500582017
05kmAL,2018,2018_06_10,29,2489450087
05kmAL,2018,2018_06_11,29,2447309323
05kmAL,2018,2018_06_12,29,2489450062
05kmAL,2018,2018_06_13,29,2500582031
05kmAL,2018,2018_06_14,30,2581056704
05kmAL,2018,2018_06_15,29,2489450072
05kmAL,2018,2018_06_16,29,2500418177
05kmAL,2018,2018_06_17,29,2489450067
05kmAL,2018,2018_06_18,29,2500745852
05kmAL,2018,2018_06_19,29,2483827985
05kmAL,2018,2018_06_20,29,2500582045
05kmAL,2018,2018_06_21,30,2580581574
05kmAL,2018,2018_06_22,29,2480122743
05kmAL,2018,2018_06_23,15,1263070318
05kmAL,2018,2018_06_24,29,2488860206
05kmAL,2018,2018_06_25,29,2500582035
05kmAL,2018,2018_06_26,29,2489138805
05kmAL,2018,2018_06_27,29,2499041929
05kmAL,2018,2018_06_28,29,2489286202
05kmAL,2018,2018_06_29,29,2500582011
05kmAL,2018,2018_06_30,30,2581056703
05kmAL,2018,2018_07_01,29,2489450055
05kmAL,2018,2018_07_02,29,2500581992
05kmAL,2018,2018_07_03,29,2489450038
05kmAL,2018,2018_07_04,29,2500745852
05kmAL,2018,2018_07_05,29,2488450598
05kmAL,2018,2018_07_06,29,2500581970
05kmAL,2018,2018_07_07,30,2581220512
05kmAL,2018,2018_07_08,29,2489613821
05kmAL,2018,2018_07_09,29,2500581977
05kmAL,2018,2018_07_10,29,2485793959
05kmAL,2018,2018_07_11,29,2500745820
05kmAL,2018,2018_07_12,29,2489450015
05kmAL,2018,2018_07_13,29,2500581960
05kmAL,2018,2018_07_14,29,2488974831
05kmAL,2018,2018_07_15,30,2581056654
05kmAL,2018,2018_07_16,29,2500581947
05kmAL,2018,2018_07_17,29,2458971634
05kmAL,2018,2018_07_18,29,2500581970
05kmAL,2018,2018_07_19,29,2488974884
05kmAL,2018,2018_07_20,29,2500581985
05kmAL,2018,2018_07_21,29,2474838546
05kmAL,2018,2018_07_22,29,2500581959
05kmAL,2018,2018_07_23,30,2581056659
05kmAL,2018,2018_07_24,29,2489449958
05kmAL,2018,2018_07_25,29,2500581970
05kmAL,2018,2018_07_26,29,2488172043
05kmAL,2018,2018_07_27,29,2500106849
05kmAL,2018,2018_07_28,29,2488417816
05kmAL,2018,2018_07_29,29,2500581950
05kmAL,2018,2018_07_30,29,2489286185
05kmAL,2018,2018_07_31,30,2581056656
05kmAL,2018,2018_08_01,29,2495353049
05kmAL,2018,2018_08_02,29,2474301580
05kmAL,2018,2018_08_03,29,2443849880
05kmAL,2018,2018_08_04,28,2408188848
05kmAL,2018,2018_08_05,29,2500745789
05kmAL,2018,2018_08_06,29,2489450009
05kmAL,2018,2018_08_07,29,2500582009
05kmAL,2018,2018_08_08,30,2526914336
05kmAL,2018,2018_08_09,19,1629206972
05kmAL,2018,2018_08_10,12,1032652017
05kmAL,2018,2018_08_11,29,2489941544
05kmAL,2018,2018_08_12,29,2501401118
05kmAL,2018,2018_08_13,29,2490760721
05kmAL,2018,2018_08_14,29,2501565027
05kmAL,2018,2018_08_15,29,2490760743
05kmAL,2018,2018_08_16,30,2582858885
05kmAL,2018,2018_08_17,29,2502711890
05kmAL,2018,2018_08_18,29,2491416074
05kmAL,2018,2018_08_19,29,2502875709
05kmAL,2018,2018_08_20,29,2491743759
05kmAL,2018,2018_08_21,29,2503039576
05kmAL,2018,2018_08_22,29,2443436550
05kmAL,2018,2018_08_23,29,2319673541
05kmAL,2018,2018_08_24,27,1984154126
05kmAL,2018,2018_08_25,29,2491743740
05kmAL,2018,2018_08_26,29,2503039558
05kmAL,2018,2018_08_27,22,1894533411
05kmAL,2018,2018_08_28,2,157224147
05kmAL,2018,2018_08_29,29,2491743809
05kmAL,2018,2018_08_30,29,2503039570
05kmAL,2018,2018_08_31,30,2583514266
05kmAL,2018,2018_09_01,29,2491743763
05kmAL,2018,2018_09_02,29,2502875699
05kmAL,2018,2018_09_03,29,2491579918
05kmAL,2018,2018_09_04,29,2502548053
05kmAL,2018,2018_09_05,29,2490859056
05kmAL,2018,2018_09_06,27,2330139064
05kmAL,2018,2018_09_07,15,1284978746
05kmAL,2018,2018_09_08,29,2495123785
05kmAL,2018,2018_09_09,30,2580827375
05kmAL,2018,2018_09_10,29,2488892967
05kmAL,2018,2018_09_11,29,2500352608
05kmAL,2018,2018_09_12,17,1448894784
05kmAL,2018,2018_09_25,9,765359502
05kmAL,2018,2018_09_26,29,2491062871
05kmAL,2018,2018_09_27,29,2480193034
05kmAL,2018,2018_09_28,29,2491652680
05kmAL,2018,2018_09_29,30,2572618918
05kmAL,2018,2018_09_30,29,2364461704
05kmAL,2018,2018_10_01,28,2033952977
05kmAL,2018,2018_10_02,29,2481012254
05kmAL,2018,2018_10_03,30,2572061852
05kmAL,2018,2018_10_04,29,2491308624
05kmAL,2018,2018_10_05,29,2481012230
05kmAL,2018,2018_10_06,29,2493110858
05kmAL,2018,2018_10_07,30,2572324002
05kmAL,2018,2018_10_08,29,2481012223
05kmAL,2018,2018_10_09,29,2492389964
05kmAL,2018,2018_10_10,29,2481012208
05kmAL,2018,2018_10_11,29,2492947015
05kmAL,2018,2018_10_12,30,2570568470
05kmAL,2018,2018_10_13,29,2481012257
05kmAL,2018,2018_10_14,27,2321504647
05kmAL,2018,2018_10_19,8,686097239
05kmAL,2018,2018_10_20,30,2570552148
05kmAL,2018,2018_10_21,29,2481012247
05kmAL,2018,2018_10_22,27,2321340795
05kmAL,2018,2018_10_23,17,1451784479
05kmAL,2018,2018_10_24,29,2492947084
05kmAL,2018,2018_10_25,30,2569847675
05kmAL,2018,2018_10_26,29,2478322882
05kmAL,2018,2018_10_27,29,2357443337
05kmAL,2018,2018_10_28,29,2480717385
05kmAL,2018,2018_10_29,30,2572536994
05kmAL,2018,2018_10_30,29,2493028942
05kmAL,2018,2018_10_31,29,2480389664
05kmAL,2018,2018_11_01,29,2493028939
05kmAL,2018,2018_11_02,29,2427965251
05kmAL,2018,2018_11_03,29,2480684543
05kmAL,2018,2018_11_04,29,2491374179
05kmAL,2018,2018_11_05,29,2480635393
05kmAL,2018,2018_11_06,29,2492947023
05kmAL,2018,2018_11_07,30,2572782757
05kmAL,2018,2018_11_08,26,2229570258
05kmAL,2018,2018_11_09,24,1982866164
05kmAL,2018,2018_11_10,29,2481012211
05kmAL,2018,2018_11_11,30,2572700811
05kmAL,2018,2018_11_12,29,2492947014
05kmAL,2018,2018_11_13,29,2481012232
05kmAL,2018,2018_11_14,29,2493028959
05kmAL,2018,2018_11_15,30,2572782735
05kmAL,2018,2018_11_16,29,2406504089
05kmAL,2018,2018_11_17,29,2492471897
05kmAL,2018,2018_11_18,29,2453561220
05kmAL,2018,2018_11_19,29,2005436074
05kmAL,2018,2018_11_20,30,2546711663
05kmAL,2018,2018_11_21,24,1848113597
05kmAL,2018,2018_11_22,29,2492783194
05kmAL,2018,2018_11_23,29,2481094134
05kmAL,2018,2018_11_24,30,2572700824
05kmAL,2018,2018_11_25,29,2492947035
05kmAL,2018,2018_11_26,29,2480930358
05kmAL,2018,2018_11_27,29,2492946999
05kmAL,2018,2018_11_28,27,2309406023
05kmAL,2018,2018_11_29,29,2480930313
05kmAL,2018,2018_11_30,29,2492947018
05kmAL,2018,2018_12_01,29,2480291384
05kmAL,2018,2018_12_02,29,2492947033
05kmAL,2018,2018_12_03,30,2572700840
05kmAL,2018,2018_12_04,29,2480520709
05kmAL,2018,2018_12_05,29,2492783150
05kmAL,2018,2018_12_06,29,2480684538
05kmAL,2018,2018_12_07,29,2493110857
05kmAL,2018,2018_12_08,30,2572700830
05kmAL,2018,2018_12_09,29,2456566837
05kmAL,2018,2018_12_10,29,2493110833
05kmAL,2018,2018_12_11,29,2480356847
05kmAL,2018,2018_12_12,30,2572700821
05kmAL,2018,2018_12_13,29,2492947024
05kmAL,2018,2018_12_14,29,2473731647
05kmAL,2018,2018_12_15,29,2493028929
05kmAL,2018,2018_12_16,30,2572536959
05kmAL,2018,2018_12_17,29,2481012229
05kmAL,2018,2018_12_18,29,2492947005
05kmAL,2018,2018_12_19,29,2479699111
05kmAL,2018,2018_12_20,29,2492947049
05kmAL,2018,2018_12_21,30,2572618914
05kmAL,2018,2018_12_22,29,2480766494
05kmAL,2018,2018_12_23,29,2492947022
05kmAL,2018,2018_12_24,29,2480766473
05kmAL,2018,2018_12_25,30,2572536934
05kmAL,2018,2018_12_26,29,2492619317
05kmAL,2018,2018_12_27,29,2479947294
05kmAL,2018,2018_12_28,29,2491718234
05kmAL,2018,2018_12_29,30,2570914970
05kmAL,2018,2018_12_30,29,2465223517
05kmAL,2018,2018_12_31,29,2352835835
05kmAL,2019,2019_01_01,29,2477913261
05kmAL,2019,2019_01_02,29,2489866815
05kmAL,2019,2019_01_03,30,2569456801
05kmAL,2019,2019_01_04,29,2476899876
05kmAL,2019,2019_01_05,29,2490178111
05kmAL,2019,2019_01_06,29,2392717995
05kmAL,2019,2019_01_07,30,2569931887
05kmAL,2019,2019_01_08,29,2490178125
05kmAL,2019,2019_01_09,29,2478243337
05kmAL,2019,2019_01_10,29,2490178124
05kmAL,2019,2019_01_11,30,2517378821
05kmAL,2019,2019_01_12,29,2478128648
05kmAL,2019,2019_01_13,29,2491210296
05kmAL,2019,2019_01_14,29,2475076421
05kmAL,2019,2019_01_15,29,2490735178
05kmAL,2019,2019_01_16,30,2572078223
05kmAL,2019,2019_01_17,29,2480471548
05kmAL,2019,2019_01_18,27,2321521030
05kmAL,2019,2019_01_19,1,80310859
05kmAL,2019,2019_01_20,30,2574388314
05kmAL,2019,2019_01_21,29,2494552659
05kmAL,2019,2019_01_22,29,2483123382
05kmAL,2019,2019_01_23,29,2495273573
05kmAL,2019,2019_01_24,29,2484928013
05kmAL,2019,2019_01_25,30,2577812637
05kmAL,2019,2019_01_26,29,2497894975
05kmAL,2019,2019_01_27,29,2485648904
05kmAL,2019,2019_01_28,29,2497976934
05kmAL,2019,2019_01_29,30,2564400910
05kmAL,2019,2019_01_30,29,2486599178
05kmAL,2019,2019_01_31,29,2497894989
05kmAL,2019,2019_02_01,29,2485566999
05kmAL,2019,2019_02_02,29,2498452053
05kmAL,2019,2019_02_03,30,2577566815
05kmAL,2019,2019_02_04,29,2486599191
05kmAL,2019,2019_02_05,29,2497894997
05kmAL,2019,2019_02_06,26,2234370769
05kmAL,2019,2019_02_07,3,251671333
05kmAL,2019,2019_02_08,29,2497894943
05kmAL,2019,2019_02_09,29,2486517254
05kmAL,2019,2019_02_10,29,2495453792
05kmAL,2019,2019_02_11,30,2574453922
05kmAL,2019,2019_02_12,29,2486599202
05kmAL,2019,2019_02_13,29,2497419894
05kmAL,2019,2019_02_14,29,2484256308
05kmAL,2019,2019_02_15,29,2498452103
05kmAL,2019,2019_02_16,30,2577730734
05kmAL,2019,2019_02_17,29,2486599226
05kmAL,2019,2019_02_18,29,2498452139
05kmAL,2019,2019_02_19,29,2485485105
05kmAL,2019,2019_02_20,30,2578287774
05kmAL,2019,2019_02_21,29,2497895004
05kmAL,2019,2019_02_22,29,2405793549
05kmAL,2019,2019_02_23,29,2497976916
05kmAL,2019,2019_02_24,30,2569630919
05kmAL,2019,2019_02_25,29,2486599173
05kmAL,2019,2019_02_26,29,2497419878
05kmAL,2019,2019_02_27,29,2486124048
05kmAL,2019,2019_02_28,29,2497976875
05kmAL,2019,2019_03_01,30,2577091725
05kmAL,2019,2019_03_02,29,2486599205
05kmAL,2019,2019_03_03,29,2497894976
05kmAL,2019,2019_03_04,29,2486599198
05kmAL,2019,2019_03_05,29,2497894976
05kmAL,2019,2019_03_06,30,2578205855
05kmAL,2019,2019_03_07,29,2483500209
05kmAL,2019,2019_03_08,17,1466389825
05kmAL,2019,2019_03_11,12,955751834
05kmAL,2019,2019_03_12,29,2485485091
05kmAL,2019,2019_03_13,28,2417666046
05kmAL,2019,2019_03_14,30,2573531602
05kmAL,2019,2019_03_15,29,2433489033
05kmAL,2019,2019_03_16,29,2497894999
05kmAL,2019,2019_03_17,29,2486599190
05kmAL,2019,2019_03_18,29,2498452060
05kmAL,2019,2019_03_19,30,2578205856
05kmAL,2019,2019_03_20,29,2486599160
05kmAL,2019,2019_03_21,29,2497895016
05kmAL,2019,2019_03_22,29,2486124085
05kmAL,2019,2019_03_23,30,2578205872
05kmAL,2019,2019_03_24,29,2495781488
05kmAL,2019,2019_03_25,29,2484911650
05kmAL,2019,2019_03_26,29,2497976925
05kmAL,2019,2019_03_27,30,2578205856
05kmAL,2019,2019_03_28,29,2486599198
05kmAL,2019,2019_03_29,29,2497894963
05kmAL,2019,2019_03_30,29,2473695367
05kmAL,2019,2019_03_31,29,2497976927
05kmAL,2019,2019_04_01,28,2406288327
05kmAL,2019,2019_04_02,15,1283258463
05kmAL,2019,2019_04_03,29,2497895028
05kmAL,2019,2019_04_04,29,2487156335
05kmAL,2019,2019_04_05,30,2578287828
05kmAL,2019,2019_04_06,29,2290658178
05kmAL,2019,2019_04_07,28,2403683290
05kmAL,2019,2019_04_08,14,1202865642
05kmAL,2019,2019_04_09,29,2486124040
05kmAL,2019,2019_04_10,28,2291428846
05kmAL,2019,2019_04_11,29,2497419830
05kmAL,2019,2019_04_12,29,2485548203
05kmAL,2019,2019_04_13,29,2498452032
05kmAL,2019,2019_04_14,30,2578287815
05kmAL,2019,2019_04_15,26,2234370789
05kmAL,2019,2019_04_16,22,1890617694
05kmAL,2019,2019_04_17,29,2483827867
05kmAL,2019,2019_04_18,29,2497976887
05kmAL,2019,2019_04_19,30,2568073370
05kmAL,2019,2019_04_20,29,2468825622
05kmAL,2019,2019_04_21,29,2497976879
05kmAL,2019,2019_04_22,29,2486599181
05kmAL,2019,2019_04_23,30,2578205812
05kmAL,2019,2019_04_24,29,2497141303
05kmAL,2019,2019_04_25,29,2484892849
05kmAL,2019,2019_04_26,29,2497976907
05kmAL,2019,2019_04_27,30,2578205875
05kmAL,2019,2019_04_28,29,2486124015
05kmAL,2019,2019_04_29,29,2497894968
05kmAL,2019,2019_04_30,29,2486599206
05kmAL,2019,2019_05_01,29,2498452061
05kmAL,2019,2019_05_02,30,2576485477
05kmAL,2019,2019_05_03,28,2404106850
05kmAL,2019,2019_05_04,29,2497419845
05kmAL,2019,2019_05_05,29,2431834285
05kmAL,2019,2019_05_06,29,2486599194
05kmAL,2019,2019_05_07,29,2491336561
05kmAL,2019,2019_05_08,29,2476842190
05kmAL,2019,2019_05_09,29,2497976902
05kmAL,2019,2019_05_10,30,2525095738
05kmAL,2019,2019_05_11,29,2365147423
05kmAL,2019,2019_05_12,29,2445737543
05kmAL,2019,2019_05_13,29,2486124030
05kmAL,2019,2019_05_14,29,2498452032
05kmAL,2019,2019_05_15,30,2569796050
05kmAL,2019,2019_05_16,29,2484237479
05kmAL,2019,2019_05_17,29,2421224205
05kmAL,2019,2019_05_18,29,2486599167
05kmAL,2019,2019_05_19,29,2497059394
05kmAL,2019,2019_05_20,30,2577452176
05kmAL,2019,2019_05_21,29,2484516044
05kmAL,2019,2019_05_22,27,2310632409
05kmAL,2019,2019_05_23,29,2486042184
05kmAL,2019,2019_05_24,30,2578205808
05kmAL,2019,2019_05_25,29,2497894992
05kmAL,2019,2019_05_26,29,2486599205
05kmAL,2019,2019_05_27,29,2497976909
05kmAL,2019,2019_05_28,30,2567352447
05kmAL,2019,2019_05_29,29,2485548204
05kmAL,2019,2019_05_30,29,2498452089
05kmAL,2019,2019_05_31,29,2487156314
05kmAL,2019,2019_06_01,29,2495074585
05kmAL,2019,2019_06_02,30,2576010448
05kmAL,2019,2019_06_03,29,2485073114
05kmAL,2019,2019_06_04,29,2496076396
05kmAL,2019,2019_06_05,29,2483778813
05kmAL,2019,2019_06_06,30,2575191258
05kmAL,2019,2019_06_07,29,2494569075
05kmAL,2019,2019_06_08,29,2482798172
05kmAL,2019,2019_06_09,29,2494093983
05kmAL,2019,2019_06_10,30,2540497391
05kmAL,2019,2019_06_11,29,2480815684
05kmAL,2019,2019_06_12,29,2491439742
05kmAL,2019,2019_06_13,29,2480717368
05kmAL,2019,2019_06_14,29,2491718290
05kmAL,2019,2019_06_15,30,2572143815
05kmAL,2019,2019_06_16,29,2480537152
05kmAL,2019,2019_06_17,29,2490686093
05kmAL,2019,2019_06_18,29,2480340555
05kmAL,2019,2019_06_19,30,2572111095
05kmAL,2019,2019_06_20,29,2491243124
05kmAL,2019,2019_06_21,29,2479947337
05kmAL,2019,2019_06_22,29,2490686063
05kmAL,2019,2019_06_23,30,2571078884
05kmAL,2019,2019_06_24,29,2479865403
05kmAL,2019,2019_06_25,29,2491161187
05kmAL,2019,2019_06_26,29,2479947326
05kmAL,2019,2019_06_27,29,2491521683
05kmAL,2019,2019_06_28,30,2571553987
05kmAL,2019,2019_06_29,29,2478191840
05kmAL,2019,2019_06_30,29,2491521673
05kmAL,2019,2019_07_01,29,2479947330
05kmAL,2019,2019_07_02,30,2572111086
05kmAL,2019,2019_07_03,29,2490767998
05kmAL,2019,2019_07_04,29,2479947336
05kmAL,2019,2019_07_05,29,2438380001
05kmAL,2019,2019_07_06,30,2571193530
05kmAL,2019,2019_07_07,29,2479947301
05kmAL,2019,2019_07_08,29,2491046532
05kmAL,2019,2019_07_09,29,2479390254
05kmAL,2019,2019_07_10,29,2490767901
05kmAL,2019,2019_07_11,30,2569555143
05kmAL,2019,2019_07_12,29,2473683792
05kmAL,2019,2019_07_13,29,2490767995
05kmAL,2019,2019_07_14,29,2480619021
05kmAL,2019,2019_07_15,30,2571635871
05kmAL,2019,2019_07_16,29,2491243101
05kmAL,2019,2019_07_17,29,2479865369
05kmAL,2019,2019_07_18,29,2492275267
05kmAL,2019,2019_07_19,30,2571472043
05kmAL,2019,2019_07_20,29,2479980055
05kmAL,2019,2019_07_21,29,2491718227
05kmAL,2019,2019_07_22,29,2480062020
05kmAL,2019,2019_07_23,29,2481047437
05kmAL,2019,2019_07_24,30,2572029092
05kmAL,2019,2019_07_25,29,2480815655
05kmAL,2019,2019_07_26,29,2491996743
05kmAL,2019,2019_07_27,29,2480733701
05kmAL,2019,2019_07_28,30,2573569163
05kmAL,2019,2019_07_29,29,2494569046
05kmAL,2019,2019_07_30,29,2387450200
05kmAL,2019,2019_07_31,29,2377068214
05kmAL,2019,2019_08_01,30,2504339124
05kmAL,2019,2019_08_02,28,2147302504
05kmAL,2019,2019_08_03,29,2497026625
05kmAL,2019,2019_08_04,29,2482795698
05kmAL,2019,2019_08_05,29,2497976903
05kmAL,2019,2019_08_06,30,2527262131
05kmAL,2019,2019_08_07,29,2380396622
05kmAL,2019,2019_08_08,29,2387645536
05kmAL,2019,2019_08_09,29,2410223276
05kmAL,2019,2019_08_10,27,2325584233
05kmAL,2019,2019_08_11,2,134549359
05kmAL,2019,2019_08_12,29,2486599199
05kmAL,2019,2019_08_13,29,2497976877
05kmAL,2019,2019_08_14,30,2577173678
05kmAL,2019,2019_08_15,29,2486599188
05kmAL,2019,2019_08_16,29,2497894989
05kmAL,2019,2019_08_17,29,2486042150
05kmAL,2019,2019_08_18,29,2497976921
05kmAL,2019,2019_08_19,30,2576485527
05kmAL,2019,2019_08_20,29,2482468010
05kmAL,2019,2019_08_21,29,2472069621
05kmAL,2019,2019_08_22,29,1654162455
05kmAL,2019,2019_08_23,30,2437997453
05kmAL,2019,2019_08_24,29,2088206503
05kmAL,2019,2019_08_25,29,2484253810
05kmAL,2019,2019_08_26,29,2423352808
05kmAL,2019,2019_08_27,28,1892735339
05kmAL,2019,2019_08_29,2,171917531
05kmAL,2019,2019_08_30,29,2474697213
05kmAL,2019,2019_08_31,29,2486828573
05kmAL,2019,2019_09_01,30,2576239754
05kmAL,2019,2019_09_02,29,2416322986
05kmAL,2019,2019_09_03,29,2319532147
05kmAL,2019,2019_09_04,29,2322399224
05kmAL,2019,2019_09_05,30,2549122553
05kmAL,2019,2019_09_06,27,2286284106
05kmAL,2019,2019_09_07,29,2381044087
05kmAL,2019,2019_09_08,27,2180232588
05kmAL,2019,2019_09_09,29,2308770374
05kmAL,2019,2019_09_10,29,2475458103
05kmAL,2019,2019_09_11,29,2349163273
05kmAL,2019,2019_09_12,29,2348721080
05kmAL,2019,2019_09_13,29,2474357978
05kmAL,2019,2019_09_14,30,2342340681
05kmAL,2019,2019_09_15,25,2134768751
05kmAL,2019,2019_09_16,29,2339997538
05kmAL,2019,2019_09_17,29,2145779161
05kmAL,2019,2019_09_18,30,2557241106
05kmAL,2019,2019_09_19,29,2288164038
05kmAL,2019,2019_09_20,29,2467779470
05kmAL,2019,2019_09_21,29,2386958746
05kmAL,2019,2019_09_22,30,2236595710
05kmAL,2019,2019_09_23,29,2476225673
05kmAL,2019,2019_09_24,29,2339522251
05kmAL,2019,2019_09_25,29,2371462484
05kmAL,2019,2019_09_26,29,2479029769
05kmAL,2019,2019_09_27,30,2392513277
05kmAL,2019,2019_09_28,29,2422936643
05kmAL,2019,2019_09_29,29,2202771068
05kmAL,2019,2019_09_30,29,2112933003
05kmAL,2019,2019_10_01,30,2517806114
05kmAL,2019,2019_10_02,29,2243307118
05kmAL,2019,2019_10_03,29,2408833082
05kmAL,2019,2019_10_04,29,2192938266
05kmAL,2019,2019_10_05,29,2143068476
05kmAL,2019,2019_10_06,29,2477599550
05kmAL,2019,2019_10_07,29,2369399245
05kmAL,2019,2019_10_08,29,2376445643
05kmAL,2019,2019_10_09,29,2480488002
05kmAL,2019,2019_10_10,30,2571062460
05kmAL,2019,2019_10_11,29,2480389646
05kmAL,2019,2019_10_12,29,2345094141
05kmAL,2019,2019_10_13,27,2053156279
05kmAL,2019,2019_10_14,30,2520358288
05kmAL,2019,2019_10_15,28,2365662118
05kmAL,2019,2019_10_16,29,2474224477
05kmAL,2019,2019_10_17,29,2491963990
05kmAL,2019,2019_10_18,30,2501354827
05kmAL,2019,2019_10_19,29,2191064382
05kmAL,2019,2019_10_20,29,2393730123
05kmAL,2019,2019_10_21,29,2450630854
05kmAL,2019,2019_10_22,29,2491751022
05kmAL,2019,2019_10_23,29,2478550967
05kmAL,2019,2019_10_24,10,839782439
05kmAL,2019,2019_10_25,29,2417242912
05kmAL,2019,2019_10_26,29,2470845696
05kmAL,2019,2019_10_27,30,2571422894
05kmAL,2019,2019_10_28,29,2490669667
05kmAL,2019,2019_10_29,29,2478208229
05kmAL,2019,2019_10_30,10,725364270
05kmAL,2019,2019_10_31,30,2571209903
05kmAL,2019,2019_11_01,29,2433642571
05kmAL,2019,2019_11_02,29,2491636294
05kmAL,2019,2019_11_03,28,2382043084
05kmAL,2019,2019_11_04,28,2319191169
05kmAL,2019,2019_11_05,30,2571209896
05kmAL,2019,2019_11_06,29,2479488544
05kmAL,2019,2019_11_07,29,2491751022
05kmAL,2019,2019_11_08,29,2479865310
05kmAL,2019,2019_11_09,30,2571422879
05kmAL,2019,2019_11_10,29,2390454637
05kmAL,2019,2019_11_11,27,2183051777
05kmAL,2019,2019_11_12,22,1885866299
05kmAL,2019,2019_11_13,30,2530562525
05kmAL,2019,2019_11_14,29,2360704962
05kmAL,2019,2019_11_15,29,2491751002
05kmAL,2019,2019_11_16,29,2479652388
05kmAL,2019,2019_11_17,29,2491800158
05kmAL,2019,2019_11_18,30,2555010437
05kmAL,2019,2019_11_19,29,2479373832
05kmAL,2019,2019_11_20,29,2491587143
05kmAL,2019,2019_11_21,29,2461796861
05kmAL,2019,2019_11_22,25,1532664649
05kmAL,2019,2019_11_23,29,2447922727
05kmAL,2019,2019_11_24,29,2478358020
05kmAL,2019,2019_11_25,29,2474911307
05kmAL,2019,2019_11_26,30,2571046030
05kmAL,2019,2019_11_27,29,2476766356
05kmAL,2019,2019_11_28,29,2491800143
05kmAL,2019,2019_11_29,29,2479488489
05kmAL,2019,2019_11_30,29,2479583142
05kmAL,2019,2019_12_01,30,2570636415
05kmAL,2019,2019_12_02,29,2480029159
05kmAL,2019,2019_12_03,29,2492127826
05kmAL,2019,2019_12_04,29,2479865376
05kmAL,2019,2019_12_05,30,2542269152
05kmAL,2019,2019_12_06,29,2464090613
05kmAL,2019,2019_12_07,29,2480274982
05kmAL,2019,2019_12_08,29,2492947040
05kmAL,2019,2019_12_09,30,2572700865
05kmAL,2019,2019_12_10,29,2480848379
05kmAL,2019,2019_12_11,29,2493028957
05kmAL,2019,2019_12_12,29,2464614952
05kmAL,2019,2019_12_13,23,1585980489
05kmAL,2019,2019_12_14,30,2572700809
05kmAL,2019,2019_12_15,29,2440823613
05kmAL,2019,2019_12_16,29,2492291640
05kmAL,2019,2019_12_17,29,2480061985
05kmAL,2019,2019_12_18,29,2424357243
05kmAL,2019,2019_12_19,27,2283318550
05kmAL,2019,2019_12_20,29,2478554662
05kmAL,2019,2019_12_21,24,1816845255
05kmAL,2019,2019_12_22,30,2534875187
05kmAL,2019,2019_12_23,1,57846644
05kmAL,2019,2019_12_24,29,2445282467
05kmAL,2019,2019_12_25,29,2478322859
05kmAL,2019,2019_12_26,29,2492619331
05kmAL,2019,2019_12_27,30,2447067463
05kmAL,2019,2019_12_28,29,2345001904
05kmAL,2019,2019_12_29,29,2492947040
05kmAL,2019,2019_12_30,29,2479535259
05kmAL,2019,2019_12_31,28,2338234846
05kmAL,2020,2020_01_01,29,2616176067
05kmAL,2020,2020_01_02,29,2599630947
05kmAL,2020,2020_01_04,30,2682255343
05kmAL,2020,2020_01_06,29,2603942612
05kmAL,2020,2020_01_10,29,2479628655
05kmAL,2020,2020_01_11,28,2511900659
05kmAL,2020,2020_01_12,29,2399714271
05kmAL,2020,2020_01_15,27,2272548350
05kmAL,2020,2020_01_16,25,2233618010
05kmAL,2020,2020_01_20,27,2194796605
05kmAL,2020,2020_01_22,29,2548109371
05kmAL,2020,2020_01_23,29,2486645227
05kmAL,2020,2020_01_24,27,2305656206
05kmAL,2020,2020_01_31,29,2499283666
05kmAL,2020,2020_02_02,29,2581892495
05kmAL,2020,2020_02_03,29,2529830446
05kmAL,2020,2020_02_08,28,2306204053
05kmAL,2020,2020_02_09,29,2610943911
05kmAL,2020,2020_02_14,29,2399738011
05kmAL,2020,2020_02_16,27,2303232422
05kmAL,2020,2020_02_23,29,2582290273
05kmAL,2020,2020_02_26,30,2684560544
05kmAL,2020,2020_02_28,19,1701829440
05kmAL,2020,2020_02_29,12,930413567
05kmAL,2020,2020_03_02,29,2166056358
05kmAL,2020,2020_03_03,29,2500356518
05kmAL,2020,2020_03_07,29,2351295418
05kmAL,2020,2020_03_10,30,2696386819
05kmAL,2020,2020_03_11,29,2612148905
05kmAL,2020,2020_03_16,29,2612148936
05kmAL,2020,2020_03_17,29,2591029714
05kmAL,2020,2020_03_18,29,2612148881
05kmAL,2020,2020_03_19,30,2691948318
05kmAL,2020,2020_03_20,29,2516242229
05kmAL,2020,2020_03_21,29,2600044371
05kmAL,2020,2020_03_25,29,2586591477
05kmAL,2020,2020_03_26,24,1735856849
05kmAL,2020,2020_03_27,30,2695985144
05kmAL,2020,2020_03_28,29,2598831129
05kmAL,2020,2020_03_30,29,2599103335
05kmAL,2020,2020_03_31,29,2612554295
05kmAL,2020,2020_04_02,28,2510430767
05kmAL,2020,2020_04_04,19,1658916720
05kmAL,2020,2020_04_05,29,2612417396
05kmAL,2020,2020_04_07,29,2602063823
05kmAL,2020,2020_04_09,29,2571388858
05kmAL,2020,2020_04_10,29,2489460725
05kmAL,2020,2020_04_13,29,2612822755
05kmAL,2020,2020_04_14,30,2693566089
05kmAL,2020,2020_04_15,29,2597765907
05kmAL,2020,2020_04_19,30,2697197567
05kmAL,2020,2020_04_20,29,2602332266
05kmAL,2020,2020_04_21,29,2615254997
05kmAL,2020,2020_04_22,29,2603548465
05kmAL,2020,2020_04_27,30,2695746063
05kmAL,2020,2020_04_28,29,2597651773
05kmAL,2020,2020_04_30,29,2603164789
05kmAL,2020,2020_05_01,29,2548280978
05kmAL,2020,2020_05_02,30,2680543369
05kmAL,2020,2020_05_04,29,2618092636
05kmAL,2020,2020_05_08,29,2606791404
05kmAL,2020,2020_05_10,22,1979049549
05kmAL,2020,2020_05_11,29,2601682851
05kmAL,2020,2020_05_12,29,2617690989
05kmAL,2020,2020_05_13,29,2606795175
05kmAL,2020,2020_05_17,29,2603828836
05kmAL,2020,2020_05_19,30,2446727502
05kmAL,2020,2020_05_22,29,2617691051
05kmAL,2020,2020_05_24,29,2605715983
05kmAL,2020,2020_05_25,29,2616615512
05kmAL,2020,2020_05_26,29,2607196839
05kmAL,2020,2020_05_28,30,2701125603
05kmAL,2020,2020_05_29,28,2522151926
05kmAL,2020,2020_06_01,13,1187529308
05kmAL,2021,2021_01_01,29,2489752144
05kmAL,2021,2021_01_02,60,5194247216
05kmAL,2021,2021_01_03,29,2393911589
05kmAL,2021,2021_01_04,58,4849028015
05kmAL,2021,2021_01_05,58,4494426333
05kmAL,2021,2021_01_07,29,2402241901
05kmAL,2021,2021_01_08,29,2287236243
05kmAL,2021,2021_01_09,58,4910149243
05kmAL,2021,2021_01_11,29,2522816750
05kmAL,2021,2021_01_12,58,4619951470
05kmAL,2021,2021_01_13,22,1959522920
05kmAL,2021,2021_01_14,2,144663824
05kmAL,2021,2021_01_15,30,2454510570
05kmAL,2021,2021_01_16,29,2367889634
05kmAL,2021,2021_01_18,28,2145315366
05kmAL,2021,2021_01_19,30,2614591205
05kmAL,2021,2021_01_20,29,2417327193
05kmAL,2021,2021_01_21,29,2333358281
05kmAL,2021,2021_01_22,27,2396187334
05kmAL,2021,2021_01_23,30,2459923416
05kmAL,2021,2021_01_24,58,4857822509
05kmAL,2021,2021_01_25,29,2370933961
05kmAL,2021,2021_01_26,58,4522231168
05kmAL,2021,2021_01_27,58,5076592840
05kmAL,2021,2021_01_28,29,2434119020
05kmAL,2021,2021_01_29,58,5027546776
05kmAL,2021,2021_01_30,29,2552152718
05kmAL,2021,2021_02_01,30,2540104094
05kmAL,2021,2021_02_02,56,4543706276
05kmAL,2021,2021_02_05,30,2647298607
05kmAL,2021,2021_02_06,58,4951431710
05kmAL,2021,2021_02_07,58,5054359274
05kmAL,2021,2021_02_08,58,5085536747
05kmAL,2021,2021_02_09,29,2614833429
05kmAL,2021,2021_02_10,30,2700682486
05kmAL,2021,2021_02_12,29,2616176109
05kmAL,2021,2021_02_14,30,2556403151
05kmAL,2021,2021_02_16,29,2480930352
05kmAL,2021,2021_02_19,29,2480930323
05kmAL,2021,2021_02_23,30,2542269177
05kmAL,2021,2021_02_25,58,4723872324
05kmAL,2021,2021_02_26,29,2082057637
05kmAL,2021,2021_02_28,25,2153577939
05kmAL,2021,2021_03_02,29,2328406621
05kmAL,2021,2021_03_03,60,5099239142
05kmAL,2021,2021_03_04,28,2366383034
05kmAL,2021,2021_03_05,29,2310269247
05kmAL,2021,2021_03_06,29,2219217264
05kmAL,2021,2021_03_07,29,2532099318
05kmAL,2021,2021_03_08,30,2624960472
05kmAL,2021,2021_03_09,58,4576490944
05kmAL,2021,2021_03_11,29,2520806778
05kmAL,2021,2021_03_12,60,5029513479
05kmAL,2021,2021_03_13,23,2075234132
05kmAL,2021,2021_03_14,1,84237908
05kmAL,2021,2021_03_15,58,5109123066
05kmAL,2021,2021_03_16,56,4921977354
05kmAL,2021,2021_03_20,56,4920580002
05kmAL,2021,2021_03_21,60,5270769309
05kmAL,2021,2021_03_23,58,5109123138
05kmAL,2021,2021_03_24,58,5085536748
05kmAL,2021,2021_03_28,58,5105818461
05kmAL,2021,2021_03_29,30,2572700886
05kmAL,2021,2021_03_30,26,2229816110
05kmAL,2021,2021_04_01,58,5085969170
05kmAL,2021,2021_04_04,29,2480930301
05kmAL,2021,2021_04_06,29,2480930279
05kmAL,2021,2021_04_07,30,2572700862
05kmAL,2021,2021_04_08,29,2616176074
05kmAL,2021,2021_04_10,58,5109123144
05kmAL,2021,2021_04_11,30,2572700851
05kmAL,2021,2021_04_12,29,2593173614
05kmAL,2021,2021_04_13,29,2492947025
05kmAL,2021,2021_04_14,29,2480930331
05kmAL,2021,2021_04_15,29,2484258710
05kmAL,2021,2021_04_16,28,2520368515
05kmAL,2021,2021_04_19,29,2480930345
05kmAL,2021,2021_04_20,30,2572700831
05kmAL,2021,2021_04_21,29,2616176039
05kmAL,2021,2021_04_22,29,2480930335
05kmAL,2021,2021_04_23,29,2328782192
05kmAL,2021,2021_04_24,30,2572700860
05kmAL,2021,2021_04_25,58,5085536689
05kmAL,2021,2021_04_26,58,5109123136
05kmAL,2021,2021_04_27,58,5085969094
05kmAL,2021,2021_04_29,60,5273114821
05kmAL,2021,2021_04_30,29,2604874888
05kmAL,2021,2021_05_01,29,2612950846
05kmAL,2021,2021_05_02,29,2602054951
05kmAL,2021,2021_05_03,30,2572700826
05kmAL,2021,2021_05_04,58,5109205017
05kmAL,2021,2021_05_05,29,2480930325
05kmAL,2021,2021_05_08,29,2480930287
05kmAL,2021,2021_05_09,29,2616176050
05kmAL,2021,2021_05_12,30,2572864689
05kmAL,2021,2021_05_13,29,2467600518
05kmAL,2021,2021_05_14,29,2468271002
05kmAL,2021,2021_05_15,58,5084672144
05kmAL,2021,2021_05_16,60,5271373389
05kmAL,2021,2021_05_18,1,76303300
05kmAL,2021,2021_05_20,30,2569882883
05kmAL,2021,2021_05_21,29,2478128734
05kmAL,2021,2021_05_22,29,2613089671
05kmAL,2021,2021_05_23,29,2478325317
05kmAL,2021,2021_05_24,29,2490505866
05kmAL,2021,2021_05_25,60,5267927006
05kmAL,2021,2021_05_26,29,2478325289
05kmAL,2021,2021_05_27,58,5103070732
05kmAL,2021,2021_05_28,28,2516476601
05kmAL,2021,2021_05_31,29,2600714553
05kmAL,2021,2021_06_02,30,2569931971
05kmAL,2021,2021_06_04,29,2612417438
05kmAL,2021,2021_06_05,29,2478325338
05kmAL,2021,2021_06_06,29,2612015761
05kmAL,2021,2021_06_07,60,5266712050
05kmAL,2021,2021_06_08,58,5079039872
05kmAL,2021,2021_06_09,58,5100280772
05kmAL,2021,2021_06_10,19,1660050684
05kmAL,2021,2021_06_11,17,1462015350
05kmAL,2021,2021_06_15,14,897661874
05kmAL,2021,2021_06_16,29,2252494415
05kmAL,2021,2021_06_17,29,2346806583
05kmAL,2021,2021_06_18,29,2336714677
05kmAL,2021,2021_06_19,29,2310910569
05kmAL,2021,2021_06_20,30,2380646520
05kmAL,2021,2021_06_21,19,1516085547
05kmAL,2021,2021_06_22,10,744762263
05kmAL,2021,2021_06_23,28,2270853851
05kmAL,2021,2021_06_24,30,2217347649
05kmAL,2021,2021_06_25,29,2434953395
05kmAL,2021,2021_06_26,29,2341440506
05kmAL,2021,2021_06_27,29,2441954176
05kmAL,2021,2021_06_28,30,2354672446
05kmAL,2021,2021_06_29,29,2082829110
05kmAL,2021,2021_06_30,29,2458250768
05kmAL,2021,2021_07_01,29,2456778591
05kmAL,2021,2021_07_02,30,2368891964
05kmAL,2021,2021_07_03,29,2435085726
05kmAL,2021,2021_07_04,29,2324680252
05kmAL,2021,2021_07_05,29,2341524817
05kmAL,2021,2021_07_06,28,2153570835
05kmAL,2021,2021_07_07,29,2074332300
05kmAL,2021,2021_07_08,29,2449187986
05kmAL,2021,2021_07_09,29,2337707350
05kmAL,2021,2021_07_10,29,2395418783
05kmAL,2021,2021_07_11,30,2528708747
05kmAL,2021,2021_07_12,29,2324078904
05kmAL,2021,2021_07_13,29,2319077000
05kmAL,2021,2021_07_14,29,2267375824
05kmAL,2021,2021_07_15,30,2424274489
05kmAL,2021,2021_07_16,29,2455368233
05kmAL,2021,2021_07_17,29,2461551173
05kmAL,2021,2021_07_18,29,2469207284
05kmAL,2021,2021_07_19,30,2565650976
05kmAL,2021,2021_07_20,29,2452598282
05kmAL,2021,2021_07_21,28,2309521145
05kmAL,2021,2021_07_22,29,2465784394
05kmAL,2021,2021_07_23,29,2462566958
05kmAL,2021,2021_07_24,30,2428151965
05kmAL,2021,2021_07_25,29,2409832514
05kmAL,2021,2021_07_26,29,2482983150
05kmAL,2021,2021_07_27,29,2309911107
05kmAL,2021,2021_07_28,30,2179519370
05kmAL,2021,2021_07_29,29,2460045073
05kmAL,2021,2021_07_30,29,2436809556
05kmAL,2021,2021_07_31,29,2464401971
05kmAL,2021,2021_08_01,30,2480863899
05kmAL,2021,2021_08_02,29,2477850129
05kmAL,2021,2021_08_03,29,2491062833
05kmAL,2021,2021_08_04,29,2480274964
05kmAL,2021,2021_08_05,30,2571406484
05kmAL,2021,2021_08_06,29,2491652676
05kmAL,2021,2021_08_07,29,2480930338
05kmAL,2021,2021_08_08,29,2492947049
05kmAL,2021,2021_08_09,30,2572700864
05kmAL,2021,2021_08_10,29,2480930341
05kmAL,2021,2021_08_11,29,2492308049
05kmAL,2021,2021_08_12,29,2480930300
05kmAL,2021,2021_08_13,29,2439539555
05kmAL,2021,2021_08_14,30,2572782736
05kmAL,2021,2021_08_15,29,2480930330
05kmAL,2021,2021_08_16,29,2489897191
05kmAL,2021,2021_08_17,28,2401176531
05kmAL,2021,2021_08_19,2,134628872
05kmAL,2021,2021_08_20,29,2383685256
05kmAL,2021,2021_08_21,29,2492488247
05kmAL,2021,2021_08_22,30,2572700831
05kmAL,2021,2021_08_23,29,2480930340
05kmAL,2021,2021_08_24,29,2492455504
05kmAL,2021,2021_08_25,29,2479947260
05kmAL,2021,2021_08_26,29,2491800139
05kmAL,2021,2021_08_27,30,2571717794
05kmAL,2021,2021_08_28,29,2479062553
05kmAL,2021,2021_08_29,29,2491423321
05kmAL,2021,2021_08_30,29,2479865386
05kmAL,2021,2021_08_31,30,2571472019
05kmAL,2021,2021_09_01,27,2320357751
05kmAL,2021,2021_09_03,2,140238288
05kmAL,2021,2021_09_04,18,1461110867
05kmAL,2021,2021_09_05,29,2480881160
05kmAL,2021,2021_09_06,29,2493667894
05kmAL,2021,2021_09_07,29,2481700371
05kmAL,2021,2021_09_08,30,2573470895
05kmAL,2021,2021_09_09,29,2493798960
05kmAL,2021,2021_09_10,28,2401897413
05kmAL,2021,2021_09_11,2,171360478
05kmAL,2021,2021_09_12,30,2572979361
05kmAL,2021,2021_09_13,29,2386893230
05kmAL,2021,2021_09_14,29,2493536894
05kmAL,2021,2021_09_15,29,2481700436
05kmAL,2021,2021_09_16,29,2493586081
05kmAL,2021,2021_09_17,30,2572111008
05kmAL,2021,2021_09_18,28,2399210458
05kmAL,2021,2021_09_19,2,109739832
05kmAL,2021,2021_09_20,29,2478374407
05kmAL,2021,2021_09_21,30,2570276000
05kmAL,2021,2021_09_22,29,2490948145
05kmAL,2021,2021_09_23,29,2478374397
05kmAL,2021,2021_09_24,28,2409832109
05kmAL,2021,2021_09_25,30,2570570922
05kmAL,2021,2021_09_26,29,2479160844
05kmAL,2021,2021_09_27,29,2491636333
05kmAL,2021,2021_09_28,29,2480012826
05kmAL,2021,2021_09_29,30,2572536949
05kmAL,2021,2021_09_30,29,2490784325
05kmAL,2021,2021_10_01,29,2442855238
05kmAL,2021,2021_10_02,27,1925484114
05kmAL,2021,2021_10_03,30,2572700803
05kmAL,2021,2021_10_04,29,2480635405
05kmAL,2021,2021_10_05,29,2493241936
05kmAL,2021,2021_10_06,29,2480471554
05kmAL,2021,2021_10_07,29,2346014016
05kmAL,2021,2021_10_08,30,2556120901
05kmAL,2021,2021_10_09,29,2480635418
05kmAL,2021,2021_10_10,29,2412848481
05kmAL,2021,2021_10_11,29,2478685689
05kmAL,2021,2021_10_12,30,2545927634
05kmAL,2021,2021_10_13,29,2485503842
05kmAL,2021,2021_10_14,29,2475979953
05kmAL,2021,2021_10_15,29,2421686498
05kmAL,2021,2021_10_16,30,2568522878
05kmAL,2021,2021_10_17,29,2476457509
05kmAL,2021,2021_10_18,29,2489342547
05kmAL,2021,2021_10_19,28,2396799581
05kmAL,2021,2021_10_21,30,2567881551
05kmAL,2021,2021_10_22,29,2476457499
05kmAL,2021,2021_10_23,29,2475454402
05kmAL,2021,2021_10_24,30,2568359098
05kmAL,2021,2021_10_25,29,2473044861
05kmAL,2021,2021_10_26,29,2490723663
05kmAL,2021,2021_10_27,26,2227248625
05kmAL,2021,2021_11_03,6,514345969
05kmAL,2021,2021_11_04,29,2482098853
05kmAL,2021,2021_11_05,29,2387417932
05kmAL,2021,2021_11_06,30,2574772883
05kmAL,2021,2021_11_07,29,2480881615
05kmAL,2021,2021_11_08,29,2492549417
05kmAL,2021,2021_11_09,29,2478924740
05kmAL,2021,2021_11_10,29,2494211457
05kmAL,2021,2021_11_11,30,2573078057
05kmAL,2021,2021_11_12,29,2479500562
05kmAL,2021,2021_11_13,29,2368864657
05kmAL,2021,2021_11_14,30,2569903995
05kmAL,2021,2021_11_15,29,2478283327
05kmAL,2021,2021_11_16,29,2489951164
05kmAL,2021,2021_11_17,29,2476457476
05kmAL,2021,2021_11_18,29,2482390904
05kmAL,2021,2021_11_19,30,2568522923
05kmAL,2021,2021_11_20,29,2476457501
05kmAL,2021,2021_11_21,29,2488883818
05kmAL,2021,2021_11_22,29,2476457483
05kmAL,2021,2021_11_23,29,2489014840
05kmAL,2021,2021_11_24,29,2489342546
05kmAL,2021,2021_11_25,29,2476457502
05kmAL,2021,2021_11_26,28,2386679785
05kmAL,2021,2021_11_27,30,2568686713
05kmAL,2021,2021_11_28,29,2476457498
05kmAL,2021,2021_11_29,29,2488570084
05kmAL,2021,2021_11_30,29,2476457471
05kmAL,2021,2021_12_01,29,2489342529
05kmAL,2021,2021_12_02,30,2568110892
05kmAL,2021,2021_12_03,29,2476359203
05kmAL,2021,2021_12_04,29,2383567224
05kmAL,2021,2021_12_05,29,2479799812
05kmAL,2021,2021_12_06,30,2564270955
05kmAL,2021,2021_12_07,29,2493241924
05kmAL,2021,2021_12_08,29,2480635434
05kmAL,2021,2021_12_09,29,2493078059
05kmAL,2021,2021_12_10,30,2514356964
05kmAL,2021,2021_12_11,29,2480635365
05kmAL,2021,2021_12_12,28,2360083062
05kmAL,2021,2021_12_13,28,2400897960
05kmAL,2021,2021_12_14,13,1108440943
05kmAL,2021,2021_12_15,29,2490973738
05kmAL,2021,2021_12_16,29,2479879321
05kmAL,2021,2021_12_17,28,2292576646
05kmAL,2021,2021_12_18,30,2572700809
05kmAL,2021,2021_12_19,29,2480635414
05kmAL,2021,2021_12_20,29,2493241930
05kmAL,2021,2021_12_21,29,2480520707
05kmAL,2021,2021_12_22,29,2488455403
05kmAL,2021,2021_12_23,30,2572700829
05kmAL,2021,2021_12_24,28,2400717753
05kmAL,2021,2021_12_25,29,2098206877
05kmAL,2021,2021_12_26,29,2480471561
05kmAL,2021,2021_12_27,30,2571914379
05kmAL,2021,2021_12_28,29,2491800137
05kmAL,2021,2021_12_29,29,2479357429
05kmAL,2021,2021_12_30,29,2478751255
05kmAL,2021,2021_12_31,30,2500619941
05kmAL,2022,2022_01_01,29,2478833165
05kmAL,2022,2022_01_02,29,2490817104
05kmAL,2022,2022_01_03,27,1980074705
05kmAL,2022,2022_01_04,29,2490817120
05kmAL,2022,2022_01_05,30,2570275979
05kmAL,2022,2022_01_06,29,2478095871
05kmAL,2022,2022_01_07,29,2393746514
05kmAL,2022,2022_01_08,29,2478374423
05kmAL,2022,2022_01_09,30,2563667119
05kmAL,2022,2022_01_10,29,2490948177
05kmAL,2022,2022_01_11,29,2478505490
05kmAL,2022,2022_01_12,29,2490522213
05kmAL,2022,2022_01_13,30,2570276036
05kmAL,2022,2022_01_14,29,2478374390
05kmAL,2022,2022_01_15,29,2490817103
05kmAL,2022,2022_01_16,29,2478374408
05kmAL,2022,2022_01_17,29,2490817092
05kmAL,2022,2022_01_18,2,115214486
05kmAL,2022,2022_01_19,26,2227555017
05kmAL,2022,2022_01_26,6,514507384
05kmAL,2022,2022_01_27,29,2479013415
05kmAL,2022,2022_01_28,29,2490538596
05kmAL,2022,2022_01_29,29,2476045475
05kmAL,2022,2022_01_30,30,2571979939
05kmAL,2022,2022_01_31,29,2482669429
05kmAL,2022,2022_02_01,29,2479799807
05kmAL,2022,2022_02_02,29,2467582847
05kmAL,2022,2022_02_03,30,2535299909
05kmAL,2022,2022_02_04,29,2406127313
05kmAL,2022,2022_02_05,29,2394961280
05kmAL,2022,2022_02_06,29,2469548930
05kmAL,2022,2022_02_07,29,2349656064
05kmAL,2022,2022_02_08,30,2547782705
05kmAL,2022,2022_02_09,29,2447990627
05kmAL,2022,2022_02_10,29,2492308053
05kmAL,2022,2022_02_11,29,2406420943
05kmAL,2022,2022_02_12,30,2488520105
05kmAL,2022,2022_02_13,29,2483816336
05kmAL,2022,2022_02_14,29,2471730409
05kmAL,2022,2022_02_15,29,2431444774
05kmAL,2022,2022_02_16,30,2548942298
05kmAL,2022,2022_02_17,29,2453271108
05kmAL,2022,2022_02_18,29,2402010147
05kmAL,2022,2022_02_19,29,2458484919
05kmAL,2022,2022_02_20,30,2430559164
05kmAL,2022,2022_02_21,29,2420016587
05kmAL,2022,2022_02_22,29,2435496403
05kmAL,2022,2022_02_23,29,2489489985
05kmAL,2022,2022_02_24,30,2517454829
05kmAL,2022,2022_02_25,29,2322092885
05kmAL,2022,2022_02_26,29,2464303632
05kmAL,2022,2022_02_27,29,2441116104
05kmAL,2022,2022_02_28,29,2302678334
05kmAL,2022,2022_03_01,30,2543615071
05kmAL,2022,2022_03_02,29,2465272674
05kmAL,2022,2022_03_03,29,2490047029
05kmAL,2022,2022_03_04,29,2410405961
05kmAL,2022,2022_03_05,30,2417276073
05kmAL,2022,2022_03_06,29,2453331824
05kmAL,2022,2022_03_07,29,2462417065
05kmAL,2022,2022_03_08,29,2310945663
05kmAL,2022,2022_03_09,30,2370972529
05kmAL,2022,2022_03_10,29,2336836498
05kmAL,2022,2022_03_11,29,2470109652
05kmAL,2022,2022_03_12,29,2413853785
05kmAL,2022,2022_03_13,29,2390714162
05kmAL,2022,2022_03_14,30,2537220473
05kmAL,2022,2022_03_15,29,2471601744
05kmAL,2022,2022_03_16,29,2408067864
05kmAL,2022,2022_03_17,29,2437118447
05kmAL,2022,2022_03_18,30,2542648408
05kmAL,2022,2022_03_19,29,2480815662
05kmAL,2022,2022_03_20,29,2426441484
05kmAL,2022,2022_03_21,29,2418765307
05kmAL,2022,2022_03_22,30,2562292188
05kmAL,2022,2022_03_23,29,2470893729
05kmAL,2022,2022_03_24,29,2486325524
05kmAL,2022,2022_03_25,29,2394930951
05kmAL,2022,2022_03_26,29,2461251462
05kmAL,2022,2022_03_27,26,2216390425
05kmAL,2022,2022_03_31,8,601078503
05kmAL,2022,2022_04_01,29,2483160991
05kmAL,2022,2022_04_02,29,2451090891
05kmAL,2022,2022_04_03,29,2433490372
05kmAL,2022,2022_04_04,30,2567701283
05kmAL,2022,2022_04_05,29,2478095854
05kmAL,2022,2022_04_06,29,2489686568
05kmAL,2022,2022_04_07,29,2376484515
05kmAL,2022,2022_04_08,30,2560143479
05kmAL,2022,2022_04_09,29,2361313522
05kmAL,2022,2022_04_10,27,2141829768
05kmAL,2022,2022_04_11,29,2359066399
05kmAL,2022,2022_04_12,30,2531038882
05kmAL,2022,2022_04_13,29,2468057973
05kmAL,2022,2022_04_14,29,2455828295
05kmAL,2022,2022_04_15,28,2157993150
05kmAL,2022,2022_04_16,21,1738345423
05kmAL,2022,2022_04_17,30,2549683262
05kmAL,2022,2022_04_18,29,2326370211
05kmAL,2022,2022_04_19,29,2418048095
05kmAL,2022,2022_04_20,29,2399276332
05kmAL,2022,2022_04_21,30,2572405943
05kmAL,2022,2022_04_22,29,2492701265
05kmAL,2022,2022_04_23,29,2481569316
05kmAL,2022,2022_04_24,28,2164537802
05kmAL,2022,2022_04_25,30,2494666473
05kmAL,2022,2022_04_26,29,2465153176
05kmAL,2022,2022_04_27,29,2493798997
05kmAL,2022,2022_04_28,29,2464979103
05kmAL,2022,2022_04_29,30,2557732654
05kmAL,2022,2022_04_30,29,2469959827
05kmAL,2022,2022_05_01,29,2411179491
05kmAL,2022,2022_05_02,28,1948311388
05kmAL,2022,2022_05_03,30,2538073581
05kmAL,2022,2022_05_04,29,2474961777
05kmAL,2022,2022_05_05,29,2492111489
05kmAL,2022,2022_05_06,29,2360379719
05kmAL,2022,2022_05_07,29,2484619202
05kmAL,2022,2022_05_08,30,2573126900
05kmAL,2022,2022_05_09,29,2417552939
05kmAL,2022,2022_05_10,29,2334533186
05kmAL,2022,2022_05_11,29,2468452482
05kmAL,2022,2022_05_12,30,2293920139
05kmAL,2022,2022_05_13,29,2483505061
05kmAL,2022,2022_05_14,29,2430920461
05kmAL,2022,2022_05_15,25,2088248708
05kmAL,2022,2022_05_16,30,2537037904
05kmAL,2022,2022_05_17,29,2464317634
05kmAL,2022,2022_05_18,29,2446760802
05kmAL,2022,2022_05_19,29,2414161478
05kmAL,2022,2022_05_20,30,2570996946
05kmAL,2022,2022_05_21,29,2444706669
05kmAL,2022,2022_05_22,29,2455402334
05kmAL,2022,2022_05_23,29,2401861367
05kmAL,2022,2022_05_24,30,2556307247
05kmAL,2022,2022_05_25,29,2474718412
05kmAL,2022,2022_05_26,29,2491636335
05kmAL,2022,2022_05_27,29,2470783804
05kmAL,2022,2022_05_28,29,2482082029
05kmAL,2022,2022_05_29,30,2446410997
05kmAL,2022,2022_05_30,29,2430591510
05kmAL,2022,2022_05_31,29,2284465000
05kmAL,2022,2022_06_01,29,2469157004
05kmAL,2022,2022_06_02,30,2569161874
05kmAL,2022,2022_06_03,29,2491144785
05kmAL,2022,2022_06_04,29,2408671651
05kmAL,2022,2022_06_05,29,2422606388
05kmAL,2022,2022_06_06,30,2476156914
05kmAL,2022,2022_06_07,29,2450449516
05kmAL,2022,2022_06_08,29,2417870293
05kmAL,2022,2022_06_09,29,2472586065
05kmAL,2022,2022_06_10,30,2564309815
05kmAL,2022,2022_06_11,29,2489031217
05kmAL,2022,2022_06_12,29,2435330144
05kmAL,2022,2022_06_13,29,2478652954
05kmAL,2022,2022_06_14,30,2569325727
05kmAL,2022,2022_06_15,29,2474552082
05kmAL,2022,2022_06_16,29,2473028430
05kmAL,2022,2022_06_17,29,2301892104
05kmAL,2022,2022_06_18,30,2570636441
05kmAL,2022,2022_06_19,29,2453383412
05kmAL,2022,2022_06_20,29,2435810119
05kmAL,2022,2022_06_21,29,2440559077
05kmAL,2022,2022_06_22,28,2393536768
05kmAL,2022,2022_06_23,29,2470517977
05kmAL,2022,2022_06_24,28,2256295191
05kmAL,2022,2022_06_25,29,2479029767
05kmAL,2022,2022_06_26,29,2423575591
05kmAL,2022,2022_06_27,30,2532581446
05kmAL,2022,2022_06_28,29,2417361259
05kmAL,2022,2022_06_29,29,2419720578
05kmAL,2022,2022_06_30,29,2476913880
05kmAL,2022,2022_07_01,30,2516642842
05kmAL,2022,2022_07_02,29,2492045908
05kmAL,2022,2022_07_03,29,2474144944
05kmAL,2022,2022_07_04,29,2482683412
05kmAL,2022,2022_07_05,30,2556602138
05kmAL,2022,2022_07_06,29,2461810870
05kmAL,2022,2022_07_07,29,2335522142
05kmAL,2022,2022_07_08,29,2386317297
05kmAL,2022,2022_07_09,30,2568864554
05kmAL,2022,2022_07_10,29,2490800696
05kmAL,2022,2022_07_11,29,2471846346
05kmAL,2022,2022_07_12,29,2469679993
05kmAL,2022,2022_07_13,30,2533812650
05kmAL,2022,2022_07_14,29,2452351206
05kmAL,2022,2022_07_15,29,2281692361
05kmAL,2022,2022_07_16,29,2475685070
05kmAL,2022,2022_07_17,30,2549534498
05kmAL,2022,2022_07_18,29,2484425008
05kmAL,2022,2022_07_19,29,2346854445
05kmAL,2022,2022_07_20,29,2374513509
05kmAL,2022,2022_07_21,30,2552404179
05kmAL,2022,2022_07_22,29,2379186648
05kmAL,2022,2022_07_23,29,2366968536
05kmAL,2022,2022_07_24,29,2466470040
05kmAL,2022,2022_07_25,30,2490749603
05kmAL,2022,2022_07_26,29,2460125706
05kmAL,2022,2022_07_27,29,2371123284
05kmAL,2022,2022_07_28,29,2464045181
05kmAL,2022,2022_07_29,30,2563586557
05kmAL,2022,2022_07_30,29,2480061985
05kmAL,2022,2022_07_31,29,2268210328
05kmAL,2022,2022_08_01,29,2479078974
05kmAL,2022,2022_08_02,29,2391534678
05kmAL,2022,2022_08_03,30,2547353110
05kmAL,2022,2022_08_04,29,2443065868
05kmAL,2022,2022_08_05,27,2012526653
05kmAL,2022,2022_08_06,29,2447320227
05kmAL,2022,2022_08_07,29,2405633448
05kmAL,2022,2022_08_08,22,1680429311
05kmAL,2022,2022_08_09,29,2398897187
05kmAL,2022,2022_08_10,29,2463349636
05kmAL,2022,2022_08_11,30,2542187294
05kmAL,2022,2022_08_12,29,2454398051
05kmAL,2022,2022_08_13,29,2440511170
05kmAL,2022,2022_08_14,29,2473555093
05kmAL,2022,2022_08_15,30,2562240608
05kmAL,2022,2022_08_16,29,2490522184
05kmAL,2022,2022_08_17,29,2468979112
05kmAL,2022,2022_08_18,29,2483648771
05kmAL,2022,2022_08_19,30,2492471031
05kmAL,2022,2022_08_20,23,1945959946
05kmAL,2022,2022_08_21,29,2332260609
05kmAL,2022,2022_08_22,29,2468473643
05kmAL,2022,2022_08_23,30,2549548482
05kmAL,2022,2022_08_24,29,2490978558
05kmAL,2022,2022_08_25,27,2233849570
05kmAL,2022,2022_08_26,29,2413422984
05kmAL,2022,2022_08_27,20,1714784379
05kmAL,2022,2022_08_30,6,496897681
05kmAL,2022,2022_08_31,30,2556778626
05kmAL,2022,2022_09_01,29,2487764816
05kmAL,2022,2022_09_02,23,1917707396
05kmAL,2022,2022_09_03,29,2438987500
05kmAL,2022,2022_09_04,30,2556244053
05kmAL,2022,2022_09_05,29,2441820626
05kmAL,2022,2022_09_06,29,2461941938
05kmAL,2022,2022_09_07,29,2474521746
05kmAL,2022,2022_09_08,30,2536239855
05kmAL,2022,2022_09_09,29,2487489146
05kmAL,2022,2022_09_10,29,2385073715
05kmAL,2022,2022_09_11,29,2473707844
05kmAL,2022,2022_09_12,30,2567266603
05kmAL,2022,2022_09_13,29,2447605040
05kmAL,2022,2022_09_14,29,2440813644
05kmAL,2022,2022_09_15,29,2472956138
05kmAL,2022,2022_09_16,29,2474534470
05kmAL,2022,2022_09_17,30,2559766660
05kmAL,2022,2022_09_18,29,2477978834
05kmAL,2022,2022_09_19,29,2491950038
05kmAL,2022,2022_09_20,30,2538886929
05kmAL,2022,2022_09_21,29,2435539504
05kmAL,2022,2022_09_22,29,1998069828
05kmAL,2022,2022_09_23,28,2346337743
05kmAL,2022,2022_09_24,29,2474780257
05kmAL,2022,2022_09_25,30,2563303233
05kmAL,2022,2022_09_26,29,2480108701
05kmAL,2022,2022_09_27,29,2494243765
05kmAL,2022,2022_09_28,30,2557042103
05kmAL,2022,2022_09_29,29,2466696827
05kmAL,2022,2022_09_30,29,2278251903
05kmAL,2022,2022_10_01,29,2460710679
05kmAL,2022,2022_10_02,29,2464205303
05kmAL,2022,2022_10_03,30,2470644645
05kmAL,2022,2022_10_04,29,2475174695
05kmAL,2022,2022_10_05,29,2491081669
05kmAL,2022,2022_10_06,30,2442460060
05kmAL,2022,2022_10_07,28,2221809264
05kmAL,2022,2022_10_08,29,2471976168
05kmAL,2022,2022_10_09,29,2479453358
05kmAL,2022,2022_10_10,29,2469906914
05kmAL,2022,2022_10_11,30,2570833036
05kmAL,2022,2022_10_12,29,2479862994
05kmAL,2022,2022_10_13,29,2494260141
05kmAL,2022,2022_10_14,30,2481762656
05kmAL,2022,2022_10_15,29,2479289491
05kmAL,2022,2022_10_16,29,2492621739
05kmAL,2022,2022_10_17,29,2467139338
05kmAL,2022,2022_10_18,29,2491966398
05kmAL,2022,2022_10_19,30,2570325119
05kmAL,2022,2022_10_20,28,2398964686
05kmAL,2022,2022_11_09,10,805561282
05kmAL,2022,2022_11_10,3,237059843
05kmAL,2022,2022_12_08,4,310237602
05kmAL,2022,2022_12_09,29,2356895316
05kmAL,2022,2022_12_10,30,2431001718
05kmAL,2022,2022_12_11,29,2478733606
05kmAL,2022,2022_12_12,29,2473862724
05kmAL,2022,2022_12_13,29,2480504355
05kmAL,2022,2022_12_14,30,2344257621
05kmAL,2022,2022_12_15,28,2203903484
05kmAL,2022,2022_12_16,29,2460319941
05kmAL,2022,2022_12_17,29,2423342542
05kmAL,2022,2022_12_18,28,2250945495
05kmAL,2022,2022_12_19,29,2238286565
05kmAL,2022,2022_12_20,29,2442710130
05kmAL,2022,2022_12_21,29,2493227927
05kmAL,2022,2022_12_22,30,2327908346
05kmAL,2022,2022_12_23,29,2479912096
05kmAL,2022,2022_12_24,29,2494211043
05kmAL,2022,2022_12_25,29,2431180199
05kmAL,2022,2022_12_26,30,2572946602
05kmAL,2022,2022_12_27,29,2456957495
05kmAL,2022,2022_12_28,29,2450300764
05kmAL,2022,2022_12_29,29,2494243734
05kmAL,2022,2022_12_31,28,2400469613
VFM,2007,2007_01_01,29,2610687019
VFM,2007,2007_01_02,29,2621851305
VFM,2007,2007_01_03,29,2584722163
VFM,2007,2007_01_04,30,2706494627
VFM,2007,2007_01_05,29,2615797939
VFM,2007,2007_01_06,29,2609346720
VFM,2007,2007_01_07,29,2621851291
VFM,2007,2007_01_08,29,2610550095
VFM,2007,2007_01_09,29,2621714455
VFM,2007,2007_01_10,29,2599383910
VFM,2007,2007_01_11,29,2620511010
VFM,2007,2007_01_12,30,2685640972
VFM,2007,2007_01_13,29,2610686963
VFM,2007,2007_01_14,29,2622119816
VFM,2007,2007_01_15,8,721535009
VFM,2007,2007_01_17,15,1347799393
VFM,2007,2007_01_18,29,2622119785
VFM,2007,2007_01_19,29,2610686943
VFM,2007,2007_01_20,30,2707164713
VFM,2007,2007_01_21,29,2622252968
VFM,2007,2007_01_22,29,2612293604
VFM,2007,2007_01_23,29,2624662969
VFM,2007,2007_01_24,29,2613361700
VFM,2007,2007_01_25,28,2536792319
VFM,2007,2007_01_26,29,2578119828
VFM,2007,2007_01_27,29,2422462312
VFM,2007,2007_01_28,30,2709976417
VFM,2007,2007_01_29,29,2614570473
VFM,2007,2007_01_30,29,2625867959
VFM,2007,2007_01_31,29,2614301954
VFM,2007,2007_02_01,29,2618876487
VFM,2007,2007_02_02,29,2616578786
VFM,2007,2007_02_03,29,2626269626
VFM,2007,2007_02_04,29,2615105308
VFM,2007,2007_02_05,29,2627072924
VFM,2007,2007_02_06,30,2557958226
VFM,2007,2007_02_07,29,2615908647
VFM,2007,2007_02_08,29,2626671292
VFM,2007,2007_02_09,29,2615908603
VFM,2007,2007_02_10,29,2627072973
VFM,2007,2007_02_11,29,2616310287
VFM,2007,2007_02_12,29,2626804483
VFM,2007,2007_02_13,30,2712386400
VFM,2007,2007_02_14,29,2616711989
VFM,2007,2007_02_15,29,2627474629
VFM,2007,2007_02_16,29,2536940230
VFM,2007,2007_02_17,29,2627743161
VFM,2007,2007_02_18,29,2616711974
VFM,2007,2007_02_19,29,2627743114
VFM,2007,2007_02_20,29,2616980474
VFM,2007,2007_02_21,29,2627743111
VFM,2007,2007_02_22,30,2712787945
VFM,2007,2007_02_23,29,2505859246
VFM,2007,2007_02_24,29,2627474633
VFM,2007,2007_02_25,29,2616711917
VFM,2007,2007_02_26,29,2627474635
VFM,2007,2007_02_27,29,2616980411
VFM,2007,2007_02_28,29,2627743092
VFM,2007,2007_03_02,30,2712788057
VFM,2007,2007_03_03,29,2627743104
VFM,2007,2007_03_04,29,2616980392
VFM,2007,2007_03_05,29,2627474617
VFM,2007,2007_03_06,29,2616711893
VFM,2007,2007_03_07,11,986082368
VFM,2007,2007_03_08,15,1351012711
VFM,2007,2007_03_09,29,2584022042
VFM,2007,2007_03_10,30,2712519615
VFM,2007,2007_03_11,29,2616980434
VFM,2007,2007_03_12,29,2627474617
VFM,2007,2007_03_13,29,2616711986
VFM,2007,2007_03_14,29,2627743045
VFM,2007,2007_03_15,29,2616980432
VFM,2007,2007_03_16,29,2627474579
VFM,2007,2007_03_17,29,2616711957
VFM,2007,2007_03_18,30,2712519542
VFM,2007,2007_03_19,29,2626402843
VFM,2007,2007_03_20,29,2616711931
VFM,2007,2007_03_21,29,2627743044
VFM,2007,2007_03_22,29,2616711960
VFM,2007,2007_03_23,29,2627474608
VFM,2007,2007_03_24,29,2616711934
VFM,2007,2007_03_25,29,2627474641
VFM,2007,2007_03_26,12,1084846739
VFM,2007,2007_03_27,18,1571977993
VFM,2007,2007_03_28,29,2627341425
VFM,2007,2007_03_29,29,2616711958
VFM,2007,2007_03_30,29,2627474620
VFM,2007,2007_03_31,29,2616711965
VFM,2007,2007_04_01,29,2627474594
VFM,2007,2007_04_02,29,2538421108
VFM,2007,2007_04_03,29,2627474650
VFM,2007,2007_04_04,30,2712788079
VFM,2007,2007_04_05,16,1446551845
VFM,2007,2007_04_06,12,1082158416
VFM,2007,2007_04_07,29,2616711943
VFM,2007,2007_04_08,29,2563035820
VFM,2007,2007_04_09,29,2616578761
VFM,2007,2007_04_10,29,2627474595
VFM,2007,2007_04_11,30,2712519553
VFM,2007,2007_04_12,29,2616980418
VFM,2007,2007_04_13,29,2627743120
VFM,2007,2007_04_14,29,2616711941
VFM,2007,2007_04_15,29,2627474579
VFM,2007,2007_04_16,29,2611201634
VFM,2007,2007_04_17,29,2627474563
VFM,2007,2007_04_18,29,2616711991
VFM,2007,2007_04_19,29,2627474557
VFM,2007,2007_04_20,30,2712788047
VFM,2007,2007_04_21,29,2616711949
VFM,2007,2007_04_22,29,2627743101
VFM,2007,2007_04_23,29,2616711893
VFM,2007,2007_04_24,9,818949263
VFM,2007,2007_04_26,18,1625386170
VFM,2007,2007_04_27,29,2616711948
VFM,2007,2007_04_28,30,2712519547
VFM,2007,2007_04_29,29,2627474615
VFM,2007,2007_04_30,29,2616711993
VFM,2007,2007_05_01,29,2627474605
VFM,2007,2007_05_02,29,2616711981
VFM,2007,2007_05_03,29,2627474628
VFM,2007,2007_05_04,29,2616711930
VFM,2007,2007_05_05,29,2627474617
VFM,2007,2007_05_06,30,2712386362
VFM,2007,2007_05_07,29,2616711933
VFM,2007,2007_05_08,29,2599896984
VFM,2007,2007_05_09,29,2616712000
VFM,2007,2007_05_10,29,2627474562
VFM,2007,2007_05_11,29,2616041800
VFM,2007,2007_05_12,29,2627474633
VFM,2007,2007_05_13,29,2616980399
VFM,2007,2007_05_14,29,2627474565
VFM,2007,2007_05_15,18,1627672854
VFM,2007,2007_05_16,29,2616175012
VFM,2007,2007_05_17,29,2626400689
VFM,2007,2007_05_18,29,2616175028
VFM,2007,2007_05_19,29,2600034230
VFM,2007,2007_05_20,29,2615637996
VFM,2007,2007_05_21,29,2626132172
VFM,2007,2007_05_22,30,2709162941
VFM,2007,2007_05_23,29,2575150425
VFM,2007,2007_05_24,29,2626400703
VFM,2007,2007_05_25,29,2613893988
VFM,2007,2007_05_26,29,2625326752
VFM,2007,2007_05_27,29,2613757103
VFM,2007,2007_05_28,29,2623851210
VFM,2007,2007_05_29,29,2612549969
VFM,2007,2007_05_30,30,2708627632
VFM,2007,2007_05_31,29,2622912586
VFM,2007,2007_06_01,29,2612820118
VFM,2007,2007_06_02,29,2623314259
VFM,2007,2007_06_03,29,2612820044
VFM,2007,2007_06_04,29,2623314252
VFM,2007,2007_06_05,29,2612820038
VFM,2007,2007_06_06,29,2622109223
VFM,2007,2007_06_07,30,2708359241
VFM,2007,2007_06_08,29,2612820023
VFM,2007,2007_06_09,29,2541789421
VFM,2007,2007_06_10,29,2613221804
VFM,2007,2007_06_11,29,2623314340
VFM,2007,2007_06_12,29,2612820192
VFM,2007,2007_06_13,29,2623314332
VFM,2007,2007_06_14,29,2612820098
VFM,2007,2007_06_15,30,2708359291
VFM,2007,2007_06_16,29,2623314312
VFM,2007,2007_06_17,29,2612820112
VFM,2007,2007_06_18,29,2622912635
VFM,2007,2007_06_19,29,2612820128
VFM,2007,2007_06_20,29,2622912567
VFM,2007,2007_06_21,29,2613221743
VFM,2007,2007_06_22,29,2623715961
VFM,2007,2007_06_23,30,2708359245
VFM,2007,2007_06_24,29,2612820128
VFM,2007,2007_06_25,29,2622510929
VFM,2007,2007_06_26,29,2612820162
VFM,2007,2007_06_27,27,2407486556
VFM,2007,2007_06_28,29,2612820057
VFM,2007,2007_06_29,29,2622912609
VFM,2007,2007_06_30,29,2613221767
VFM,2007,2007_07_01,30,2707957526
VFM,2007,2007_07_02,29,2623314279
VFM,2007,2007_07_03,29,2612820112
VFM,2007,2007_07_04,29,2623314185
VFM,2007,2007_07_05,29,2612820051
VFM,2007,2007_07_06,29,2623314221
VFM,2007,2007_07_07,29,2612418398
VFM,2007,2007_07_08,29,2623314168
VFM,2007,2007_07_09,30,2667330624
VFM,2007,2007_07_10,29,2612016659
VFM,2007,2007_07_11,27,2441123502
VFM,2007,2007_07_12,2,180584045
VFM,2007,2007_07_13,8,722336213
VFM,2007,2007_07_14,29,2612820095
VFM,2007,2007_07_15,29,2623715870
VFM,2007,2007_07_16,29,2612820085
VFM,2007,2007_07_17,30,2708359193
VFM,2007,2007_07_18,29,2623314234
VFM,2007,2007_07_19,29,2612016758
VFM,2007,2007_07_20,29,2622510908
VFM,2007,2007_07_21,29,2612820084
VFM,2007,2007_07_22,29,2622912542
VFM,2007,2007_07_23,29,2612820005
VFM,2007,2007_07_24,29,2622510894
VFM,2007,2007_07_25,30,2708359160
VFM,2007,2007_07_26,29,2612820070
VFM,2007,2007_07_27,27,2441926838
VFM,2007,2007_07_28,11,987965243
VFM,2007,2007_07_29,29,2622912555
VFM,2007,2007_07_30,29,2612820066
VFM,2007,2007_07_31,29,2623314238
VFM,2007,2007_08_01,29,2612820089
VFM,2007,2007_08_02,30,2708359076
VFM,2007,2007_08_03,29,2623314214
VFM,2007,2007_08_04,29,2612820033
VFM,2007,2007_08_05,29,2623314216
VFM,2007,2007_08_06,29,2612820023
VFM,2007,2007_08_07,29,2621302188
VFM,2007,2007_08_08,29,2612820024
VFM,2007,2007_08_09,29,2623314232
VFM,2007,2007_08_10,30,2708359188
VFM,2007,2007_08_11,29,2613088515
VFM,2007,2007_08_12,29,2624521342
VFM,2007,2007_08_13,29,2614162422
VFM,2007,2007_08_14,29,2624925144
VFM,2007,2007_08_15,29,2614430970
VFM,2007,2007_08_16,29,2625863773
VFM,2007,2007_08_17,30,2711043957
VFM,2007,2007_08_18,29,2616711981
VFM,2007,2007_08_19,29,2627474649
VFM,2007,2007_08_20,29,2616711969
VFM,2007,2007_08_21,28,2531935495
VFM,2007,2007_08_22,29,2616578771
VFM,2007,2007_08_23,29,2627474628
VFM,2007,2007_08_24,29,2616711981
VFM,2007,2007_08_25,29,2627474600
VFM,2007,2007_08_26,30,2712519442
VFM,2007,2007_08_27,29,2616711944
VFM,2007,2007_08_28,29,2626667496
VFM,2007,2007_08_29,29,2616980397
VFM,2007,2007_08_30,29,2627474618
VFM,2007,2007_08_31,29,2616980478
VFM,2007,2007_09_01,29,2627474531
VFM,2007,2007_09_02,30,2711849401
VFM,2007,2007_09_03,29,2616712000
VFM,2007,2007_09_04,29,2626804461
VFM,2007,2007_09_05,29,2616980428
VFM,2007,2007_09_06,28,2500597834
VFM,2007,2007_09_07,29,2615908682
VFM,2007,2007_09_08,29,2625867990
VFM,2007,2007_09_09,29,2614033570
VFM,2007,2007_09_10,29,2624663036
VFM,2007,2007_09_11,30,2707699580
VFM,2007,2007_09_12,29,2610687014
VFM,2007,2007_09_13,28,2525638353
VFM,2007,2007_09_14,29,2610687014
VFM,2007,2007_09_15,29,2619024020
VFM,2007,2007_09_16,29,2610686950
VFM,2007,2007_09_17,29,2621851319
VFM,2007,2007_09_18,30,2706494578
VFM,2007,2007_09_19,29,2610550096
VFM,2007,2007_09_20,29,2621851305
VFM,2007,2007_09_21,29,2610687013
VFM,2007,2007_09_22,29,2621851292
VFM,2007,2007_09_23,29,2610687028
VFM,2007,2007_09_24,29,2512345545
VFM,2007,2007_09_25,29,2610687003
VFM,2007,2007_09_26,30,2706357699
VFM,2007,2007_09_27,29,2621851309
VFM,2007,2007_09_28,29,2610686977
VFM,2007,2007_09_29,29,2624146696
VFM,2007,2007_09_30,29,2613387708
VFM,2007,2007_10_01,29,2625094316
VFM,2007,2007_10_02,29,2611360830
VFM,2007,2007_10_03,29,2623878191
VFM,2007,2007_10_04,30,2711764509
VFM,2007,2007_10_05,29,2615551443
VFM,2007,2007_10_06,29,2627795053
VFM,2007,2007_10_07,29,2616225384
VFM,2007,2007_10_08,29,2555008640
VFM,2007,2007_10_09,29,2616630719
VFM,2007,2007_10_10,29,2627389655
VFM,2007,2007_10_11,30,2711764446
VFM,2007,2007_10_12,29,2616225369
VFM,2007,2007_10_13,29,2627795113
VFM,2007,2007_10_14,29,2616630749
VFM,2007,2007_10_15,29,2627795063
VFM,2007,2007_10_16,2,180856250
VFM,2007,2007_10_17,10,892304274
VFM,2007,2007_10_18,29,2616225337
VFM,2007,2007_10_19,29,2627121209
VFM,2007,2007_10_20,30,2711222173
VFM,2007,2007_10_21,29,2616630751
VFM,2007,2007_10_22,29,2627795043
VFM,2007,2007_10_23,29,2616225387
VFM,2007,2007_10_24,29,2627795100
VFM,2007,2007_10_25,29,2616225402
VFM,2007,2007_10_26,29,2607209467
VFM,2007,2007_10_27,30,2711222264
VFM,2007,2007_10_28,29,2615414655
VFM,2007,2007_10_29,29,2626984289
VFM,2007,2007_10_30,27,2414912174
VFM,2007,2007_10_31,29,2626715832
VFM,2007,2007_11_01,29,2613387735
VFM,2007,2007_11_02,29,2598729445
VFM,2007,2007_11_03,29,2612982389
VFM,2007,2007_11_04,27,2446128073
VFM,2007,2007_11_05,4,361712500
VFM,2007,2007_11_06,29,2612308486
VFM,2007,2007_11_07,29,2570348151
VFM,2007,2007_11_08,29,2611766267
VFM,2007,2007_11_09,29,2626578944
VFM,2007,2007_11_10,29,2612576939
VFM,2007,2007_11_11,29,2626578950
VFM,2007,2007_11_12,30,2708789947
VFM,2007,2007_11_13,29,2615414623
VFM,2007,2007_11_14,29,2624957392
VFM,2007,2007_11_15,29,2615414597
VFM,2007,2007_11_16,29,2625768163
VFM,2007,2007_11_17,29,2615819997
VFM,2007,2007_11_18,29,2626578893
VFM,2007,2007_11_19,29,2615009236
VFM,2007,2007_11_20,30,2712843695
VFM,2007,2007_11_21,29,2627795107
VFM,2007,2007_11_22,29,2614740750
VFM,2007,2007_11_23,29,2627795011
VFM,2007,2007_11_24,29,2616630738
VFM,2007,2007_11_25,29,2627795052
VFM,2007,2007_11_26,29,2616225325
VFM,2007,2007_11_27,29,2627795063
VFM,2007,2007_11_28,29,2615819975
VFM,2007,2007_11_29,29,2616630721
VFM,2007,2007_11_30,29,2627795030
VFM,2007,2007_12_01,29,2616225357
VFM,2007,2007_12_02,29,2627795059
VFM,2007,2007_12_03,29,2616630702
VFM,2007,2007_12_04,29,2599141933
VFM,2007,2007_12_05,29,2616225329
VFM,2007,2007_12_06,30,2684190582
VFM,2007,2007_12_07,29,2627795080
VFM,2007,2007_12_08,29,2616225366
VFM,2007,2007_12_09,29,2627795030
VFM,2007,2007_12_10,29,2616630758
VFM,2007,2007_12_11,29,2627795041
VFM,2007,2007_12_12,19,1129697914
VFM,2007,2007_12_13,29,2627795052
VFM,2007,2007_12_14,30,2712438316
VFM,2007,2007_12_15,28,2531582079
VFM,2007,2007_12_16,6,542568725
VFM,2007,2007_12_17,17,1525572283
VFM,2007,2007_12_18,29,2626578934
VFM,2007,2007_12_19,25,2251406734
VFM,2007,2007_12_20,29,2625362836
VFM,2007,2007_12_21,29,2611903129
VFM,2007,2007_12_22,30,2709195338
VFM,2007,2007_12_23,29,2619174991
VFM,2007,2007_12_24,29,2610687012
VFM,2007,2007_12_25,29,2621851339
VFM,2007,2007_12_26,29,2611360870
VFM,2007,2007_12_27,29,2622119784
VFM,2007,2007_12_28,29,2610955452
VFM,2007,2007_12_29,29,2622119799
VFM,2007,2007_12_30,30,2706494570
VFM,2007,2007_12_31,29,2610686993
VFM,2008,2008_01_01,29,2621851300
VFM,2008,2008_01_02,29,2610687017
VFM,2008,2008_01_03,29,2621851339
VFM,2008,2008_01_04,29,2610686942
VFM,2008,2008_01_05,29,2618218248
VFM,2008,2008_01_06,29,2610955446
VFM,2008,2008_01_07,30,2706494593
VFM,2008,2008_01_08,29,2620368350
VFM,2008,2008_01_09,29,2583109416
VFM,2008,2008_01_10,29,2621851334
VFM,2008,2008_01_11,29,2610687007
VFM,2008,2008_01_12,29,2621851272
VFM,2008,2008_01_13,29,2610686978
VFM,2008,2008_01_14,29,2621851305
VFM,2008,2008_01_15,30,2680801952
VFM,2008,2008_01_16,24,2164736605
VFM,2008,2008_01_17,4,360901747
VFM,2008,2008_01_18,29,2565217857
VFM,2008,2008_01_19,29,2621851346
VFM,2008,2008_01_20,25,2143777750
VFM,2008,2008_01_21,29,2618080830
VFM,2008,2008_01_22,29,2612160467
VFM,2008,2008_01_23,30,2708771387
VFM,2008,2008_01_24,29,2623321105
VFM,2008,2008_01_25,29,2537518415
VFM,2008,2008_01_26,29,2624261336
VFM,2008,2008_01_27,29,2614168782
VFM,2008,2008_01_28,29,2624261300
VFM,2008,2008_01_29,29,2599634275
VFM,2008,2008_01_30,29,2623716108
VFM,2008,2008_01_31,30,2710644409
VFM,2008,2008_02_01,29,2613896555
VFM,2008,2008_02_02,29,2625194143
VFM,2008,2008_02_03,29,2599631971
VFM,2008,2008_02_04,14,1264895947
VFM,2008,2008_02_05,9,808455089
VFM,2008,2008_02_06,29,2627474617
VFM,2008,2008_02_07,28,2530052388
VFM,2008,2008_02_08,29,2627072937
VFM,2008,2008_02_09,30,2712519553
VFM,2008,2008_02_10,29,2615640126
VFM,2008,2008_02_11,29,2627743104
VFM,2008,2008_02_12,29,2616980484
VFM,2008,2008_02_13,28,2542429712
VFM,2008,2008_02_14,29,2616711973
VFM,2008,2008_02_15,29,2627743142
VFM,2008,2008_02_16,30,2712519640
VFM,2008,2008_02_17,29,2616711976
VFM,2008,2008_02_18,29,2627341499
VFM,2008,2008_02_19,29,2541374152
VFM,2008,2008_02_20,29,2627474628
VFM,2008,2008_02_21,29,2616711946
VFM,2008,2008_02_22,29,2516892523
VFM,2008,2008_02_23,29,2616711947
VFM,2008,2008_02_24,25,2249222044
VFM,2008,2008_02_25,26,2351082993
VFM,2008,2008_02_26,29,2616578733
VFM,2008,2008_02_27,29,2627474651
VFM,2008,2008_02_28,29,2616711969
VFM,2008,2008_02_29,29,2627072951
VFM,2008,2008_03_01,29,2616980440
VFM,2008,2008_03_02,29,2614023713
VFM,2008,2008_03_03,14,1234896433
VFM,2008,2008_03_11,14,1256824422
VFM,2008,2008_03_12,30,2712519525
VFM,2008,2008_03_13,29,2592763717
VFM,2008,2008_03_14,29,2627743115
VFM,2008,2008_03_15,29,2616712026
VFM,2008,2008_03_16,29,2627474642
VFM,2008,2008_03_17,28,2531667042
VFM,2008,2008_03_18,18,1560001090
VFM,2008,2008_03_19,29,2616712016
VFM,2008,2008_03_20,30,2711716280
VFM,2008,2008_03_21,29,2583220868
VFM,2008,2008_03_22,29,2616712024
VFM,2008,2008_03_23,29,2627341491
VFM,2008,2008_03_24,29,2616711993
VFM,2008,2008_03_25,29,2627743130
VFM,2008,2008_03_26,29,2616712003
VFM,2008,2008_03_27,29,2626804505
VFM,2008,2008_03_28,30,2603011415
VFM,2008,2008_03_29,29,2616712017
VFM,2008,2008_03_30,29,2627474688
VFM,2008,2008_03_31,29,2616712005
VFM,2008,2008_04_01,29,2627474699
VFM,2008,2008_04_02,29,2616712061
VFM,2008,2008_04_03,29,2627474740
VFM,2008,2008_04_04,29,2616712049
VFM,2008,2008_04_05,29,2627474738
VFM,2008,2008_04_06,30,2712788135
VFM,2008,2008_04_07,29,2616712037
VFM,2008,2008_04_08,29,2626804516
VFM,2008,2008_04_09,29,2616578854
VFM,2008,2008_04_10,29,2627474645
VFM,2008,2008_04_11,29,2616712036
VFM,2008,2008_04_12,29,2627474626
VFM,2008,2008_04_13,30,2711447762
VFM,2008,2008_04_14,29,2616712018
VFM,2008,2008_04_15,29,2627474665
VFM,2008,2008_04_16,29,2616712007
VFM,2008,2008_04_17,29,2627474617
VFM,2008,2008_04_18,29,2615908714
VFM,2008,2008_04_19,29,2627474665
VFM,2008,2008_04_20,29,2616980460
VFM,2008,2008_04_21,29,2627474680
VFM,2008,2008_04_22,30,2712519613
VFM,2008,2008_04_23,29,2616041896
VFM,2008,2008_04_24,29,2627474687
VFM,2008,2008_04_25,29,2616980473
VFM,2008,2008_04_26,29,2627474660
VFM,2008,2008_04_27,29,2616712006
VFM,2008,2008_04_28,29,2627474663
VFM,2008,2008_04_29,28,2531398603
VFM,2008,2008_04_30,30,2703376611
VFM,2008,2008_05_01,29,2626804563
VFM,2008,2008_05_02,29,2616712029
VFM,2008,2008_05_03,29,2627341467
VFM,2008,2008_05_04,29,2615640226
VFM,2008,2008_05_05,29,2627073021
VFM,2008,2008_05_06,29,2616980502
VFM,2008,2008_05_07,29,2627474651
VFM,2008,2008_05_08,30,2712386417
VFM,2008,2008_05_09,29,2616712026
VFM,2008,2008_05_10,29,2627073018
VFM,2008,2008_05_11,29,2616711986
VFM,2008,2008_05_12,29,2627341472
VFM,2008,2008_05_13,29,2616712041
VFM,2008,2008_05_14,29,2627474598
VFM,2008,2008_05_15,29,2615640227
VFM,2008,2008_05_16,30,2711580956
VFM,2008,2008_05_17,29,2626937678
VFM,2008,2008_05_18,29,2615638068
VFM,2008,2008_05_19,29,2626400752
VFM,2008,2008_05_20,29,2502093246
VFM,2008,2008_05_21,29,2625060501
VFM,2008,2008_05_22,29,2614699484
VFM,2008,2008_05_23,29,2624925182
VFM,2008,2008_05_24,30,2709568386
VFM,2008,2008_05_25,29,2614564170
VFM,2008,2008_05_26,29,2623582772
VFM,2008,2008_05_27,29,2614832614
VFM,2008,2008_05_28,29,2621972398
VFM,2008,2008_05_29,29,2612820144
VFM,2008,2008_05_30,29,2623582806
VFM,2008,2008_05_31,29,2613088580
VFM,2008,2008_06_01,30,2708359276
VFM,2008,2008_06_02,29,2623715922
VFM,2008,2008_06_03,20,1805438944
VFM,2008,2008_06_10,5,446213086
VFM,2008,2008_06_11,29,2616591624
VFM,2008,2008_06_12,29,2612820180
VFM,2008,2008_06_13,29,2622511026
VFM,2008,2008_06_14,29,2503590321
VFM,2008,2008_06_15,29,2622238824
VFM,2008,2008_06_16,29,2612418549
VFM,2008,2008_06_17,29,2623314341
VFM,2008,2008_06_18,30,2708359249
VFM,2008,2008_06_19,29,2612820145
VFM,2008,2008_06_20,29,2621161165
VFM,2008,2008_06_21,29,2612820197
VFM,2008,2008_06_22,29,2623314292
VFM,2008,2008_06_23,29,2612820144
VFM,2008,2008_06_24,29,2622510942
VFM,2008,2008_06_25,30,2708359311
VFM,2008,2008_06_26,29,2612820175
VFM,2008,2008_06_27,29,2623314320
VFM,2008,2008_06_28,29,2612820166
VFM,2008,2008_06_29,29,2623314302
VFM,2008,2008_06_30,29,2609461672
VFM,2008,2008_07_01,29,2623314292
VFM,2008,2008_07_02,29,2613221815
VFM,2008,2008_07_03,29,2622236630
VFM,2008,2008_07_04,30,2708359307
VFM,2008,2008_07_05,29,2612820121
VFM,2008,2008_07_06,29,2623314314
VFM,2008,2008_07_07,29,2612820159
VFM,2008,2008_07_08,29,2622912571
VFM,2008,2008_07_09,29,2612820069
VFM,2008,2008_07_10,29,2623314248
VFM,2008,2008_07_11,30,2708760885
VFM,2008,2008_07_12,29,2612820099
VFM,2008,2008_07_13,29,2622510934
VFM,2008,2008_07_14,29,2612418411
VFM,2008,2008_07_15,29,2623314306
VFM,2008,2008_07_16,29,2612820135
VFM,2008,2008_07_17,29,2623314273
VFM,2008,2008_07_18,28,2526295562
VFM,2008,2008_07_22,12,1082701018
VFM,2008,2008_07_23,29,2612820158
VFM,2008,2008_07_24,29,2623314281
VFM,2008,2008_07_25,29,2612418440
VFM,2008,2008_07_26,29,2623314289
VFM,2008,2008_07_27,30,2708359216
VFM,2008,2008_07_28,29,2612820157
VFM,2008,2008_07_29,29,2623314260
VFM,2008,2008_07_30,29,2606773375
VFM,2008,2008_07_31,29,2623314247
VFM,2008,2008_08_01,29,2613221719
VFM,2008,2008_08_02,29,2623715948
VFM,2008,2008_08_03,29,2612820142
VFM,2008,2008_08_04,30,2708627733
VFM,2008,2008_08_05,29,2623851187
VFM,2008,2008_08_06,29,2613088580
VFM,2008,2008_08_07,29,2624390300
VFM,2008,2008_08_08,29,2612820144
VFM,2008,2008_08_09,29,2625597416
VFM,2008,2008_08_10,29,2614564192
VFM,2008,2008_08_11,29,2623044188
VFM,2008,2008_08_12,30,2709702114
VFM,2008,2008_08_13,29,2615638115
VFM,2008,2008_08_14,29,2605818829
VFM,2008,2008_08_15,29,2615906581
VFM,2008,2008_08_16,29,2627073047
VFM,2008,2008_08_17,29,2616712062
VFM,2008,2008_08_18,29,2627474645
VFM,2008,2008_08_19,29,2616041889
VFM,2008,2008_08_20,30,2712788070
VFM,2008,2008_08_21,29,2627474650
VFM,2008,2008_08_22,29,2616712047
VFM,2008,2008_08_23,29,2627474673
VFM,2008,2008_08_24,29,2616711980
VFM,2008,2008_08_25,29,2627474631
VFM,2008,2008_08_26,4,361436596
VFM,2008,2008_08_27,10,900904268
VFM,2008,2008_08_28,30,2712519667
VFM,2008,2008_08_29,29,2616711992
VFM,2008,2008_08_30,29,2627206187
VFM,2008,2008_08_31,29,2616712016
VFM,2008,2008_09_01,29,2627474669
VFM,2008,2008_09_02,29,2616578873
VFM,2008,2008_09_03,29,2626269662
VFM,2008,2008_09_04,30,2710644487
VFM,2008,2008_09_05,29,2614168839
VFM,2008,2008_09_06,29,2622919533
VFM,2008,2008_09_07,29,2611490471
VFM,2008,2008_09_08,17,1539949507
VFM,2008,2008_09_10,14,1247551782
VFM,2008,2008_09_11,29,2610550211
VFM,2008,2008_09_12,29,2621714483
VFM,2008,2008_09_13,30,2705952347
VFM,2008,2008_09_14,29,2610955552
VFM,2008,2008_09_15,29,2621446019
VFM,2008,2008_09_16,29,2610687069
VFM,2008,2008_09_17,29,2622119825
VFM,2008,2008_09_18,29,2610687059
VFM,2008,2008_09_19,29,2621851369
VFM,2008,2008_09_20,30,2706494657
VFM,2008,2008_09_21,29,2610285357
VFM,2008,2008_09_22,29,2621851398
VFM,2008,2008_09_23,29,2610955518
VFM,2008,2008_09_24,21,1900453257
VFM,2008,2008_09_26,4,286635741
VFM,2008,2008_09_27,29,2614198544
VFM,2008,2008_09_28,27,2445859617
VFM,2008,2008_10_01,10,895265281
VFM,2008,2008_10_02,29,2495959789
VFM,2008,2008_10_03,29,2627795088
VFM,2008,2008_10_04,29,2616225407
VFM,2008,2008_10_05,29,2628200512
VFM,2008,2008_10_06,30,2605883595
VFM,2008,2008_10_07,29,2615146184
VFM,2008,2008_10_08,29,2627795123
VFM,2008,2008_10_09,29,2616225440
VFM,2008,2008_10_10,29,2627795119
VFM,2008,2008_10_11,29,2616225423
VFM,2008,2008_10_12,29,2627389747
VFM,2008,2008_10_13,29,2614745788
VFM,2008,2008_10_14,30,2712438382
VFM,2008,2008_10_15,19,1655706789
VFM,2008,2008_10_16,29,2596039898
VFM,2008,2008_10_17,29,2597515416
VFM,2008,2008_10_18,29,2601154781
VFM,2008,2008_10_19,29,2595898947
VFM,2008,2008_10_20,29,2612577038
VFM,2008,2008_10_21,29,2622930596
VFM,2008,2008_10_22,30,2708790027
VFM,2008,2008_10_23,29,2610955536
VFM,2008,2008_10_24,29,2623336002
VFM,2008,2008_10_25,29,2610550168
VFM,2008,2008_10_26,29,2622525272
VFM,2008,2008_10_27,29,2580283278
VFM,2008,2008_10_28,29,2605302561
VFM,2008,2008_10_29,29,2608130681
VFM,2008,2008_10_30,30,2676358216
VFM,2008,2008_10_31,29,2620775834
VFM,2008,2008_11_01,29,2610144726
VFM,2008,2008_11_02,29,2622119887
VFM,2008,2008_11_03,29,2607589690
VFM,2008,2008_11_04,29,2622119856
VFM,2008,2008_11_05,29,2609876282
VFM,2008,2008_11_06,29,2605439967
VFM,2008,2008_11_07,30,2706089266
VFM,2008,2008_11_08,29,2610144726
VFM,2008,2008_11_09,29,2618492954
VFM,2008,2008_11_10,29,2610144782
VFM,2008,2008_11_11,29,2621988306
VFM,2008,2008_11_12,26,2245904611
VFM,2008,2008_11_13,29,2622119842
VFM,2008,2008_11_14,30,2704880551
VFM,2008,2008_11_15,29,2609207465
VFM,2008,2008_11_16,29,2622119895
VFM,2008,2008_11_17,29,2610144759
VFM,2008,2008_11_18,29,2622525236
VFM,2008,2008_11_19,29,2610144766
VFM,2008,2008_11_20,27,2439254475
VFM,2008,2008_11_21,29,2612171686
VFM,2008,2008_11_22,29,2622119832
VFM,2008,2008_11_23,30,2707714533
VFM,2008,2008_11_24,29,2611360904
VFM,2008,2008_11_25,29,2624146734
VFM,2008,2008_11_26,29,2612577005
VFM,2008,2008_11_27,29,2625499748
VFM,2008,2008_11_28,29,2613387802
VFM,2008,2008_11_29,29,2625905141
VFM,2008,2008_11_30,30,2710147995
VFM,2008,2008_12_01,29,2615820082
VFM,2008,2008_12_02,29,2627795123
VFM,2008,2008_12_03,29,2616225407
VFM,2008,2008_12_04,29,2627795081
VFM,2008,2008_12_05,29,2616225420
VFM,2008,2008_12_06,29,2627795093
VFM,2008,2008_12_07,29,2616225433
VFM,2008,2008_12_08,29,2627389760
VFM,2008,2008_12_09,30,2712438384
VFM,2008,2008_12_10,29,2616630811
VFM,2008,2008_12_11,29,2628200515
VFM,2008,2008_12_12,29,2614748237
VFM,2008,2008_12_13,29,2627389743
VFM,2008,2008_12_14,29,2616225423
VFM,2008,2008_12_15,29,2627795141
VFM,2008,2008_12_16,30,2712438395
VFM,2008,2008_12_17,29,2616225435
VFM,2008,2008_12_18,29,2627389716
VFM,2008,2008_12_19,29,2616225403
VFM,2008,2008_12_20,29,2627795120
VFM,2008,2008_12_21,29,2616225418
VFM,2008,2008_12_22,29,2628200509
VFM,2008,2008_12_23,29,2616225411
VFM,2008,2008_12_24,29,2626984345
VFM,2008,2008_12_25,30,2710816937
VFM,2008,2008_12_26,29,2614603875
VFM,2008,2008_12_27,29,2621730947
VFM,2008,2008_12_28,29,2614198593
VFM,2008,2008_12_29,29,2626984333
VFM,2008,2008_12_30,29,2613793194
VFM,2008,2008_12_31,29,2622402392
VFM,2009,2009_01_01,30,2708926933
VFM,2009,2009_01_02,29,2611903204
VFM,2009,2009_01_03,29,2621582903
VFM,2009,2009_01_04,29,2610687041
VFM,2009,2009_01_05,29,2621851351
VFM,2009,2009_01_06,26,2345592935
VFM,2009,2009_01_07,20,1736701707
VFM,2009,2009_01_08,29,2610687050
VFM,2009,2009_01_09,29,2621851388
VFM,2009,2009_01_10,30,2706494649
VFM,2009,2009_01_11,29,2610281618
VFM,2009,2009_01_12,29,2621851366
VFM,2009,2009_01_13,29,2610687079
VFM,2009,2009_01_14,29,2619968809
VFM,2009,2009_01_15,29,2610955511
VFM,2009,2009_01_16,29,2620370460
VFM,2009,2009_01_17,30,2706494659
VFM,2009,2009_01_18,29,2610687062
VFM,2009,2009_01_19,29,2621714497
VFM,2009,2009_01_20,29,2610687071
VFM,2009,2009_01_21,29,2621851344
VFM,2009,2009_01_22,29,2610550197
VFM,2009,2009_01_23,29,2621851351
VFM,2009,2009_01_24,29,2610955505
VFM,2009,2009_01_25,29,2621851341
VFM,2009,2009_01_26,30,2705422860
VFM,2009,2009_01_27,29,2610955524
VFM,2009,2009_01_28,29,2622119852
VFM,2009,2009_01_29,29,2610687041
VFM,2009,2009_01_30,29,2621177503
VFM,2009,2009_01_31,29,2610687061
VFM,2009,2009_02_01,29,2621851375
VFM,2009,2009_02_02,29,2610687026
VFM,2009,2009_02_03,30,2706494649
VFM,2009,2009_02_04,29,2622253009
VFM,2009,2009_02_05,29,2611490360
VFM,2009,2009_02_06,29,2512739060
VFM,2009,2009_02_07,29,2611088732
VFM,2009,2009_02_08,29,2622249286
VFM,2009,2009_02_09,27,2430771044
VFM,2009,2009_02_10,29,2623324851
VFM,2009,2009_02_11,30,2708101317
VFM,2009,2009_02_12,29,2611758898
VFM,2009,2009_02_13,29,2623726505
VFM,2009,2009_02_14,29,2611490386
VFM,2009,2009_02_15,29,2623458078
VFM,2009,2009_02_16,8,722338361
VFM,2009,2009_03_12,17,1429494693
VFM,2009,2009_03_13,16,1444543534
VFM,2009,2009_03_15,7,626799225
VFM,2009,2009_03_16,29,2614302040
VFM,2009,2009_03_17,29,2434442651
VFM,2009,2009_03_18,29,2613900374
VFM,2009,2009_03_19,29,2624394568
VFM,2009,2009_03_20,29,2613093338
VFM,2009,2009_03_21,28,2328952182
VFM,2009,2009_03_22,29,2567361798
VFM,2009,2009_03_23,29,2625466360
VFM,2009,2009_03_24,30,2710779768
VFM,2009,2009_03_25,29,2614435206
VFM,2009,2009_03_26,29,2625734842
VFM,2009,2009_03_27,29,2614435233
VFM,2009,2009_03_28,29,2583087712
VFM,2009,2009_03_29,29,2545836345
VFM,2009,2009_03_30,29,2625734782
VFM,2009,2009_03_31,28,2530060417
VFM,2009,2009_04_01,19,1710842686
VFM,2009,2009_04_02,29,2625064755
VFM,2009,2009_04_03,29,2615105462
VFM,2009,2009_04_04,29,2623185876
VFM,2009,2009_04_05,29,2615507057
VFM,2009,2009_04_06,29,2625868052
VFM,2009,2009_04_07,29,2615105421
VFM,2009,2009_04_08,29,2625867978
VFM,2009,2009_04_09,30,2710912964
VFM,2009,2009_04_10,29,2615506998
VFM,2009,2009_04_11,29,2626265963
VFM,2009,2009_04_12,29,2615908668
VFM,2009,2009_04_13,29,2627474618
VFM,2009,2009_04_14,29,2616310368
VFM,2009,2009_04_15,21,1796715928
VFM,2009,2009_04_16,29,2616980516
VFM,2009,2009_04_17,29,2627743114
VFM,2009,2009_04_18,30,2712519640
VFM,2009,2009_04_19,24,2169961997
VFM,2009,2009_04_20,6,471258423
VFM,2009,2009_04_21,29,2616712035
VFM,2009,2009_04_22,29,2627474657
VFM,2009,2009_04_23,29,2616712005
VFM,2009,2009_04_24,29,2515141136
VFM,2009,2009_04_25,30,2712386434
VFM,2009,2009_04_26,29,2616711996
VFM,2009,2009_04_27,29,2626804510
VFM,2009,2009_04_28,29,2609585558
VFM,2009,2009_04_29,29,2574074909
VFM,2009,2009_04_30,29,2615904998
VFM,2009,2009_05_01,29,2627072957
VFM,2009,2009_05_02,29,2616980491
VFM,2009,2009_05_03,29,2627474640
VFM,2009,2009_05_04,28,2531935535
VFM,2009,2009_05_05,19,1712449353
VFM,2009,2009_05_06,29,2627474649
VFM,2009,2009_05_07,29,2616711983
VFM,2009,2009_05_08,29,2627206203
VFM,2009,2009_05_09,29,2616711983
VFM,2009,2009_05_10,29,2605679799
VFM,2009,2009_05_11,29,2615908720
VFM,2009,2009_05_12,30,2712519609
VFM,2009,2009_05_13,29,2626804535
VFM,2009,2009_05_14,29,2616712058
VFM,2009,2009_05_15,29,2627474688
VFM,2009,2009_05_16,29,2616711985
VFM,2009,2009_05_17,29,2627474669
VFM,2009,2009_05_18,29,2616712034
VFM,2009,2009_05_19,29,2627474648
VFM,2009,2009_05_20,30,2712519587
VFM,2009,2009_05_21,29,2616712003
VFM,2009,2009_05_22,29,2627743138
VFM,2009,2009_05_23,29,2616712033
VFM,2009,2009_05_24,29,2627474629
VFM,2009,2009_05_25,29,2616041831
VFM,2009,2009_05_26,29,2627474669
VFM,2009,2009_05_27,29,2616712024
VFM,2009,2009_05_28,30,2712117983
VFM,2009,2009_05_29,29,2625328955
VFM,2009,2009_05_30,29,2615638113
VFM,2009,2009_05_31,29,2626132325
VFM,2009,2009_06_01,29,2615101161
VFM,2009,2009_06_02,29,2625595334
VFM,2009,2009_06_03,29,2614699524
VFM,2009,2009_06_04,29,2623314377
VFM,2009,2009_06_05,30,2709970156
VFM,2009,2009_06_06,29,2614699549
VFM,2009,2009_06_07,29,2625193677
VFM,2009,2009_06_08,29,2503041440
VFM,2009,2009_06_09,29,2623853387
VFM,2009,2009_06_10,29,2613357150
VFM,2009,2009_06_11,29,2623314326
VFM,2009,2009_06_12,24,2166875570
VFM,2009,2009_06_14,28,2527373600
VFM,2009,2009_06_15,29,2613221840
VFM,2009,2009_06_16,29,2623314323
VFM,2009,2009_06_17,29,2612418542
VFM,2009,2009_06_18,29,2623314332
VFM,2009,2009_06_19,29,2612820170
VFM,2009,2009_06_20,29,2623314284
VFM,2009,2009_06_21,30,2708359271
VFM,2009,2009_06_22,29,2612820178
VFM,2009,2009_06_23,29,2622912673
VFM,2009,2009_06_24,29,2610938891
VFM,2009,2009_06_25,29,2623716034
VFM,2009,2009_06_26,29,2612820193
VFM,2009,2009_06_27,29,2623715982
VFM,2009,2009_06_28,29,2613221822
VFM,2009,2009_06_29,30,2708359318
VFM,2009,2009_06_30,29,2623314297
VFM,2009,2009_07_01,29,2612820176
VFM,2009,2009_07_02,29,2623314300
VFM,2009,2009_07_03,29,2612016793
VFM,2009,2009_07_04,29,2623314318
VFM,2009,2009_07_05,29,2612820151
VFM,2009,2009_07_06,29,2623314304
VFM,2009,2009_07_07,30,2708760938
VFM,2009,2009_07_08,29,2612820142
VFM,2009,2009_07_09,29,2622912657
VFM,2009,2009_07_10,29,2613221772
VFM,2009,2009_07_11,29,2622510947
VFM,2009,2009_07_12,29,2612820122
VFM,2009,2009_07_13,29,2622912638
VFM,2009,2009_07_14,29,2612418425
VFM,2009,2009_07_15,30,2708359231
VFM,2009,2009_07_16,29,2623314261
VFM,2009,2009_07_17,29,2612820100
VFM,2009,2009_07_18,29,2623715940
VFM,2009,2009_07_19,29,2612016764
VFM,2009,2009_07_20,29,2623314266
VFM,2009,2009_07_21,29,2612820106
VFM,2009,2009_07_22,29,2623314244
VFM,2009,2009_07_23,30,2708359249
VFM,2009,2009_07_24,29,2612820149
VFM,2009,2009_07_25,29,2622912626
VFM,2009,2009_07_26,29,2613221763
VFM,2009,2009_07_27,29,2622912592
VFM,2009,2009_07_28,29,2612820128
VFM,2009,2009_07_29,29,2623851226
VFM,2009,2009_07_30,30,2708359219
VFM,2009,2009_07_31,29,2613088632
VFM,2009,2009_08_01,29,2623044181
VFM,2009,2009_08_02,29,2613625559
VFM,2009,2009_08_03,29,2624119692
VFM,2009,2009_08_04,29,2613492380
VFM,2009,2009_08_05,29,2624789880
VFM,2009,2009_08_06,29,2614832683
VFM,2009,2009_08_07,29,2625193669
VFM,2009,2009_08_08,14,1265162339
VFM,2009,2009_08_09,11,989039176
VFM,2009,2009_08_10,27,2445146556
VFM,2009,2009_08_11,17,1531865213
VFM,2009,2009_08_12,29,2626937732
VFM,2009,2009_08_13,29,2616310376
VFM,2009,2009_08_14,29,2627072980
VFM,2009,2009_08_15,30,2711984756
VFM,2009,2009_08_16,29,2616712042
VFM,2009,2009_08_17,29,2626667633
VFM,2009,2009_08_18,29,2616712037
VFM,2009,2009_08_19,29,2627743093
VFM,2009,2009_08_20,29,2616980502
VFM,2009,2009_08_21,29,2626667655
VFM,2009,2009_08_22,29,2616310326
VFM,2009,2009_08_23,30,2712519555
VFM,2009,2009_08_24,29,2627474667
VFM,2009,2009_08_25,29,2616711993
VFM,2009,2009_08_26,29,2623171775
VFM,2009,2009_08_27,29,2616712012
VFM,2009,2009_08_28,29,2619546137
VFM,2009,2009_08_29,29,2602590936
VFM,2009,2009_08_30,29,2627341474
VFM,2009,2009_08_31,29,2563578951
VFM,2009,2009_09_01,21,1891558281
VFM,2009,2009_09_02,29,2623992896
VFM,2009,2009_09_03,29,2608252702
VFM,2009,2009_09_04,29,2510719066
VFM,2009,2009_09_05,29,2611892094
VFM,2009,2009_09_06,29,2621582919
VFM,2009,2009_09_07,29,2610955611
VFM,2009,2009_09_08,30,2706494702
VFM,2009,2009_09_09,29,2621851451
VFM,2009,2009_09_10,29,2610687107
VFM,2009,2009_09_11,29,2621177549
VFM,2009,2009_09_12,29,2610687111
VFM,2009,2009_09_13,29,2621851308
VFM,2009,2009_09_14,29,2610687024
VFM,2009,2009_09_15,29,2621851404
VFM,2009,2009_09_16,30,2706357772
VFM,2009,2009_09_17,29,2610687050
VFM,2009,2009_09_18,29,2621851372
VFM,2009,2009_09_19,29,2610687087
VFM,2009,2009_09_20,29,2621851363
VFM,2009,2009_09_21,29,2610550167
VFM,2009,2009_09_22,29,2621851355
VFM,2009,2009_09_23,30,2650271626
VFM,2009,2009_09_24,29,2613524695
VFM,2009,2009_09_25,29,2624957490
VFM,2009,2009_09_26,29,2614198578
VFM,2009,2009_09_27,29,2626173624
VFM,2009,2009_09_28,29,2614472340
VFM,2009,2009_09_29,27,2404488493
VFM,2009,2009_09_30,29,2615820030
VFM,2009,2009_10_01,29,2627795104
VFM,2009,2009_10_02,30,2712438421
VFM,2009,2009_10_03,29,2616630773
VFM,2009,2009_10_04,29,2627526606
VFM,2009,2009_10_05,29,2616225414
VFM,2009,2009_10_06,29,2627121250
VFM,2009,2009_10_07,29,2616225463
VFM,2009,2009_10_08,29,2627795088
VFM,2009,2009_10_09,30,2712438384
VFM,2009,2009_10_10,29,2616630810
VFM,2009,2009_10_11,29,2627795115
VFM,2009,2009_10_12,29,2616225455
VFM,2009,2009_10_13,29,2626579002
VFM,2009,2009_10_14,29,2615009272
VFM,2009,2009_10_15,29,2625768244
VFM,2009,2009_10_16,29,2613387807
VFM,2009,2009_10_17,30,2707979243
VFM,2009,2009_10_18,29,2624146745
VFM,2009,2009_10_19,29,2612982353
VFM,2009,2009_10_20,29,2622930609
VFM,2009,2009_10_21,29,2611360902
VFM,2009,2009_10_22,29,2622525210
VFM,2009,2009_10_23,29,2610550222
VFM,2009,2009_10_24,29,2622525293
VFM,2009,2009_10_25,30,2706357726
VFM,2009,2009_10_26,29,2610550170
VFM,2009,2009_10_27,29,2622525275
VFM,2009,2009_10_28,29,2610144800
VFM,2009,2009_10_29,29,2622119876
VFM,2009,2009_10_30,29,2610144796
VFM,2009,2009_10_31,29,2622119868
VFM,2009,2009_11_01,29,2610144748
VFM,2009,2009_11_02,30,2706763123
VFM,2009,2009_11_03,29,2622525219
VFM,2009,2009_11_04,29,2610144795
VFM,2009,2009_11_05,29,2622119850
VFM,2009,2009_11_06,29,2529827830
VFM,2009,2009_11_07,29,2622119864
VFM,2009,2009_11_08,29,2610144804
VFM,2009,2009_11_09,29,2622119896
VFM,2009,2009_11_10,30,2706357752
VFM,2009,2009_11_11,24,2162179410
VFM,2009,2009_11_12,18,1555179034
VFM,2009,2009_11_13,29,2610144727
VFM,2009,2009_11_14,29,2621449674
VFM,2009,2009_11_15,29,2610144777
VFM,2009,2009_11_16,29,2619564763
VFM,2009,2009_11_17,30,2706357778
VFM,2009,2009_11_18,29,2610144734
VFM,2009,2009_11_19,29,2491772657
VFM,2009,2009_11_20,29,2424499900
VFM,2009,2009_11_21,29,2623335976
VFM,2009,2009_11_22,29,2610955563
VFM,2009,2009_11_23,29,2622525215
VFM,2009,2009_11_24,28,2525106474
VFM,2009,2009_11_25,29,2623741368
VFM,2009,2009_11_26,30,2705424164
VFM,2009,2009_11_27,29,2583248439
VFM,2009,2009_11_28,29,2625362869
VFM,2009,2009_11_29,29,2615009327
VFM,2009,2009_11_30,29,2627795119
VFM,2009,2009_12_01,29,2615414680
VFM,2009,2009_12_02,29,2627389737
VFM,2009,2009_12_03,30,2711366581
VFM,2009,2009_12_04,29,2616225425
VFM,2009,2009_12_05,29,2627795155
VFM,2009,2009_12_06,29,2616225419
VFM,2009,2009_12_07,29,2496758735
VFM,2009,2009_12_08,29,2616225455
VFM,2009,2009_12_09,29,2590123666
VFM,2009,2009_12_10,5,432229108
VFM,2009,2009_12_11,29,2628200497
VFM,2009,2009_12_12,30,2712438409
VFM,2009,2009_12_13,29,2616225361
VFM,2009,2009_12_14,29,2627795126
VFM,2009,2009_12_15,29,2616225467
VFM,2009,2009_12_16,29,2627795091
VFM,2009,2009_12_17,29,2616630804
VFM,2009,2009_12_18,29,2627795156
VFM,2009,2009_12_19,30,2712438426
VFM,2009,2009_12_20,29,2615820072
VFM,2009,2009_12_21,29,2627795094
VFM,2009,2009_12_22,29,2615414638
VFM,2009,2009_12_23,29,2626578935
VFM,2009,2009_12_24,29,2615009326
VFM,2009,2009_12_25,29,2625768239
VFM,2009,2009_12_26,29,2613119340
VFM,2009,2009_12_27,29,2624283661
VFM,2009,2009_12_28,30,2708926959
VFM,2009,2009_12_29,29,2612308502
VFM,2009,2009_12_30,29,2623878213
VFM,2009,2009_12_31,29,2610687006
VFM,2010,2010_01_01,29,2622119811
VFM,2010,2010_01_02,29,2610687005
VFM,2010,2010_01_03,29,2621445974
VFM,2010,2010_01_04,30,2706494687
VFM,2010,2010_01_05,29,2610955536
VFM,2010,2010_01_06,29,2621582892
VFM,2010,2010_01_07,29,2610686956
VFM,2010,2010_01_08,29,2621582865
VFM,2010,2010_01_09,29,2610687096
VFM,2010,2010_01_10,29,2621851382
VFM,2010,2010_01_11,29,2610281694
VFM,2010,2010_01_12,29,2622119846
VFM,2010,2010_01_13,30,2706494674
VFM,2010,2010_01_14,29,2610687021
VFM,2010,2010_01_15,29,2621851363
VFM,2010,2010_01_16,29,2610687097
VFM,2010,2010_01_17,29,2605710247
VFM,2010,2010_01_18,29,2610281706
VFM,2010,2010_01_19,29,2621445975
VFM,2010,2010_01_20,30,2706494613
VFM,2010,2010_01_21,29,2610687030
VFM,2010,2010_01_22,29,2621851308
VFM,2010,2010_01_23,29,2610955534
VFM,2010,2010_01_24,29,2621446001
VFM,2010,2010_01_25,29,2610687058
VFM,2010,2010_01_26,29,2621446002
VFM,2010,2010_01_27,29,2610687004
VFM,2010,2010_01_28,29,2621851396
VFM,2010,2010_01_29,30,2707164796
VFM,2010,2010_01_30,29,2610687072
VFM,2010,2010_01_31,27,2427010945
VFM,2010,2010_02_01,29,2612156845
VFM,2010,2010_02_02,29,2621851388
VFM,2010,2010_02_03,29,2611490390
VFM,2010,2010_02_04,29,2625064713
VFM,2010,2010_02_05,30,2707298001
VFM,2010,2010_02_06,29,2610955534
VFM,2010,2010_02_07,29,2621714477
VFM,2010,2010_02_08,28,2515147962
VFM,2010,2010_02_09,19,1654469251
VFM,2010,2010_02_10,29,2614168860
VFM,2010,2010_02_11,29,2625466315
VFM,2010,2010_02_12,29,2613767259
VFM,2010,2010_02_13,29,2625064697
VFM,2010,2010_02_14,30,2709707995
VFM,2010,2010_02_15,29,2586859482
VFM,2010,2010_02_16,29,2625466392
VFM,2010,2010_02_17,29,2613900411
VFM,2010,2010_02_18,29,2621570997
VFM,2010,2010_02_19,29,2615105354
VFM,2010,2010_02_20,29,2584300389
VFM,2010,2010_02_21,29,2614302039
VFM,2010,2010_02_22,30,2705808888
VFM,2010,2010_02_23,29,2625734836
VFM,2010,2010_02_24,29,2615105277
VFM,2010,2010_02_25,29,2618870680
VFM,2010,2010_02_26,29,2615775481
VFM,2010,2010_02_27,29,2626671341
VFM,2010,2010_02_28,29,2615507064
VFM,2010,2010_03_01,29,2625599547
VFM,2010,2010_03_02,30,2710640768
VFM,2010,2010_03_03,29,2615775474
VFM,2010,2010_03_04,29,2626269662
VFM,2010,2010_03_05,29,2615507052
VFM,2010,2010_03_06,29,2626538170
VFM,2010,2010_03_07,29,2616310326
VFM,2010,2010_03_08,29,2626402844
VFM,2010,2010_03_09,29,2614836914
VFM,2010,2010_03_10,25,2261468023
VFM,2010,2010_03_11,20,1808256935
VFM,2010,2010_03_12,29,2615507018
VFM,2010,2010_03_13,29,2627073008
VFM,2010,2010_03_14,29,2616177176
VFM,2010,2010_03_15,29,2626269660
VFM,2010,2010_03_16,29,2615908704
VFM,2010,2010_03_17,29,2627743151
VFM,2010,2010_03_18,30,2711314586
VFM,2010,2010_03_19,28,2435753146
VFM,2010,2010_03_20,29,2627474671
VFM,2010,2010_03_21,29,2616578827
VFM,2010,2010_03_22,29,2515811254
VFM,2010,2010_03_23,29,2616712018
VFM,2010,2010_03_24,29,2627474675
VFM,2010,2010_03_25,29,2616177131
VFM,2010,2010_03_26,29,2627072983
VFM,2010,2010_03_27,30,2712386434
VFM,2010,2010_03_28,29,2595865338
VFM,2010,2010_03_29,27,2424843656
VFM,2010,2010_03_30,19,1712449341
VFM,2010,2010_03_31,29,2627474701
VFM,2010,2010_04_01,29,2616712084
VFM,2010,2010_04_02,29,2627073055
VFM,2010,2010_04_03,30,2711042486
VFM,2010,2010_04_04,29,2616712119
VFM,2010,2010_04_05,29,2580658941
VFM,2010,2010_04_06,29,2332323045
VFM,2010,2010_04_07,29,2626667663
VFM,2010,2010_04_08,29,2615507067
VFM,2010,2010_04_09,29,2627474666
VFM,2010,2010_04_10,29,2616712020
VFM,2010,2010_04_11,29,2627474673
VFM,2010,2010_04_12,30,2712386430
VFM,2010,2010_04_13,29,2616980484
VFM,2010,2010_04_14,29,2627206204
VFM,2010,2010_04_15,29,2616712013
VFM,2010,2010_04_16,29,2627474643
VFM,2010,2010_04_17,29,2616712025
VFM,2010,2010_04_18,29,2627073043
VFM,2010,2010_04_19,29,2616980484
VFM,2010,2010_04_20,30,2712519593
VFM,2010,2010_04_21,29,2627474626
VFM,2010,2010_04_22,29,2542451843
VFM,2010,2010_04_23,29,2626399167
VFM,2010,2010_04_24,29,2616711981
VFM,2010,2010_04_25,29,2627474654
VFM,2010,2010_04_26,29,2616712058
VFM,2010,2010_04_27,27,2446622092
VFM,2010,2010_04_28,20,1808256873
VFM,2010,2010_04_29,29,2615636465
VFM,2010,2010_04_30,29,2626804506
VFM,2010,2010_05_01,29,2616711986
VFM,2010,2010_05_02,29,2627474659
VFM,2010,2010_05_03,29,2616443575
VFM,2010,2010_05_04,29,2627474671
VFM,2010,2010_05_05,29,2616712061
VFM,2010,2010_05_06,30,2712386438
VFM,2010,2010_05_07,29,2627073015
VFM,2010,2010_05_08,29,2616980509
VFM,2010,2010_05_09,29,2627474678
VFM,2010,2010_05_10,29,2559940015
VFM,2010,2010_05_11,29,2627474658
VFM,2010,2010_05_12,29,2616310335
VFM,2010,2010_05_13,29,2627206121
VFM,2010,2010_05_14,30,2712519630
VFM,2010,2010_05_15,29,2616980486
VFM,2010,2010_05_16,29,2627474675
VFM,2010,2010_05_17,29,2616712034
VFM,2010,2010_05_18,29,2627474671
VFM,2010,2010_05_19,29,2615906590
VFM,2010,2010_05_20,29,2627206161
VFM,2010,2010_05_21,29,2615638098
VFM,2010,2010_05_22,29,2626132280
VFM,2010,2010_05_23,30,2711312478
VFM,2010,2010_05_24,29,2614967935
VFM,2010,2010_05_25,29,2622642237
VFM,2010,2010_05_26,29,2615236409
VFM,2010,2010_05_27,29,2625193632
VFM,2010,2010_05_28,29,2613625537
VFM,2010,2010_05_29,29,2624656641
VFM,2010,2010_05_30,30,2708494541
VFM,2010,2010_05_31,29,2613625529
VFM,2010,2010_06_01,29,2623314321
VFM,2010,2010_06_02,29,2613758762
VFM,2010,2010_06_03,29,2623582760
VFM,2010,2010_06_04,29,2611879945
VFM,2010,2010_06_05,29,2622510989
VFM,2010,2010_06_06,29,2612820126
VFM,2010,2010_06_07,29,2623715970
VFM,2010,2010_06_08,30,2707957658
VFM,2010,2010_06_09,29,2612013144
VFM,2010,2010_06_10,29,2623314374
VFM,2010,2010_06_11,29,2612820203
VFM,2010,2010_06_12,29,2623314360
VFM,2010,2010_06_13,29,2612820172
VFM,2010,2010_06_14,29,2623314313
VFM,2010,2010_06_15,30,2708359226
VFM,2010,2010_06_16,29,2612820146
VFM,2010,2010_06_17,29,2622912619
VFM,2010,2010_06_18,29,2612418500
VFM,2010,2010_06_19,29,2622908956
VFM,2010,2010_06_20,29,2610265047
VFM,2010,2010_06_21,29,2622912653
VFM,2010,2010_06_22,28,2527775149
VFM,2010,2010_06_23,16,1444672524
VFM,2010,2010_06_24,30,2708359317
VFM,2010,2010_06_25,29,2612820100
VFM,2010,2010_06_26,29,2618074661
VFM,2010,2010_06_27,29,2612016832
VFM,2010,2010_06_28,29,2567482630
VFM,2010,2010_06_29,29,2613221823
VFM,2010,2010_06_30,27,2442730261
VFM,2010,2010_07_01,14,1263686753
VFM,2010,2010_07_02,29,2612820110
VFM,2010,2010_07_03,29,2622105603
VFM,2010,2010_07_04,29,2612820142
VFM,2010,2010_07_05,29,2623314332
VFM,2010,2010_07_06,29,2585641573
VFM,2010,2010_07_07,29,2622908921
VFM,2010,2010_07_08,29,2612820129
VFM,2010,2010_07_09,29,2623314281
VFM,2010,2010_07_10,30,2708359236
VFM,2010,2010_07_11,29,2612820071
VFM,2010,2010_07_12,29,2623314256
VFM,2010,2010_07_13,29,2613221761
VFM,2010,2010_07_14,29,2621835001
VFM,2010,2010_07_15,29,2612820159
VFM,2010,2010_07_16,29,2623314327
VFM,2010,2010_07_17,15,1348731699
VFM,2010,2010_07_18,11,987965215
VFM,2010,2010_07_19,29,2622507245
VFM,2010,2010_07_20,29,2612820099
VFM,2010,2010_07_21,29,2622510980
VFM,2010,2010_07_22,29,2612418436
VFM,2010,2010_07_23,29,2623715927
VFM,2010,2010_07_24,29,2612820120
VFM,2010,2010_07_25,30,2708359217
VFM,2010,2010_07_26,29,2623314338
VFM,2010,2010_07_27,29,2613221757
VFM,2010,2010_07_28,29,2623314272
VFM,2010,2010_07_29,29,2612820106
VFM,2010,2010_07_30,29,2622912611
VFM,2010,2010_07_31,29,2612820122
VFM,2010,2010_08_01,29,2623314307
VFM,2010,2010_08_02,28,2527775220
VFM,2010,2010_08_05,3,265629014
VFM,2010,2010_08_06,29,2623181070
VFM,2010,2010_08_07,29,2613357063
VFM,2010,2010_08_08,29,2624521353
VFM,2010,2010_08_09,29,2611473723
VFM,2010,2010_08_10,30,2709834773
VFM,2010,2010_08_11,29,2626132236
VFM,2010,2010_08_12,29,2613625519
VFM,2010,2010_08_13,29,2625326850
VFM,2010,2010_08_14,14,1265297640
VFM,2010,2010_08_16,9,808455123
VFM,2010,2010_08_17,29,2627072960
VFM,2010,2010_08_18,30,2712386399
VFM,2010,2010_08_19,29,2616711990
VFM,2010,2010_08_20,28,2541222584
VFM,2010,2010_08_21,29,2616711976
VFM,2010,2010_08_22,29,2627474612
VFM,2010,2010_08_23,29,2616712004
VFM,2010,2010_08_24,29,2627474683
VFM,2010,2010_08_25,29,2616578869
VFM,2010,2010_08_26,30,2712788088
VFM,2010,2010_08_27,29,2626667632
VFM,2010,2010_08_28,29,2616712055
VFM,2010,2010_08_29,29,2626269692
VFM,2010,2010_08_30,29,2560480778
VFM,2010,2010_08_31,29,2625728999
VFM,2010,2010_09_01,29,2616578847
VFM,2010,2010_09_02,29,2627474598
VFM,2010,2010_09_03,30,2710105916
VFM,2010,2010_09_04,29,2615105410
VFM,2010,2010_09_05,29,2625466391
VFM,2010,2010_09_06,29,2614972234
VFM,2010,2010_09_07,29,2621978473
VFM,2010,2010_09_08,29,2612293814
VFM,2010,2010_09_09,29,2619423401
VFM,2010,2010_09_10,30,2702995163
VFM,2010,2010_09_11,29,2610687034
VFM,2010,2010_09_12,29,2621851369
VFM,2010,2010_09_13,29,2610550185
VFM,2010,2010_09_14,29,2621851371
VFM,2010,2010_09_15,29,2610687084
VFM,2010,2010_09_16,29,2620105703
VFM,2010,2010_09_17,29,2610687018
VFM,2010,2010_09_18,29,2621446014
VFM,2010,2010_09_19,30,2703534160
VFM,2010,2010_09_20,29,2610687074
VFM,2010,2010_09_21,25,2254902351
VFM,2010,2010_09_22,15,1347799401
VFM,2010,2010_09_23,23,2080498736
VFM,2010,2010_09_24,27,2430099291
VFM,2010,2010_09_25,29,2620507361
VFM,2010,2010_09_26,30,2705957666
VFM,2010,2010_09_27,29,2611497795
VFM,2010,2010_09_28,29,2621991965
VFM,2010,2010_09_29,29,2612577017
VFM,2010,2010_09_30,29,2608017054
VFM,2010,2010_10_01,29,2615551590
VFM,2010,2010_10_02,29,2604105172
VFM,2010,2010_10_03,29,2616225413
VFM,2010,2010_10_04,30,2708406076
VFM,2010,2010_10_05,29,2627121232
VFM,2010,2010_10_06,29,2616225419
VFM,2010,2010_10_07,29,2627795115
VFM,2010,2010_10_08,29,2615820001
VFM,2010,2010_10_09,29,2627795088
VFM,2010,2010_10_10,29,2616225442
VFM,2010,2010_10_11,29,2627795068
VFM,2010,2010_10_12,30,2711764544
VFM,2010,2010_10_13,29,2615956905
VFM,2010,2010_10_14,29,2627389745
VFM,2010,2010_10_15,29,2616225460
VFM,2010,2010_10_16,29,2582862467
VFM,2010,2010_10_17,27,2061502623
VFM,2010,2010_10_18,29,2623083105
VFM,2010,2010_10_19,20,1808157141
VFM,2010,2010_10_20,29,2615820047
VFM,2010,2010_10_21,29,2626578983
VFM,2010,2010_10_22,29,2615009237
VFM,2010,2010_10_23,29,2625768254
VFM,2010,2010_10_24,29,2613387768
VFM,2010,2010_10_25,29,2625094421
VFM,2010,2010_10_26,29,2604915477
VFM,2010,2010_10_27,29,2610690984
VFM,2010,2010_10_28,30,2708116210
VFM,2010,2010_10_29,29,2611903202
VFM,2010,2010_10_30,29,2623472901
VFM,2010,2010_10_31,29,2611497790
VFM,2010,2010_11_01,29,2568048610
VFM,2010,2010_11_02,29,2610823929
VFM,2010,2010_11_03,29,2622930581
VFM,2010,2010_11_04,30,2706635284
VFM,2010,2010_11_05,29,2611092449
VFM,2010,2010_11_06,29,2623067461
VFM,2010,2010_11_07,29,2610281709
VFM,2010,2010_11_08,29,2623472904
VFM,2010,2010_11_09,29,2610013181
VFM,2010,2010_11_10,29,2623067482
VFM,2010,2010_11_11,29,2611497778
VFM,2010,2010_11_12,29,2623335939
VFM,2010,2010_11_13,30,2708384633
VFM,2010,2010_11_14,29,2611903114
VFM,2010,2010_11_15,29,2623741398
VFM,2010,2010_11_16,26,2347214414
VFM,2010,2010_11_17,2,118567707
VFM,2010,2010_11_18,29,2611903177
VFM,2010,2010_11_19,29,2625768232
VFM,2010,2010_11_20,30,2708658391
VFM,2010,2010_11_21,29,2613524679
VFM,2010,2010_11_22,29,2624283648
VFM,2010,2010_11_23,15,1268300324
VFM,2010,2010_11_24,29,2627795143
VFM,2010,2010_11_25,29,2594568154
VFM,2010,2010_11_26,29,2627389775
VFM,2010,2010_11_27,29,2616225440
VFM,2010,2010_11_28,30,2712438395
VFM,2010,2010_11_29,29,2627795115
VFM,2010,2010_11_30,29,2616225403
VFM,2010,2010_12_01,29,2627389734
VFM,2010,2010_12_02,29,2616225457
VFM,2010,2010_12_03,29,2627795099
VFM,2010,2010_12_04,29,2616225391
VFM,2010,2010_12_05,29,2627795108
VFM,2010,2010_12_06,30,2712438394
VFM,2010,2010_12_07,29,2616225375
VFM,2010,2010_12_08,29,2627795080
VFM,2010,2010_12_09,26,2350725909
VFM,2010,2010_12_10,2,117489790
VFM,2010,2010_12_11,29,2616630806
VFM,2010,2010_12_12,29,2627795094
VFM,2010,2010_12_13,29,2615551557
VFM,2010,2010_12_14,30,2712033013
VFM,2010,2010_12_15,29,2626578983
VFM,2010,2010_12_16,29,2616225401
VFM,2010,2010_12_17,29,2627121239
VFM,2010,2010_12_18,29,2615414719
VFM,2010,2010_12_19,29,2626984352
VFM,2010,2010_12_20,29,2615009282
VFM,2010,2010_12_21,29,2625362844
VFM,2010,2010_12_22,30,2708789990
VFM,2010,2010_12_23,29,2612577041
VFM,2010,2010_12_24,29,2623335949
VFM,2010,2010_12_25,29,2611903195
VFM,2010,2010_12_26,29,2623067491
VFM,2010,2010_12_27,29,2610955540
VFM,2010,2010_12_28,29,2621851381
VFM,2010,2010_12_29,29,2610687064
VFM,2010,2010_12_30,19,1598379846
VFM,2010,2010_12_31,29,2621181252
VFM,2011,2011_01_01,29,2610955536
VFM,2011,2011_01_02,29,2617951424
VFM,2011,2011_01_03,29,2603556042
VFM,2011,2011_01_04,29,2608261597
VFM,2011,2011_01_05,29,2610687035
VFM,2011,2011_01_06,29,2622119879
VFM,2011,2011_01_07,30,2706494642
VFM,2011,2011_01_08,29,2610550166
VFM,2011,2011_01_09,29,2621851381
VFM,2011,2011_01_10,29,2553777382
VFM,2011,2011_01_11,27,2297229398
VFM,2011,2011_01_12,29,2610418591
VFM,2011,2011_01_13,29,2621851374
VFM,2011,2011_01_14,29,2610687077
VFM,2011,2011_01_15,30,2706494644
VFM,2011,2011_01_16,29,2621851388
VFM,2011,2011_01_17,29,2610550168
VFM,2011,2011_01_18,29,2622119839
VFM,2011,2011_01_19,29,2609611570
VFM,2011,2011_01_20,29,2621851338
VFM,2011,2011_01_21,29,2611357236
VFM,2011,2011_01_22,29,2622253040
VFM,2011,2011_01_23,30,2705953957
VFM,2011,2011_01_24,29,2611353466
VFM,2011,2011_01_25,29,2622521549
VFM,2011,2011_01_26,29,2610550181
VFM,2011,2011_01_27,29,2623859703
VFM,2011,2011_01_28,17,1471335345
VFM,2011,2011_01_29,29,2623321143
VFM,2011,2011_01_30,27,2418934952
VFM,2011,2011_01_31,29,2621851384
VFM,2011,2011_02_01,26,2340206008
VFM,2011,2011_02_02,17,1530793438
VFM,2011,2011_02_03,29,2624529813
VFM,2011,2011_02_04,29,2614972126
VFM,2011,2011_02_05,29,2625867985
VFM,2011,2011_02_06,29,2613365540
VFM,2011,2011_02_07,29,2627341450
VFM,2011,2011_02_08,30,2709034089
VFM,2011,2011_02_09,29,2614566799
VFM,2011,2011_02_10,29,2626538152
VFM,2011,2011_02_11,29,2615373817
VFM,2011,2011_02_12,29,2626538131
VFM,2011,2011_02_13,29,2615373851
VFM,2011,2011_02_14,29,2626136537
VFM,2011,2011_02_15,29,2577844858
VFM,2011,2011_02_16,29,2614832914
VFM,2011,2011_02_17,20,1807453608
VFM,2011,2011_02_18,13,1170160207
VFM,2011,2011_02_19,29,2627341522
VFM,2011,2011_02_20,29,2616041884
VFM,2011,2011_02_21,29,2543667392
VFM,2011,2011_02_22,29,2616578847
VFM,2011,2011_02_23,29,2627474670
VFM,2011,2011_02_24,30,2711716299
VFM,2011,2011_02_25,29,2616578816
VFM,2011,2011_02_26,29,2627341478
VFM,2011,2011_02_27,29,2616578826
VFM,2011,2011_02_28,29,2627341488
VFM,2011,2011_03_01,29,2616578819
VFM,2011,2011_03_02,29,2627341446
VFM,2011,2011_03_03,29,2616980493
VFM,2011,2011_03_04,29,2626265998
VFM,2011,2011_03_05,30,2712788132
VFM,2011,2011_03_06,29,2616310421
VFM,2011,2011_03_07,29,2567608231
VFM,2011,2011_03_14,10,904262709
VFM,2011,2011_03_15,29,2616578842
VFM,2011,2011_03_16,27,2446489001
VFM,2011,2011_03_17,17,1526486558
VFM,2011,2011_03_18,29,2627743128
VFM,2011,2011_03_19,29,2616578858
VFM,2011,2011_03_20,29,2626671364
VFM,2011,2011_03_21,28,2531935561
VFM,2011,2011_03_22,3,264821965
VFM,2011,2011_03_23,23,2085185562
VFM,2011,2011_03_24,21,1893301778
VFM,2011,2011_03_25,29,2627072996
VFM,2011,2011_03_26,29,2616578836
VFM,2011,2011_03_27,29,2627743043
VFM,2011,2011_03_28,29,2616310338
VFM,2011,2011_03_29,29,2627743148
VFM,2011,2011_03_30,30,2711310903
VFM,2011,2011_03_31,29,2616578868
VFM,2011,2011_04_01,29,2627073063
VFM,2011,2011_04_02,29,2615775509
VFM,2011,2011_04_03,29,2627341528
VFM,2011,2011_04_04,29,2616578925
VFM,2011,2011_04_05,29,2627743213
VFM,2011,2011_04_06,26,2350412898
VFM,2011,2011_04_07,21,1893301854
VFM,2011,2011_04_08,29,2627341502
VFM,2011,2011_04_09,29,2616310338
VFM,2011,2011_04_10,29,2627341453
VFM,2011,2011_04_11,29,2615771752
VFM,2011,2011_04_12,29,2627206182
VFM,2011,2011_04_13,29,2615773387
VFM,2011,2011_04_14,29,2627341519
VFM,2011,2011_04_15,30,2712386462
VFM,2011,2011_04_16,29,2616980447
VFM,2011,2011_04_17,29,2627341474
VFM,2011,2011_04_18,26,2350681310
VFM,2011,2011_04_19,18,1627271220
VFM,2011,2011_04_20,29,2616578846
VFM,2011,2011_04_21,29,2626939817
VFM,2011,2011_04_22,30,2712386393
VFM,2011,2011_04_23,29,2616578863
VFM,2011,2011_04_24,29,2627341478
VFM,2011,2011_04_25,29,2616578837
VFM,2011,2011_04_26,29,2627341444
VFM,2011,2011_04_27,29,2616578839
VFM,2011,2011_04_28,29,2627743148
VFM,2011,2011_04_29,29,2616578862
VFM,2011,2011_04_30,29,2627072995
VFM,2011,2011_05_01,30,2701623821
VFM,2011,2011_05_02,29,2616578832
VFM,2011,2011_05_03,29,2627743135
VFM,2011,2011_05_04,29,2615507026
VFM,2011,2011_05_05,29,2627341445
VFM,2011,2011_05_06,29,2616177173
VFM,2011,2011_05_07,29,2627743132
VFM,2011,2011_05_08,29,2616980488
VFM,2011,2011_05_09,30,2656691634
VFM,2011,2011_05_10,27,2446488987
VFM,2011,2011_05_11,3,224868931
VFM,2011,2011_05_12,29,2626671327
VFM,2011,2011_05_13,29,2616578843
VFM,2011,2011_05_14,29,2627474657
VFM,2011,2011_05_15,29,2614966348
VFM,2011,2011_05_16,29,2626536090
VFM,2011,2011_05_17,30,2711581037
VFM,2011,2011_05_18,29,2616578852
VFM,2011,2011_05_19,29,2625462146
VFM,2011,2011_05_20,29,2591301428
VFM,2011,2011_05_21,29,2590482722
VFM,2011,2011_05_22,29,2614967926
VFM,2011,2011_05_23,27,2361740920
VFM,2011,2011_05_24,17,1530121190
VFM,2011,2011_05_25,30,2709166798
VFM,2011,2011_05_26,29,2624925151
VFM,2011,2011_05_27,29,2579456599
VFM,2011,2011_05_28,29,2623042066
VFM,2011,2011_05_29,29,2613625534
VFM,2011,2011_05_30,29,2623582752
VFM,2011,2011_05_31,29,2612553811
VFM,2011,2011_06_01,29,2623314312
VFM,2011,2011_06_02,30,2707957609
VFM,2011,2011_06_03,26,2341275164
VFM,2011,2011_06_05,28,2524144038
VFM,2011,2011_06_15,14,1226692943
VFM,2011,2011_06_16,29,2612016821
VFM,2011,2011_06_17,29,2583765408
VFM,2011,2011_06_18,30,2708359288
VFM,2011,2011_06_19,29,2612820154
VFM,2011,2011_06_20,29,2623314341
VFM,2011,2011_06_21,29,2612820179
VFM,2011,2011_06_22,29,2623314358
VFM,2011,2011_06_23,29,2612418506
VFM,2011,2011_06_24,29,2623314372
VFM,2011,2011_06_25,29,2612418478
VFM,2011,2011_06_26,30,2708359312
VFM,2011,2011_06_27,29,2623715989
VFM,2011,2011_06_28,29,2612820130
VFM,2011,2011_06_29,29,2623715946
VFM,2011,2011_06_30,29,2613221810
VFM,2011,2011_07_01,29,2623715967
VFM,2011,2011_07_02,29,2516501068
VFM,2011,2011_07_03,29,2545693565
VFM,2011,2011_07_04,30,2708359240
VFM,2011,2011_07_05,29,2613221792
VFM,2011,2011_07_06,29,2621834747
VFM,2011,2011_07_07,13,1161555758
VFM,2011,2011_07_08,29,2623314299
VFM,2011,2011_07_09,29,2612820144
VFM,2011,2011_07_10,29,2623715950
VFM,2011,2011_07_11,29,2612820137
VFM,2011,2011_07_12,25,2255283590
VFM,2011,2011_07_13,18,1624854883
VFM,2011,2011_07_14,29,2612418508
VFM,2011,2011_07_15,29,2623314309
VFM,2011,2011_07_16,29,2612820133
VFM,2011,2011_07_17,29,2623314289
VFM,2011,2011_07_18,29,2612418486
VFM,2011,2011_07_19,29,2623314289
VFM,2011,2011_07_20,30,2708359204
VFM,2011,2011_07_21,29,2612820111
VFM,2011,2011_07_22,29,2623314281
VFM,2011,2011_07_23,29,2613221767
VFM,2011,2011_07_24,25,2262146103
VFM,2011,2011_07_25,23,2071067958
VFM,2011,2011_07_26,29,2623314226
VFM,2011,2011_07_27,28,2527775157
VFM,2011,2011_07_28,25,2210353473
VFM,2011,2011_07_29,29,2623314295
VFM,2011,2011_07_30,29,2612820087
VFM,2011,2011_07_31,29,2623314272
VFM,2011,2011_08_01,29,2611340568
VFM,2011,2011_08_02,29,2623314275
VFM,2011,2011_08_03,26,2347191077
VFM,2011,2011_08_10,9,807248009
VFM,2011,2011_08_11,29,2623718054
VFM,2011,2011_08_12,29,2614430958
VFM,2011,2011_08_13,30,2709031489
VFM,2011,2011_08_14,29,2624251323
VFM,2011,2011_08_15,29,2614967929
VFM,2011,2011_08_16,29,2626267553
VFM,2011,2011_08_17,29,2615236404
VFM,2011,2011_08_18,29,2627206153
VFM,2011,2011_08_19,29,2613755265
VFM,2011,2011_08_20,29,2627341485
VFM,2011,2011_08_21,30,2712386430
VFM,2011,2011_08_22,28,2531533897
VFM,2011,2011_08_23,18,1627404383
VFM,2011,2011_08_24,29,2616578842
VFM,2011,2011_08_25,29,2627341480
VFM,2011,2011_08_26,29,2615908690
VFM,2011,2011_08_27,29,2627072992
VFM,2011,2011_08_28,30,2704183312
VFM,2011,2011_08_29,29,2533708021
VFM,2011,2011_08_30,29,2627072990
VFM,2011,2011_08_31,29,2612007486
VFM,2011,2011_09_01,29,2627341476
VFM,2011,2011_09_02,29,2616443552
VFM,2011,2011_09_03,29,2625194152
VFM,2011,2011_09_04,7,607291254
VFM,2011,2011_09_05,29,2626939872
VFM,2011,2011_09_06,20,1807051959
VFM,2011,2011_09_07,29,2614972257
VFM,2011,2011_09_08,29,2624128241
VFM,2011,2011_09_09,29,2612156880
VFM,2011,2011_09_10,29,2623726556
VFM,2011,2011_09_11,29,2611353499
VFM,2011,2011_09_12,29,2621714496
VFM,2011,2011_09_13,30,2706089325
VFM,2011,2011_09_14,29,2610955553
VFM,2011,2011_09_15,29,2621714457
VFM,2011,2011_09_16,29,2610550157
VFM,2011,2011_09_17,29,2621714478
VFM,2011,2011_09_18,29,2610550128
VFM,2011,2011_09_19,29,2621851407
VFM,2011,2011_09_20,29,2607726605
VFM,2011,2011_09_21,30,2706357728
VFM,2011,2011_09_22,25,2260138901
VFM,2011,2011_09_29,4,361307133
VFM,2011,2011_09_30,29,2612171666
VFM,2011,2011_10_01,27,2443695843
VFM,2011,2011_10_02,25,2239434071
VFM,2011,2011_10_03,27,2446128116
VFM,2011,2011_10_04,17,1531493277
VFM,2011,2011_10_05,29,2627795092
VFM,2011,2011_10_06,29,2615820069
VFM,2011,2011_10_07,30,2712843759
VFM,2011,2011_10_08,29,2624564040
VFM,2011,2011_10_09,29,2616225475
VFM,2011,2011_10_10,29,2628200447
VFM,2011,2011_10_11,29,2615820034
VFM,2011,2011_10_12,29,2627795066
VFM,2011,2011_10_13,29,2615555280
VFM,2011,2011_10_14,29,2627795082
VFM,2011,2011_10_15,30,2711764472
VFM,2011,2011_10_16,29,2596717394
VFM,2011,2011_10_17,29,2626317948
VFM,2011,2011_10_18,29,2615820051
VFM,2011,2011_10_19,29,2628200484
VFM,2011,2011_10_20,29,2615551574
VFM,2011,2011_10_21,29,2627795060
VFM,2011,2011_10_22,30,2710689013
VFM,2011,2011_10_23,29,2615414691
VFM,2011,2011_10_24,29,2626578981
VFM,2011,2011_10_25,29,2614740815
VFM,2011,2011_10_26,29,2625499793
VFM,2011,2011_10_27,26,2347619835
VFM,2011,2011_10_28,20,1807346419
VFM,2011,2011_10_29,28,2258465565
VFM,2011,2011_10_30,29,2625905200
VFM,2011,2011_10_31,30,2707979235
VFM,2011,2011_11_01,29,2612445418
VFM,2011,2011_11_02,29,2620656729
VFM,2011,2011_11_03,29,2601552701
VFM,2011,2011_11_04,29,2623741329
VFM,2011,2011_11_05,29,2610281675
VFM,2011,2011_11_06,29,2622119869
VFM,2011,2011_11_07,30,2628734910
VFM,2011,2011_11_08,29,2610281615
VFM,2011,2011_11_09,29,2621851378
VFM,2011,2011_11_10,29,2582840674
VFM,2011,2011_11_11,29,2622930616
VFM,2011,2011_11_12,29,2611501522
VFM,2011,2011_11_13,29,2624552092
VFM,2011,2011_11_14,29,2610955477
VFM,2011,2011_11_15,30,2709600732
VFM,2011,2011_11_16,29,2624283599
VFM,2011,2011_11_17,29,2540875075
VFM,2011,2011_11_18,29,2527686324
VFM,2011,2011_11_19,29,2612040065
VFM,2011,2011_11_20,29,2626173614
VFM,2011,2011_11_21,29,2614603923
VFM,2011,2011_11_22,29,2626984382
VFM,2011,2011_11_23,28,2530097511
VFM,2011,2011_11_24,19,1711944149
VFM,2011,2011_11_25,25,2266082602
VFM,2011,2011_11_26,1,84643274
VFM,2011,2011_11_27,9,819232583
VFM,2011,2011_11_29,10,904281260
VFM,2011,2011_11_30,29,2616225425
VFM,2011,2011_12_01,30,2712438396
VFM,2011,2011_12_02,29,2626447416
VFM,2011,2011_12_03,29,2614477378
VFM,2011,2011_12_04,29,2627795061
VFM,2011,2011_12_05,29,2615820053
VFM,2011,2011_12_06,29,2627795166
VFM,2011,2011_12_07,29,2616225437
VFM,2011,2011_12_08,29,2544783703
VFM,2011,2011_12_09,30,2712438420
VFM,2011,2011_12_10,29,2615820070
VFM,2011,2011_12_11,29,2627795146
VFM,2011,2011_12_12,29,2616225415
VFM,2011,2011_12_13,19,1723513891
VFM,2011,2011_12_14,5,378552441
VFM,2011,2011_12_15,29,2627795091
VFM,2011,2011_12_16,29,2615820071
VFM,2011,2011_12_17,30,2712438414
VFM,2011,2011_12_18,29,2622935925
VFM,2011,2011_12_19,29,2615146193
VFM,2011,2011_12_20,27,2444238151
VFM,2011,2011_12_21,19,1708027307
VFM,2011,2011_12_22,29,2624552118
VFM,2011,2011_12_23,29,2612043787
VFM,2011,2011_12_24,29,2622930584
VFM,2011,2011_12_25,30,2697889868
VFM,2011,2011_12_26,29,2605438625
VFM,2011,2011_12_27,29,2621851402
VFM,2011,2011_12_28,29,2610955552
VFM,2011,2011_12_29,29,2621582878
VFM,2011,2011_12_30,29,2610687054
VFM,2011,2011_12_31,29,2621446011
VFM,2012,2012_01_01,29,2610687068
VFM,2012,2012_01_02,30,2706357708
VFM,2012,2012_01_03,29,2621851413
VFM,2012,2012_01_04,29,2610687066
VFM,2012,2012_01_05,29,2621851402
VFM,2012,2012_01_06,29,2610013229
VFM,2012,2012_01_07,29,2621851375
VFM,2012,2012_01_08,29,2610687053
VFM,2012,2012_01_09,29,2621851324
VFM,2012,2012_01_10,30,2705687632
VFM,2012,2012_01_11,29,2610550170
VFM,2012,2012_01_12,29,2621582879
VFM,2012,2012_01_13,29,2610550125
VFM,2012,2012_01_14,29,2621851389
VFM,2012,2012_01_15,19,1708027322
VFM,2012,2012_01_16,10,902254369
VFM,2012,2012_01_17,29,2610687073
VFM,2012,2012_01_18,30,2706357766
VFM,2012,2012_01_19,29,2621714443
VFM,2012,2012_01_20,29,2569386344
VFM,2012,2012_01_21,29,2622253049
VFM,2012,2012_01_22,25,2222076603
VFM,2012,2012_02_03,13,1169758502
VFM,2012,2012_02_04,27,2443405090
VFM,2012,2012_02_05,23,2074021192
VFM,2012,2012_02_06,29,2625329468
VFM,2012,2012_02_07,29,2615373815
VFM,2012,2012_02_08,28,2541894874
VFM,2012,2012_02_09,29,2614968457
VFM,2012,2012_02_10,29,2627073043
VFM,2012,2012_02_11,30,2710912942
VFM,2012,2012_02_12,29,2611470174
VFM,2012,2012_02_13,29,2626939862
VFM,2012,2012_02_14,29,2616578856
VFM,2012,2012_02_15,29,2627341487
VFM,2012,2012_02_16,24,2026297051
VFM,2012,2012_02_17,29,2626936113
VFM,2012,2012_02_18,29,2616310428
VFM,2012,2012_02_19,29,2625995394
VFM,2012,2012_02_20,30,2712117974
VFM,2012,2012_02_21,29,2615370138
VFM,2012,2012_02_22,29,2627341478
VFM,2012,2012_02_23,29,2557927218
VFM,2012,2012_02_24,29,2627341474
VFM,2012,2012_02_25,29,2614431485
VFM,2012,2012_02_26,29,2627341496
VFM,2012,2012_02_27,29,2616310324
VFM,2012,2012_02_28,30,2712788092
VFM,2012,2012_02_29,29,2627341472
VFM,2012,2012_03_01,29,2605816147
VFM,2012,2012_03_02,29,2627341480
VFM,2012,2012_03_03,29,2614833193
VFM,2012,2012_03_04,29,2627743144
VFM,2012,2012_03_05,29,2616578828
VFM,2012,2012_03_06,27,2446488949
VFM,2012,2012_03_20,8,723410147
VFM,2012,2012_03_21,29,2616310337
VFM,2012,2012_03_22,29,2627341508
VFM,2012,2012_03_23,30,2625618157
VFM,2012,2012_03_24,29,2597888717
VFM,2012,2012_03_25,29,2627341454
VFM,2012,2012_03_26,29,2616578842
VFM,2012,2012_03_27,29,2627743157
VFM,2012,2012_03_28,24,2163775475
VFM,2012,2012_03_29,20,1807855232
VFM,2012,2012_03_30,29,2616310321
VFM,2012,2012_03_31,29,2616722300
VFM,2012,2012_04_01,30,2712386464
VFM,2012,2012_04_02,29,2616578896
VFM,2012,2012_04_03,29,2623441649
VFM,2012,2012_04_04,29,2600446309
VFM,2012,2012_04_05,29,2627341536
VFM,2012,2012_04_06,29,2615771880
VFM,2012,2012_04_07,29,2627341509
VFM,2012,2012_04_08,30,2712386411
VFM,2012,2012_04_09,29,2616177165
VFM,2012,2012_04_10,27,2446488961
VFM,2012,2012_04_11,3,265495815
VFM,2012,2012_04_12,29,2627341498
VFM,2012,2012_04_13,29,2616578799
VFM,2012,2012_04_14,29,2627474663
VFM,2012,2012_04_15,29,2616310347
VFM,2012,2012_04_16,17,1542226244
VFM,2012,2012_04_17,30,2712386413
VFM,2012,2012_04_18,29,2616578818
VFM,2012,2012_04_19,29,2627341527
VFM,2012,2012_04_20,29,2616578826
VFM,2012,2012_04_21,29,2627072986
VFM,2012,2012_04_22,29,2616578853
VFM,2012,2012_04_23,29,2626939820
VFM,2012,2012_04_24,29,2616177180
VFM,2012,2012_04_25,30,2710905576
VFM,2012,2012_04_26,29,2627341456
VFM,2012,2012_04_27,29,2616310367
VFM,2012,2012_04_28,29,2627341454
VFM,2012,2012_04_29,29,2616578791
VFM,2012,2012_04_30,29,2553489075
VFM,2012,2012_05_01,29,2616578808
VFM,2012,2012_05_02,29,2627341471
VFM,2012,2012_05_03,28,2531265383
VFM,2012,2012_05_04,19,1712717793
VFM,2012,2012_05_05,29,2627341501
VFM,2012,2012_05_06,29,2614831088
VFM,2012,2012_05_07,29,2627341505
VFM,2012,2012_05_08,23,2084783890
VFM,2013,2013_01_01,29,2605982208
VFM,2013,2013_01_02,29,2622119885
VFM,2013,2013_01_03,24,2110117312
VFM,2013,2013_01_07,6,541352629
VFM,2013,2013_01_08,29,2605984904
VFM,2013,2013_01_09,29,2621851368
VFM,2013,2013_01_10,29,2610687055
VFM,2013,2013_01_11,29,2621851396
VFM,2013,2013_01_12,30,2705820781
VFM,2013,2013_01_13,29,2610281652
VFM,2013,2013_01_14,29,2621851396
VFM,2013,2013_01_15,29,2610687025
VFM,2013,2013_01_16,23,2075523275
VFM,2013,2013_01_17,17,1527981822
VFM,2013,2013_01_18,29,2621851368
VFM,2013,2013_01_19,29,2611088737
VFM,2013,2013_01_20,30,2706759445
VFM,2013,2013_01_21,18,1623384009
VFM,2013,2013_01_22,11,988102607
VFM,2013,2013_01_23,29,2623458006
VFM,2013,2013_01_24,29,2611353453
VFM,2013,2013_01_25,29,2623458076
VFM,2013,2013_01_26,29,2612695315
VFM,2013,2013_01_27,29,2622521506
VFM,2013,2013_01_28,30,2708904577
VFM,2013,2013_01_29,29,2612153069
VFM,2013,2013_01_30,29,2625868000
VFM,2013,2013_01_31,29,2610951804
VFM,2013,2013_02_01,29,2541528275
VFM,2013,2013_02_02,29,2611349807
VFM,2013,2013_02_03,29,2626939836
VFM,2013,2013_02_04,29,2616578843
VFM,2013,2013_02_05,29,2625333165
VFM,2013,2013_02_06,30,2710109650
VFM,2013,2013_02_07,29,2614570547
VFM,2013,2013_02_08,29,2624931505
VFM,2013,2013_02_09,29,2616173450
VFM,2013,2013_02_10,29,2626939811
VFM,2013,2013_02_11,29,2615775515
VFM,2013,2013_02_12,29,2626538171
VFM,2013,2013_02_13,30,2711579449
VFM,2013,2013_02_14,29,2616578880
VFM,2013,2013_02_15,29,2623306810
VFM,2013,2013_02_16,29,2589298873
VFM,2013,2013_02_17,29,2616849493
VFM,2013,2013_02_18,29,2425715561
VFM,2013,2013_02_19,29,2627341491
VFM,2013,2013_02_20,29,2616578795
VFM,2013,2013_02_21,29,2627341509
VFM,2013,2013_02_22,30,2712386480
VFM,2013,2013_02_23,29,2616310344
VFM,2013,2013_02_24,29,2627341446
VFM,2013,2013_02_25,29,2615232678
VFM,2013,2013_02_26,29,2588599587
VFM,2013,2013_02_27,29,2582273473
VFM,2013,2013_02_28,29,2626667600
VFM,2013,2013_03_01,29,2616578811
VFM,2013,2013_03_02,30,2712386457
VFM,2013,2013_03_03,29,2627341489
VFM,2013,2013_03_04,29,2616980485
VFM,2013,2013_03_05,29,2627341505
VFM,2013,2013_03_06,29,2616578785
VFM,2013,2013_03_07,29,2627073014
VFM,2013,2013_03_08,29,2552409059
VFM,2013,2013_03_09,29,2627341503
VFM,2013,2013_03_10,30,2712386390
VFM,2013,2013_03_11,29,2616578829
VFM,2013,2013_03_12,29,2626671354
VFM,2013,2013_03_13,29,2616578848
VFM,2013,2013_03_14,29,2627341483
VFM,2013,2013_03_15,29,2605009135
VFM,2013,2013_03_16,29,2627474706
VFM,2013,2013_03_17,29,2616980502
VFM,2013,2013_03_18,30,2711579404
VFM,2013,2013_03_19,27,2446488937
VFM,2013,2013_03_21,12,1063059529
VFM,2013,2013_03_22,29,2616578825
VFM,2013,2013_03_23,29,2627341494
VFM,2013,2013_03_24,29,2616578824
VFM,2013,2013_03_25,29,2627341433
VFM,2013,2013_03_26,30,2712386400
VFM,2013,2013_03_27,29,2540166813
VFM,2013,2013_03_28,29,2627341515
VFM,2013,2013_03_29,29,2615908716
VFM,2013,2013_03_30,29,2576353647
VFM,2013,2013_03_31,29,2615234865
VFM,2013,2013_04_01,29,2627474671
VFM,2013,2013_04_02,29,2616578842
VFM,2013,2013_04_03,29,2627743202
VFM,2013,2013_04_04,30,2712386441
VFM,2013,2013_04_05,29,2616578859
VFM,2013,2013_04_06,29,2627073050
VFM,2013,2013_04_07,29,2615234809
VFM,2013,2013_04_08,29,2627341479
VFM,2013,2013_04_09,26,2350681365
VFM,2013,2013_04_16,15,1351012704
VFM,2013,2013_04_17,29,2627743156
VFM,2013,2013_04_18,29,2614427798
VFM,2013,2013_04_19,29,2626939759
VFM,2013,2013_04_20,30,2712386459
VFM,2013,2013_04_21,29,2616578825
VFM,2013,2013_04_22,29,2627341488
VFM,2013,2013_04_23,29,2616578808
VFM,2013,2013_04_24,25,2265636418
VFM,2013,2013_04_25,3,221235917
VFM,2013,2013_04_26,29,2627341503
VFM,2013,2013_04_27,29,2616980504
VFM,2013,2013_04_28,30,2712386390
VFM,2013,2013_04_29,29,2627341440
VFM,2013,2013_04_30,29,2616578812
VFM,2013,2013_05_01,29,2544741626
VFM,2013,2013_05_02,29,2616578839
VFM,2013,2013_05_03,29,2627474677
VFM,2013,2013_05_04,29,2615775522
VFM,2013,2013_05_05,29,2627341460
VFM,2013,2013_05_06,24,2164046366
VFM,2013,2013_05_07,17,1531865266
VFM,2013,2013_05_08,29,2627341453
VFM,2013,2013_05_09,29,2554691933
VFM,2013,2013_05_10,29,2627341481
VFM,2013,2013_05_11,29,2616177152
VFM,2013,2013_05_12,29,2627341469
VFM,2013,2013_05_13,29,2616578823
VFM,2013,2013_05_14,30,2712386423
VFM,2013,2013_05_15,15,1361373689
VFM,2013,2013_05_21,4,361436593
VFM,2013,2013_05_28,10,902787116
VFM,2013,2013_05_29,29,2611209730
VFM,2013,2013_05_30,30,2708359193
VFM,2013,2013_05_31,29,2624521352
VFM,2013,2013_06_01,29,2610131846
VFM,2013,2013_06_02,29,2623715966
VFM,2013,2013_06_03,29,2612820155
VFM,2013,2013_06_04,29,2623314311
VFM,2013,2013_06_05,29,2613221835
VFM,2013,2013_06_06,29,2621158981
VFM,2013,2013_06_07,30,2708760934
VFM,2013,2013_06_08,29,2611611464
VFM,2013,2013_06_09,29,2623314344
VFM,2013,2013_06_10,29,2610537595
VFM,2013,2013_06_11,27,2442730286
VFM,2013,2013_06_12,17,1529315802
VFM,2013,2013_06_13,29,2622105617
VFM,2013,2013_06_14,29,2612013169
VFM,2013,2013_06_15,29,2623716013
VFM,2013,2013_06_16,28,2527775244
VFM,2013,2013_06_17,1,85044948
VFM,2013,2013_06_18,29,2622912677
VFM,2013,2013_06_19,29,2612820196
VFM,2013,2013_06_20,29,2623715959
VFM,2013,2013_06_21,29,2612016809
VFM,2013,2013_06_22,29,2606778189
VFM,2013,2013_06_23,30,2708359265
VFM,2013,2013_06_24,29,2607580483
VFM,2013,2013_06_25,25,2262146204
VFM,2013,2013_06_26,3,265629010
VFM,2013,2013_06_27,29,2623716017
VFM,2013,2013_06_28,29,2612418514
VFM,2013,2013_06_29,29,2623314302
VFM,2013,2013_06_30,29,2612820129
VFM,2013,2013_07_01,29,2623314347
VFM,2013,2013_07_02,30,2708359266
VFM,2013,2013_07_03,29,2612418445
VFM,2013,2013_07_04,29,2593985971
VFM,2013,2013_07_05,29,2612820145
VFM,2013,2013_07_06,29,2623314289
VFM,2013,2013_07_07,29,2612820181
VFM,2013,2013_07_08,29,2623314249
VFM,2013,2013_07_09,30,2708359225
VFM,2013,2013_07_10,29,2611209699
VFM,2013,2013_07_11,29,2623314283
VFM,2013,2013_07_12,29,2552555778
VFM,2013,2013_07_13,29,2623314259
VFM,2013,2013_07_14,29,2612820128
VFM,2013,2013_07_15,29,2623314325
VFM,2013,2013_07_16,29,2612820100
VFM,2013,2013_07_17,30,2708359240
VFM,2013,2013_07_18,29,2623715939
VFM,2013,2013_07_19,29,2613221768
VFM,2013,2013_07_20,29,2623314275
VFM,2013,2013_07_21,29,2612820136
VFM,2013,2013_07_22,29,2622912607
VFM,2013,2013_07_23,29,2612820131
VFM,2013,2013_07_24,29,2623314224
VFM,2013,2013_07_25,30,2688050002
VFM,2013,2013_07_26,29,2612820087
VFM,2013,2013_07_27,29,2623314265
VFM,2013,2013_07_28,29,2607984503
VFM,2013,2013_07_29,29,2623715953
VFM,2013,2013_07_30,28,2499393720
VFM,2013,2013_07_31,16,1443463741
VFM,2013,2013_08_01,29,2529012854
VFM,2013,2013_08_02,30,2708359278
VFM,2013,2013_08_03,29,2623314273
VFM,2013,2013_08_04,29,2612418449
VFM,2013,2013_08_05,29,2623314271
VFM,2013,2013_08_06,29,2612820121
VFM,2013,2013_08_07,29,2623314267
VFM,2013,2013_08_08,29,2609055468
VFM,2013,2013_08_09,29,2624119671
VFM,2013,2013_08_10,30,2708762987
VFM,2013,2013_08_11,29,2613222320
VFM,2013,2013_08_12,29,2625058334
VFM,2013,2013_08_13,29,2464304677
VFM,2013,2013_08_14,29,2624925171
VFM,2013,2013_08_15,29,2615103269
VFM,2013,2013_08_16,29,2624654780
VFM,2013,2013_08_17,29,2615640207
VFM,2013,2013_08_18,30,2712386422
VFM,2013,2013_08_19,29,2627474658
VFM,2013,2013_08_20,29,2616711993
VFM,2013,2013_08_21,29,2627341527
VFM,2013,2013_08_22,29,2488780185
VFM,2013,2013_08_23,29,2627474653
VFM,2013,2013_08_24,29,2614697595
VFM,2013,2013_08_25,29,2621972602
VFM,2013,2013_08_26,30,2712117897
VFM,2013,2013_08_27,29,2616578834
VFM,2013,2013_08_28,28,2467765755
VFM,2013,2013_08_29,29,2616578862
VFM,2013,2013_08_30,29,2627341455
VFM,2013,2013_08_31,29,2616980513
VFM,2013,2013_09_01,29,2627743131
VFM,2013,2013_09_02,30,2711984810
VFM,2013,2013_09_03,29,2602191574
VFM,2013,2013_09_04,29,2626538185
VFM,2013,2013_09_05,29,2614570545
VFM,2013,2013_09_06,29,2625333189
VFM,2013,2013_09_07,29,2612290039
VFM,2013,2013_09_08,29,2623859776
VFM,2013,2013_09_09,29,2610546521
VFM,2013,2013_09_10,29,2622119875
VFM,2013,2013_09_11,30,2706763141
VFM,2013,2013_09_12,29,2551892519
VFM,2013,2013_09_13,29,2621714470
VFM,2013,2013_09_14,29,2610550173
VFM,2013,2013_09_15,29,2621044295
VFM,2013,2013_09_16,29,2610550146
VFM,2013,2013_09_17,28,2523486578
VFM,2013,2013_09_18,28,2525906894
VFM,2013,2013_09_19,16,1443606976
VFM,2013,2013_09_20,2,127846545
VFM,2013,2013_09_21,29,2610550174
VFM,2013,2013_09_22,29,2535349983
VFM,2013,2013_09_23,24,2159088685
VFM,2013,2013_09_24,18,1623789367
VFM,2013,2013_09_25,29,2610144801
VFM,2013,2013_09_26,30,2705952320
VFM,2013,2013_09_27,29,2622525225
VFM,2013,2013_09_28,29,2601415028
VFM,2013,2013_09_29,29,2624689043
VFM,2013,2013_09_30,10,903065134
VFM,2013,2013_10_03,8,723424995
VFM,2013,2013_10_04,30,2710958793
VFM,2013,2013_10_05,29,2615820031
VFM,2013,2013_10_06,29,2627795113
VFM,2013,2013_10_07,29,2615551522
VFM,2013,2013_10_08,29,2627795130
VFM,2013,2013_10_09,29,2616225459
VFM,2013,2013_10_10,29,2627795109
VFM,2013,2013_10_11,29,2615956951
VFM,2013,2013_10_12,30,2712438375
VFM,2013,2013_10_13,29,2627795127
VFM,2013,2013_10_14,29,2616225422
VFM,2013,2013_10_15,29,2627389722
VFM,2013,2013_10_16,29,2615414659
VFM,2013,2013_10_17,29,2611247555
VFM,2013,2013_10_18,29,2615820066
VFM,2013,2013_10_19,29,2628200475
VFM,2013,2013_10_20,30,2711764510
VFM,2013,2013_10_21,29,2615009312
VFM,2013,2013_10_22,29,2626984378
VFM,2013,2013_10_23,29,2613930082
VFM,2013,2013_10_24,29,2625768268
VFM,2013,2013_10_25,29,2612171710
VFM,2013,2013_10_26,7,637565619
VFM,2013,2013_10_27,27,2226291084
VFM,2013,2013_10_28,28,2528207586
VFM,2013,2013_10_29,16,1425720511
VFM,2013,2013_10_30,20,1806130312
VFM,2013,2013_11_01,19,1709106562
VFM,2013,2013_11_02,29,2525798463
VFM,2013,2013_11_03,29,2555525476
VFM,2013,2013_11_04,29,2624957476
VFM,2013,2013_11_05,28,2463090127
VFM,2013,2013_11_06,29,2610013181
VFM,2013,2013_11_07,29,2441582612
VFM,2013,2013_11_08,29,2610955549
VFM,2013,2013_11_09,29,2598861348
VFM,2013,2013_11_10,29,2609616532
VFM,2013,2013_11_11,29,2620249170
VFM,2013,2013_11_12,29,2515033103
VFM,2013,2013_11_13,29,2610692092
VFM,2013,2013_11_14,29,2565350795
VFM,2013,2013_11_15,29,2612040073
VFM,2013,2013_11_16,29,2622799071
VFM,2013,2013_11_17,29,2613119254
VFM,2013,2013_11_18,29,2623881996
VFM,2013,2013_11_19,29,2612982454
VFM,2013,2013_11_20,30,2710006134
VFM,2013,2013_11_21,29,2625768269
VFM,2013,2013_11_22,29,2615009268
VFM,2013,2013_11_23,29,2626984385
VFM,2013,2013_11_24,29,2616225424
VFM,2013,2013_11_25,29,2627389744
VFM,2013,2013_11_26,26,2351131234
VFM,2013,2013_11_27,18,1626627059
VFM,2013,2013_11_28,30,2689570163
VFM,2013,2013_11_29,29,2591605107
VFM,2013,2013_11_30,29,2627795134
VFM,2013,2013_12_01,29,2616225408
VFM,2013,2013_12_02,29,2627795105
VFM,2013,2013_12_03,29,2615820018
VFM,2013,2013_12_04,29,2627795105
VFM,2013,2013_12_05,29,2616225406
VFM,2013,2013_12_06,30,2712438410
VFM,2013,2013_12_07,29,2627389718
VFM,2013,2013_12_08,29,2616225443
VFM,2013,2013_12_09,29,2626984377
VFM,2013,2013_12_10,29,2595911081
VFM,2013,2013_12_11,29,2627795138
VFM,2013,2013_12_12,29,2616225391
VFM,2013,2013_12_13,29,2628200505
VFM,2013,2013_12_14,30,2712033069
VFM,2013,2013_12_15,29,2616225414
VFM,2013,2013_12_16,29,2625239980
VFM,2013,2013_12_17,29,2615820060
VFM,2013,2013_12_18,29,2625362881
VFM,2013,2013_12_19,29,2612850822
VFM,2013,2013_12_20,29,2626173631
VFM,2013,2013_12_21,29,2613524715
VFM,2013,2013_12_22,30,2710006151
VFM,2013,2013_12_23,29,2623609824
VFM,2013,2013_12_24,29,2611497789
VFM,2013,2013_12_25,29,2621314391
VFM,2013,2013_12_26,29,2610687018
VFM,2013,2013_12_27,29,2607453588
VFM,2013,2013_12_28,29,2554861665
VFM,2013,2013_12_29,29,2621582892
VFM,2013,2013_12_30,30,2706226210
VFM,2013,2013_12_31,29,2610550191
VFM,2014,2014_01_01,29,2621582926
VFM,2014,2014_01_02,28,2526043753
VFM,2014,2014_01_03,16,1443338543
VFM,2014,2014_01_04,5,371279041
VFM,2014,2014_01_05,27,2441263623
VFM,2014,2014_01_14,8,721803483
VFM,2014,2014_01_15,30,2705820804
VFM,2014,2014_01_16,29,2610550130
VFM,2014,2014_01_17,29,2621314429
VFM,2014,2014_01_18,29,2610550126
VFM,2014,2014_01_19,29,2621851372
VFM,2014,2014_01_20,29,2581226898
VFM,2014,2014_01_21,29,2621851313
VFM,2014,2014_01_22,29,2503476941
VFM,2014,2014_01_23,29,2559425965
VFM,2014,2014_01_24,30,2706624159
VFM,2014,2014_01_25,29,2610951781
VFM,2014,2014_01_26,29,2622919481
VFM,2014,2014_01_27,29,2493105394
VFM,2014,2014_01_28,27,2382873044
VFM,2014,2014_01_29,29,2612963844
VFM,2014,2014_01_30,29,2623458045
VFM,2014,2014_01_31,30,2708366089
VFM,2014,2014_02_01,29,2612960089
VFM,2014,2014_02_02,29,2623726530
VFM,2014,2014_02_03,29,2612963824
VFM,2014,2014_02_04,29,2559144184
VFM,2014,2014_02_05,29,2612558454
VFM,2014,2014_02_06,29,2625466357
VFM,2014,2014_02_07,29,2614165132
VFM,2014,2014_02_08,29,2624931503
VFM,2014,2014_02_09,30,2710779777
VFM,2014,2014_02_10,29,2614165134
VFM,2014,2014_02_11,29,2625333151
VFM,2014,2014_02_12,29,2614968478
VFM,2014,2014_02_13,29,2625333185
VFM,2014,2014_02_14,29,2533306410
VFM,2014,2014_02_15,29,2626402915
VFM,2014,2014_02_16,30,2711984799
VFM,2014,2014_02_17,24,2163648428
VFM,2014,2014_02_18,18,1627672897
VFM,2014,2014_02_19,29,2616578871
VFM,2014,2014_02_20,15,1361373723
VFM,2014,2014_02_24,6,542557612
VFM,2014,2014_03_03,4,361705068
VFM,2014,2014_03_04,29,2615908727
VFM,2014,2014_03_05,30,2712386420
VFM,2014,2014_03_06,29,2627073035
VFM,2014,2014_03_07,29,2616578784
VFM,2014,2014_03_08,29,2627341490
VFM,2014,2014_03_09,29,2616177203
VFM,2014,2014_03_10,27,2446890594
VFM,2014,2014_03_11,17,1531596769
VFM,2014,2014_03_12,29,2627341485
VFM,2014,2014_03_13,18,1627404390
VFM,2014,2014_03_14,29,2616177179
VFM,2014,2014_03_15,29,2578101681
VFM,2014,2014_03_16,27,2425909096
VFM,2014,2014_03_17,29,2626534432
VFM,2014,2014_03_18,29,2598550436
VFM,2014,2014_03_19,29,2627743111
VFM,2014,2014_03_20,29,2615503285
VFM,2014,2014_03_21,29,2627341469
VFM,2014,2014_03_22,30,2712386433
VFM,2014,2014_03_23,29,2613758941
VFM,2014,2014_03_24,29,2627341456
VFM,2014,2014_03_25,29,2616578778
VFM,2014,2014_03_26,29,2627341502
VFM,2014,2014_03_27,29,2547426962
VFM,2014,2014_03_28,29,2627743166
VFM,2014,2014_03_29,30,2711716315
VFM,2014,2014_03_30,29,2616578834
VFM,2014,2014_03_31,27,2446488914
VFM,2014,2014_04_01,17,1531195131
VFM,2014,2014_04_02,29,2627073011
VFM,2014,2014_04_03,18,1107329587
VFM,2014,2014_04_04,16,1446418695
VFM,2014,2014_04_05,29,2616578916
VFM,2014,2014_04_06,29,2624786438
VFM,2014,2014_04_07,30,2711984752
VFM,2014,2014_04_08,29,2616578879
VFM,2014,2014_04_09,29,2627474665
VFM,2014,2014_04_10,29,2615640226
VFM,2014,2014_04_11,29,2627743124
VFM,2014,2014_04_12,29,2615908695
VFM,2014,2014_04_13,29,2615905226
VFM,2014,2014_04_14,30,2712386489
VFM,2014,2014_04_15,29,2616578820
VFM,2014,2014_04_16,29,2627341481
VFM,2014,2014_04_17,29,2616578810
VFM,2014,2014_04_18,29,2627341438
VFM,2014,2014_04_19,8,702701563
VFM,2014,2014_04_22,10,834982175
VFM,2014,2014_04_23,28,2531533848
VFM,2014,2014_04_24,17,1494208090
VFM,2014,2014_04_25,29,2625995325
VFM,2014,2014_04_26,29,2591298894
VFM,2014,2014_04_27,29,2627341513
VFM,2014,2014_04_28,29,2616578841
VFM,2014,2014_04_29,29,2627474642
VFM,2014,2014_04_30,29,2616578791
VFM,2014,2014_05_01,30,2712788092
VFM,2014,2014_05_02,29,2627743140
VFM,2014,2014_05_03,29,2616578840
VFM,2014,2014_05_04,29,2624515768
VFM,2014,2014_05_05,29,2616177237
VFM,2014,2014_05_06,29,2627474618
VFM,2014,2014_05_07,29,2616578801
VFM,2014,2014_05_08,29,2627341457
VFM,2014,2014_05_09,26,2317049934
VFM,2014,2014_05_10,29,2468866008
VFM,2014,2014_05_11,29,2626937730
VFM,2014,2014_05_12,29,2615771815
VFM,2014,2014_05_13,29,2627341440
VFM,2014,2014_05_14,29,2616310376
VFM,2014,2014_05_15,29,2626939803
VFM,2014,2014_05_16,29,2616578807
VFM,2014,2014_05_17,30,2711849435
VFM,2014,2014_05_18,29,2626536035
VFM,2014,2014_05_19,29,2615640198
VFM,2014,2014_05_20,29,2585636441
VFM,2014,2014_05_21,28,2446386539
VFM,2014,2014_05_22,29,2626804523
VFM,2014,2014_05_23,29,2613357062
VFM,2014,2014_05_24,29,2623582772
VFM,2014,2014_05_25,30,2708627659
VFM,2014,2014_05_26,29,2612820062
VFM,2014,2014_05_27,29,2623314288
VFM,2014,2014_05_28,29,2613088597
VFM,2014,2014_05_29,29,2625193575
VFM,2014,2014_05_30,29,2613357054
VFM,2014,2014_05_31,29,2623314319
VFM,2014,2014_06_01,29,2612418509
VFM,2014,2014_06_02,30,2708359272
VFM,2014,2014_06_03,29,2623314332
VFM,2014,2014_06_04,29,2612820122
VFM,2014,2014_06_05,29,2560093207
VFM,2014,2014_06_06,29,2609461726
VFM,2014,2014_06_07,29,2623314322
VFM,2014,2014_06_08,29,2612820154
VFM,2014,2014_06_09,29,2539105369
VFM,2014,2014_06_10,24,2161093098
VFM,2014,2014_06_11,17,1529315807
VFM,2014,2014_06_12,29,2622236696
VFM,2014,2014_06_13,29,2593857589
VFM,2014,2014_06_14,29,2623314373
VFM,2014,2014_06_15,29,2612820175
VFM,2014,2014_06_16,29,2622511029
VFM,2014,2014_06_17,29,2612820157
VFM,2014,2014_06_18,29,2623716022
VFM,2014,2014_06_19,30,2708359264
VFM,2014,2014_06_20,29,2612820141
VFM,2014,2014_06_21,25,2262146172
VFM,2014,2014_06_22,3,205490228
VFM,2014,2014_06_23,29,2623314358
VFM,2014,2014_06_24,29,2612820183
VFM,2014,2014_06_25,29,2623715982
VFM,2014,2014_06_26,30,2707957642
VFM,2014,2014_06_27,29,2612820153
VFM,2014,2014_06_28,29,2623314333
VFM,2014,2014_06_29,29,2612820129
VFM,2014,2014_06_30,29,2623314317
VFM,2014,2014_07_01,19,1710301488
VFM,2014,2014_07_02,10,902920307
VFM,2014,2014_07_03,29,2612820141
VFM,2014,2014_07_04,30,2708359239
VFM,2014,2014_07_05,29,2623314316
VFM,2014,2014_07_06,29,2612820108
VFM,2014,2014_07_07,29,2623314332
VFM,2014,2014_07_08,21,1890885525
VFM,2014,2014_07_09,29,2535876390
VFM,2014,2014_07_10,26,2343156727
VFM,2014,2014_07_11,2,180182387
VFM,2014,2014_07_12,30,2707957582
VFM,2014,2014_07_13,29,2609861206
VFM,2014,2014_07_14,29,2556588884
VFM,2014,2014_07_15,1,85044947
VFM,2014,2014_07_16,29,2622912625
VFM,2014,2014_07_17,28,2528176821
VFM,2014,2014_07_18,29,2622510936
VFM,2014,2014_07_19,29,2612013071
VFM,2014,2014_07_20,30,2708760876
VFM,2014,2014_07_21,29,2623314257
VFM,2014,2014_07_22,29,2608785391
VFM,2014,2014_07_23,27,2442328525
VFM,2014,2014_07_24,17,1529717412
VFM,2014,2014_07_25,29,2623314238
VFM,2014,2014_07_26,29,2612820048
VFM,2014,2014_07_27,29,2621435396
VFM,2014,2014_07_28,30,2708359174
VFM,2014,2014_07_29,29,2612013082
VFM,2014,2014_07_30,27,2442730223
VFM,2014,2014_07_31,18,1387828221
VFM,2014,2014_08_01,29,2622236585
VFM,2014,2014_08_02,29,2612820084
VFM,2014,2014_08_03,29,2622912618
VFM,2014,2014_08_04,29,2612820115
VFM,2014,2014_08_05,30,2708359232
VFM,2014,2014_08_06,29,2623314315
VFM,2014,2014_08_07,29,2612820164
VFM,2014,2014_08_08,29,2566676796
VFM,2014,2014_08_09,29,2610674912
VFM,2014,2014_08_10,29,2624388194
VFM,2014,2014_08_11,29,2609865429
VFM,2014,2014_08_12,29,2624388124
VFM,2014,2014_08_13,30,2709299942
VFM,2014,2014_08_14,29,2613892392
VFM,2014,2014_08_15,29,2626400739
VFM,2014,2014_08_16,29,2608915417
VFM,2014,2014_08_17,25,2265636415
VFM,2014,2014_08_18,19,1704115470
VFM,2014,2014_08_19,29,2627743179
VFM,2014,2014_08_20,28,2531533874
VFM,2014,2014_08_21,5,444194933
VFM,2014,2014_08_22,29,2627474691
VFM,2014,2014_08_23,29,2616712017
VFM,2014,2014_08_24,29,2626265971
VFM,2014,2014_08_25,29,2614966321
VFM,2014,2014_08_26,29,2624921083
VFM,2014,2014_08_27,29,2616177174
VFM,2014,2014_08_28,29,2627073018
VFM,2014,2014_08_29,28,2353020019
VFM,2014,2014_08_30,22,1982789727
VFM,2014,2014_08_31,28,2531667109
VFM,2014,2014_09_01,29,2255634913
VFM,2014,2014_09_02,29,2627474675
VFM,2014,2014_09_03,29,2616578865
VFM,2014,2014_09_04,29,2626136489
VFM,2014,2014_09_05,30,2711181515
VFM,2014,2014_09_06,29,2614972177
VFM,2014,2014_09_07,29,2624128229
VFM,2014,2014_09_08,29,2612426995
VFM,2014,2014_09_09,23,2080900418
VFM,2014,2014_09_10,16,1370826929
VFM,2014,2014_09_11,11,997656587
VFM,2014,2014_09_15,13,1099409848
VFM,2014,2014_09_16,29,2622119834
VFM,2014,2014_09_17,29,2610955554
VFM,2014,2014_09_18,29,2528089295
VFM,2014,2014_09_19,29,2525927611
VFM,2014,2014_09_20,29,2617273913
VFM,2014,2014_09_21,28,2496714178
VFM,2014,2014_09_22,29,2571804591
VFM,2014,2014_09_23,29,2621314410
VFM,2014,2014_09_24,29,2610687085
VFM,2014,2014_09_25,29,2621851387
VFM,2014,2014_09_26,29,2610687002
VFM,2014,2014_09_27,29,2622662113
VFM,2014,2014_09_28,29,2594544936
VFM,2014,2014_09_29,30,2708384583
VFM,2014,2014_09_30,29,2623472851
VFM,2014,2014_10_01,29,2615009281
VFM,2014,2014_10_02,29,2625768243
VFM,2014,2014_10_03,29,2611108041
VFM,2014,2014_10_04,29,2620396967
VFM,2014,2014_10_05,29,2615820074
VFM,2014,2014_10_06,29,2627121245
VFM,2014,2014_10_07,24,2169869659
VFM,2014,2014_10_08,24,2145249277
VFM,2014,2014_10_09,16,1425453635
VFM,2014,2014_10_10,29,2616225421
VFM,2014,2014_10_11,27,2427836231
VFM,2014,2014_10_12,29,2616630816
VFM,2014,2014_10_13,29,2626984382
VFM,2014,2014_10_14,30,2710685291
VFM,2014,2014_10_15,27,2381418697
VFM,2014,2014_10_16,21,1904775498
VFM,2014,2014_10_17,29,2558243935
VFM,2014,2014_10_18,29,2626984383
VFM,2014,2014_10_19,29,2616225424
VFM,2014,2014_10_20,29,2626984345
VFM,2014,2014_10_21,29,2616225436
VFM,2014,2014_10_22,29,2626715852
VFM,2014,2014_10_23,30,2709741383
VFM,2014,2014_10_24,29,2613387773
VFM,2014,2014_10_25,29,2606933346
VFM,2014,2014_10_26,29,2612982418
VFM,2014,2014_10_27,29,2623067562
VFM,2014,2014_10_28,29,2611360957
VFM,2014,2014_10_29,29,2622397399
VFM,2014,2014_10_30,30,2706357778
VFM,2014,2014_10_31,29,2612171655
VFM,2014,2014_11_01,25,2246022309
VFM,2014,2014_11_02,23,2068929084
VFM,2014,2014_11_03,29,2622662134
VFM,2014,2014_11_04,29,2612308541
VFM,2014,2014_11_05,27,2442074391
VFM,2014,2014_11_06,17,1527439553
VFM,2014,2014_11_07,29,2624552089
VFM,2014,2014_11_08,30,2707305418
VFM,2014,2014_11_09,29,2611360886
VFM,2014,2014_11_10,29,2624146702
VFM,2014,2014_11_11,29,2611497802
VFM,2014,2014_11_12,29,2623472923
VFM,2014,2014_11_13,29,2611092461
VFM,2014,2014_11_14,6,385453591
VFM,2014,2014_11_15,30,2543309257
VFM,2014,2014_11_16,19,1519434917
VFM,2014,2014_11_17,29,2622261757
VFM,2014,2014_11_18,29,2611903149
VFM,2014,2014_11_19,29,2624957511
VFM,2014,2014_11_20,29,2612043807
VFM,2014,2014_11_21,29,2625231228
VFM,2014,2014_11_22,29,2611241769
VFM,2014,2014_11_23,30,2711222269
VFM,2014,2014_11_24,29,2619315293
VFM,2014,2014_11_25,29,2616225412
VFM,2014,2014_11_26,29,2628200485
VFM,2014,2014_11_27,29,2614477328
VFM,2014,2014_11_28,29,2627795138
VFM,2014,2014_11_29,29,2616225348
VFM,2014,2014_11_30,29,2627795123
VFM,2014,2014_12_01,30,2618937347
VFM,2014,2014_12_02,29,2616225409
VFM,2014,2014_12_03,29,2627795144
VFM,2014,2014_12_04,28,2531582163
VFM,2014,2014_12_05,18,1626895515
VFM,2014,2014_12_06,29,2613670324
VFM,2014,2014_12_07,29,2627795093
VFM,2014,2014_12_08,29,2615820076
VFM,2014,2014_12_09,30,2712438401
VFM,2014,2014_12_10,29,2627121260
VFM,2014,2014_12_11,29,2616630778
VFM,2014,2014_12_12,29,2625368166
VFM,2014,2014_12_13,29,2616225425
VFM,2014,2014_12_14,29,2626041982
VFM,2014,2014_12_15,29,2615820056
VFM,2014,2014_12_16,29,2627795131
VFM,2014,2014_12_17,30,2712033031
VFM,2014,2014_12_18,29,2614603863
VFM,2014,2014_12_19,29,2625768206
VFM,2014,2014_12_20,29,2612718979
VFM,2014,2014_12_21,29,2624957443
VFM,2014,2014_12_22,29,2608403637
VFM,2014,2014_12_23,27,2442757233
VFM,2014,2014_12_24,3,213969407
VFM,2014,2014_12_25,30,2708384648
VFM,2014,2014_12_26,29,2622260477
VFM,2014,2014_12_27,29,2611360855
VFM,2014,2014_12_28,29,2621714481
VFM,2014,2014_12_29,29,2610281734
VFM,2014,2014_12_30,29,2621851386
VFM,2014,2014_12_31,29,2610281678
VFM,2015,2015_01_01,29,2621582772
VFM,2015,2015_01_02,30,2646493445
VFM,2015,2015_01_03,29,2511143236
VFM,2015,2015_01_04,29,2621851418
VFM,2015,2015_01_05,29,2610550167
VFM,2015,2015_01_06,29,2539249102
VFM,2015,2015_01_07,29,2608396745
VFM,2015,2015_01_08,29,2621714436
VFM,2015,2015_01_09,29,2610016933
VFM,2015,2015_01_10,30,2706357790
VFM,2015,2015_01_11,29,2621714471
VFM,2015,2015_01_12,29,2610955557
VFM,2015,2015_01_13,23,2075390122
VFM,2015,2015_01_14,17,1527981812
VFM,2015,2015_01_15,29,2621714497
VFM,2015,2015_01_16,29,2610687063
VFM,2015,2015_01_17,29,2621851370
VFM,2015,2015_01_18,30,2706089332
VFM,2015,2015_01_19,29,2610550137
VFM,2015,2015_01_20,29,2621714457
VFM,2015,2015_01_21,29,2610550151
VFM,2015,2015_01_22,29,2621714455
VFM,2015,2015_01_23,29,2611357210
VFM,2015,2015_01_24,29,2622517784
VFM,2015,2015_01_25,29,2611755178
VFM,2015,2015_01_26,29,2623726472
VFM,2015,2015_01_27,30,2707294255
VFM,2015,2015_01_28,29,2611353477
VFM,2015,2015_01_29,29,2623321127
VFM,2015,2015_01_30,29,2612956451
VFM,2015,2015_01_31,29,2622117780
VFM,2015,2015_02_01,29,2614168867
VFM,2015,2015_02_02,29,2623458088
VFM,2015,2015_02_03,30,2619473072
VFM,2015,2015_02_04,29,2614570491
VFM,2015,2015_02_05,29,2622382495
VFM,2015,2015_02_06,29,2612960130
VFM,2015,2015_02_07,29,2625333135
VFM,2015,2015_02_08,29,2614165153
VFM,2015,2015_02_09,29,2625466337
VFM,2015,2015_02_10,26,2342347458
VFM,2015,2015_02_11,2,180450876
VFM,2015,2015_02_12,30,2672977306
VFM,2015,2015_02_13,29,2440754049
VFM,2015,2015_02_14,29,2563594218
VFM,2015,2015_02_15,29,2614972256
VFM,2015,2015_02_16,29,2625731097
VFM,2015,2015_02_17,29,2615775536
VFM,2015,2015_02_18,28,2458356396
VFM,2015,2015_02_19,30,2710909258
VFM,2015,2015_02_20,29,2616177193
VFM,2015,2015_02_21,29,2626538152
VFM,2015,2015_02_22,29,2615771771
VFM,2015,2015_02_23,29,2623708739
VFM,2015,2015_02_24,29,2610802156
VFM,2015,2015_02_25,27,2446488915
VFM,2015,2015_02_26,17,1531865227
VFM,2015,2015_02_27,29,2626534452
VFM,2015,2015_02_28,30,2712386400
VFM,2015,2015_03_01,29,2616578800
VFM,2015,2015_03_02,29,2627341475
VFM,2015,2015_03_03,29,2587929370
VFM,2015,2015_03_04,29,2626939824
VFM,2015,2015_03_05,26,2350279736
VFM,2015,2015_03_06,2,180450880
VFM,2015,2015_03_07,29,2616310330
VFM,2015,2015_03_08,30,2711040306
VFM,2015,2015_03_09,29,2625327339
VFM,2015,2015_03_10,29,2616578843
VFM,2015,2015_03_11,29,2627341468
VFM,2015,2015_03_12,15,1350611030
VFM,2015,2015_03_13,29,2627341462
VFM,2015,2015_03_14,29,2616578833
VFM,2015,2015_03_15,29,2627073029
VFM,2015,2015_03_16,30,2663552074
VFM,2015,2015_03_17,29,2341729093
VFM,2015,2015_03_18,29,2559267570
VFM,2015,2015_03_19,21,1893168683
VFM,2015,2015_03_20,29,2627341483
VFM,2015,2015_03_21,29,2616712027
VFM,2015,2015_03_22,29,2627474644
VFM,2015,2015_03_23,29,2614429147
VFM,2015,2015_03_24,29,2627341471
VFM,2015,2015_03_25,30,2709560721
VFM,2015,2015_03_26,29,2615908690
VFM,2015,2015_03_27,29,2627341458
VFM,2015,2015_03_28,29,2615771786
VFM,2015,2015_03_29,29,2627073020
VFM,2015,2015_03_30,29,2616443537
VFM,2015,2015_03_31,29,2627073021
VFM,2015,2015_04_01,30,2711579415
VFM,2015,2015_04_02,29,2614156925
VFM,2015,2015_04_03,29,2627341558
VFM,2015,2015_04_04,29,2616578940
VFM,2015,2015_04_05,29,2582544967
VFM,2015,2015_04_06,29,2616041913
VFM,2015,2015_04_07,29,2544874533
VFM,2015,2015_04_08,28,2531533859
VFM,2015,2015_04_09,16,1446418623
VFM,2015,2015_04_10,30,2712788117
VFM,2015,2015_04_11,29,2616578832
VFM,2015,2015_04_12,29,2627341453
VFM,2015,2015_04_13,29,2616578853
VFM,2015,2015_04_14,29,2627341418
VFM,2015,2015_04_15,29,2616712013
VFM,2015,2015_04_16,29,2626269671
VFM,2015,2015_04_17,29,2616578833
VFM,2015,2015_04_18,30,2712117957
VFM,2015,2015_04_19,29,2627341480
VFM,2015,2015_04_20,29,2612951879
VFM,2015,2015_04_21,29,2627341510
VFM,2015,2015_04_22,29,2616980526
VFM,2015,2015_04_23,29,2601507683
VFM,2015,2015_04_24,29,2616310344
VFM,2015,2015_04_25,29,2627474675
VFM,2015,2015_04_26,24,2164722334
VFM,2015,2015_04_27,17,1531596787
VFM,2015,2015_04_28,29,2627072954
VFM,2015,2015_04_29,29,2616578845
VFM,2015,2015_04_30,29,2627474676
VFM,2015,2015_05_01,29,2616041878
VFM,2015,2015_05_02,29,2624116169
VFM,2015,2015_05_03,29,2615771823
VFM,2015,2015_05_04,30,2711984727
VFM,2015,2015_05_05,29,2627073010
VFM,2015,2015_05_06,29,2616980511
VFM,2015,2015_05_07,29,2627743148
VFM,2015,2015_05_08,29,2557527733
VFM,2015,2015_05_09,29,2627341439
VFM,2015,2015_05_10,29,2612951916
VFM,2015,2015_05_11,29,2627341462
VFM,2015,2015_05_12,30,2711716272
VFM,2015,2015_05_13,29,2616310370
VFM,2015,2015_05_14,29,2623714629
VFM,2015,2015_05_15,29,2616177181
VFM,2015,2015_05_16,29,2627341499
VFM,2015,2015_05_17,29,2616578882
VFM,2015,2015_05_18,29,2625056473
VFM,2015,2015_05_19,29,2615371710
VFM,2015,2015_05_20,29,2625462131
VFM,2015,2015_05_21,18,1626328838
VFM,2015,2015_05_22,29,2614967982
VFM,2015,2015_05_23,29,2625462118
VFM,2015,2015_05_24,29,2614834752
VFM,2015,2015_05_25,29,2623582758
VFM,2015,2015_05_26,29,2614967974
VFM,2015,2015_05_27,29,2622510941
VFM,2015,2015_05_28,30,2710642353
VFM,2015,2015_05_29,29,2613088576
VFM,2015,2015_05_30,29,2624252896
VFM,2015,2015_05_31,29,2614699495
VFM,2015,2015_06_01,29,2623582797
VFM,2015,2015_06_02,29,2612820177
VFM,2015,2015_06_03,29,2623582810
VFM,2015,2015_06_04,29,2612820193
VFM,2015,2015_06_05,29,2623314257
VFM,2015,2015_06_06,30,2708359283
VFM,2015,2015_06_07,29,2613221821
VFM,2015,2015_06_08,29,2623314294
VFM,2015,2015_06_09,29,2612418533
VFM,2015,2015_06_10,29,2623314406
VFM,2015,2015_06_11,26,2347191172
VFM,2015,2015_06_12,16,1289832197
VFM,2015,2015_06_13,30,2708359334
VFM,2015,2015_06_14,29,2613221803
VFM,2015,2015_06_15,29,2623716025
VFM,2015,2015_06_16,29,2612820175
VFM,2015,2015_06_17,29,2622507264
VFM,2015,2015_06_18,14,1263686811
VFM,2015,2015_06_29,6,541752187
VFM,2015,2015_06_30,29,2612418445
VFM,2015,2015_07_01,29,2622507257
VFM,2015,2015_07_02,29,2611611466
VFM,2015,2015_07_03,29,2622912651
VFM,2015,2015_07_04,29,2612016851
VFM,2015,2015_07_05,29,2623314316
VFM,2015,2015_07_06,29,2612820128
VFM,2015,2015_07_07,29,2623314222
VFM,2015,2015_07_08,30,2707957575
VFM,2015,2015_07_09,29,2530488684
VFM,2015,2015_07_10,29,2623314273
VFM,2015,2015_07_11,29,2612820094
VFM,2015,2015_07_12,29,2623314325
VFM,2015,2015_07_13,29,2608926833
VFM,2015,2015_07_14,29,2623314279
VFM,2015,2015_07_15,30,2708359248
VFM,2015,2015_07_16,29,2611742444
VFM,2015,2015_07_17,29,2623314251
VFM,2015,2015_07_18,29,2612820130
VFM,2015,2015_07_19,29,2623314268
VFM,2015,2015_07_20,29,2612418426
VFM,2015,2015_07_21,29,2622109272
VFM,2015,2015_07_22,28,2527775185
VFM,2015,2015_07_23,17,1529315743
VFM,2015,2015_07_24,29,2623314262
VFM,2015,2015_07_25,29,2612820074
VFM,2015,2015_07_26,29,2623314303
VFM,2015,2015_07_27,29,2612820057
VFM,2015,2015_07_28,29,2622109317
VFM,2015,2015_07_29,29,2610941270
VFM,2015,2015_07_30,29,2549466618
VFM,2015,2015_07_31,30,2708760901
VFM,2015,2015_08_01,29,2612820155
VFM,2015,2015_08_02,29,2623314276
VFM,2015,2015_08_03,29,2612418468
VFM,2015,2015_08_04,29,2622912635
VFM,2015,2015_08_05,29,2612418452
VFM,2015,2015_08_06,29,2622912590
VFM,2015,2015_08_07,29,2611611346
VFM,2015,2015_08_08,30,2708896155
VFM,2015,2015_08_09,29,2623851233
VFM,2015,2015_08_10,29,2614162523
VFM,2015,2015_08_11,29,2624119705
VFM,2015,2015_08_12,29,2614162492
VFM,2015,2015_08_13,29,2622101889
VFM,2015,2015_08_14,29,2613627673
VFM,2015,2015_08_15,29,2625189847
VFM,2015,2015_08_16,30,2707683426
VFM,2015,2015_08_17,29,2616175020
VFM,2015,2015_08_18,29,2626671351
VFM,2015,2015_08_19,29,2616310381
VFM,2015,2015_08_20,29,2627341522
VFM,2015,2015_08_21,29,2616310361
VFM,2015,2015_08_22,29,2608238829
VFM,2015,2015_08_23,30,2711579326
VFM,2015,2015_08_24,29,2616578792
VFM,2015,2015_08_25,29,2627341485
VFM,2015,2015_08_26,29,2616578863
VFM,2015,2015_08_27,29,2627341495
VFM,2015,2015_08_28,29,2616712032
VFM,2015,2015_08_29,29,2626804510
VFM,2015,2015_08_30,29,2614564705
VFM,2015,2015_08_31,29,2627341457
VFM,2015,2015_09_01,30,2706335198
VFM,2015,2015_09_02,29,2616980461
VFM,2015,2015_09_03,29,2627341483
VFM,2015,2015_09_04,29,2616578858
VFM,2015,2015_09_05,29,2626136469
VFM,2015,2015_09_06,29,2614165156
VFM,2015,2015_09_07,29,2623726564
VFM,2015,2015_09_08,30,2691825212
VFM,2015,2015_09_09,29,2612160600
VFM,2015,2015_09_10,29,2565077381
VFM,2015,2015_09_11,29,2601403186
VFM,2015,2015_09_12,29,2595753374
VFM,2015,2015_09_13,29,2609607864
VFM,2015,2015_09_14,29,2621851386
VFM,2015,2015_09_15,29,2610281718
VFM,2015,2015_09_16,29,2622119856
VFM,2015,2015_09_17,30,2701656607
VFM,2015,2015_09_18,19,1663094616
VFM,2015,2015_09_19,29,2621851360
VFM,2015,2015_09_20,29,2610550174
VFM,2015,2015_09_21,29,2621714470
VFM,2015,2015_09_22,29,2610955496
VFM,2015,2015_09_23,28,2537071210
VFM,2015,2015_09_24,30,2704609680
VFM,2015,2015_09_25,29,2610550226
VFM,2015,2015_09_26,29,2621714474
VFM,2015,2015_09_27,29,2589434097
VFM,2015,2015_09_28,29,2574365447
VFM,2015,2015_09_29,29,2318488507
VFM,2015,2015_09_30,7,554694345
VFM,2015,2015_10_01,7,625727426
VFM,2015,2015_10_02,29,2614198505
VFM,2015,2015_10_03,29,2625231239
VFM,2015,2015_10_04,29,2614340476
VFM,2015,2015_10_05,29,2628200449
VFM,2015,2015_10_06,29,2615820046
VFM,2015,2015_10_07,28,2542746442
VFM,2015,2015_10_08,29,2616630758
VFM,2015,2015_10_09,29,2545189100
VFM,2015,2015_10_10,30,2704767272
VFM,2015,2015_10_11,29,2616225408
VFM,2015,2015_10_12,29,2581786922
VFM,2015,2015_10_13,29,2332225219
VFM,2015,2015_10_14,29,2627795113
VFM,2015,2015_10_15,29,2615146229
VFM,2015,2015_10_16,29,2628200527
VFM,2015,2015_10_17,30,2699252925
VFM,2015,2015_10_18,29,2616225414
VFM,2015,2015_10_19,29,2627795124
VFM,2015,2015_10_20,29,2616225409
VFM,2015,2015_10_21,28,2542076301
VFM,2015,2015_10_22,29,2613529691
VFM,2015,2015_10_23,29,2626578991
VFM,2015,2015_10_24,29,2612450479
VFM,2015,2015_10_25,29,2624957565
VFM,2015,2015_10_26,30,2706502080
VFM,2015,2015_10_27,29,2611229291
VFM,2015,2015_10_28,25,2263244972
VFM,2015,2015_11_03,9,803891627
VFM,2015,2015_11_04,28,2538966492
VFM,2015,2015_11_05,29,2555393586
VFM,2015,2015_11_06,29,2620505219
VFM,2015,2015_11_07,29,2599656389
VFM,2015,2015_11_08,29,2621995705
VFM,2015,2015_11_09,29,2610823968
VFM,2015,2015_11_10,29,2622256776
VFM,2015,2015_11_11,30,2704746582
VFM,2015,2015_11_12,29,2608539745
VFM,2015,2015_11_13,29,2623067470
VFM,2015,2015_11_14,29,2599523428
VFM,2015,2015_11_15,25,2261760397
VFM,2015,2015_11_16,22,1976754434
VFM,2015,2015_11_17,18,1626490128
VFM,2015,2015_11_18,29,2624015140
VFM,2015,2015_11_19,29,2613387761
VFM,2015,2015_11_20,29,2625768202
VFM,2015,2015_11_21,26,2349915153
VFM,2015,2015_11_23,29,2573039738
VFM,2015,2015_11_24,29,2627795053
VFM,2015,2015_11_25,28,2531176761
VFM,2015,2015_11_26,30,2712438360
VFM,2015,2015_11_27,29,2566173005
VFM,2015,2015_11_28,29,2616225413
VFM,2015,2015_11_29,29,2627121270
VFM,2015,2015_11_30,29,2616225421
VFM,2015,2015_12_01,29,2627795137
VFM,2015,2015_12_02,28,2531987519
VFM,2015,2015_12_03,29,2627795112
VFM,2015,2015_12_04,30,2711359134
VFM,2015,2015_12_05,29,2616225416
VFM,2015,2015_12_06,29,2627795093
VFM,2015,2015_12_07,29,2616225437
VFM,2015,2015_12_08,29,2627121286
VFM,2015,2015_12_09,29,2601818363
VFM,2015,2015_12_10,27,2446938858
VFM,2015,2015_12_11,3,208589898
VFM,2015,2015_12_12,27,2446938848
VFM,2015,2015_12_14,1,84237901
VFM,2015,2015_12_15,23,2085631716
VFM,2015,2015_12_16,28,2486246689
VFM,2015,2015_12_17,29,2529316519
VFM,2015,2015_12_18,29,2615009283
VFM,2015,2015_12_19,29,2620256364
VFM,2015,2015_12_20,29,2609493694
VFM,2015,2015_12_21,28,2527528392
VFM,2015,2015_12_22,18,1546435015
VFM,2015,2015_12_23,29,2612982403
VFM,2015,2015_12_24,29,2623067492
VFM,2015,2015_12_25,29,2569932300
VFM,2015,2015_12_26,29,2620103268
VFM,2015,2015_12_27,29,2609339324
VFM,2015,2015_12_28,30,2699637976
VFM,2015,2015_12_29,29,2543959783
VFM,2015,2015_12_30,29,2610550162
VFM,2015,2015_12_31,29,2621181240
VFM,2016,2016_01_01,29,2610955545
VFM,2016,2016_01_02,29,2608810207
VFM,2016,2016_01_03,29,2610687035
VFM,2016,2016_01_04,29,2573019548
VFM,2016,2016_01_05,30,2689947063
VFM,2016,2016_01_06,29,2608938991
VFM,2016,2016_01_07,29,2583775906
VFM,2016,2016_01_08,27,2429830791
VFM,2016,2016_01_09,29,2597775906
VFM,2016,2016_01_10,29,2609739404
VFM,2016,2016_01_11,29,2621851356
VFM,2016,2016_01_12,29,2569119457
VFM,2016,2016_01_13,29,2621851378
VFM,2016,2016_01_14,29,2621582866
VFM,2016,2016_01_15,29,2610687043
VFM,2016,2016_01_16,29,2621445976
VFM,2016,2016_01_17,29,2610418566
VFM,2016,2016_01_18,29,2620105644
VFM,2016,2016_01_19,29,2610013176
VFM,2016,2016_01_20,29,2537503415
VFM,2016,2016_01_21,30,2705683924
VFM,2016,2016_01_22,29,2610687019
VFM,2016,2016_01_23,29,2621040631
VFM,2016,2016_01_24,29,2612160492
VFM,2016,2016_01_25,29,2621984571
VFM,2016,2016_01_26,29,2611490408
VFM,2016,2016_01_27,26,2357560571
VFM,2016,2016_03_14,7,627602551
VFM,2016,2016_03_15,29,2627073007
VFM,2016,2016_03_16,29,2551737329
VFM,2016,2016_03_17,29,2627341497
VFM,2016,2016_03_18,30,2711579405
VFM,2016,2016_03_19,29,2616578769
VFM,2016,2016_03_20,29,2627743124
VFM,2016,2016_03_21,29,2614697625
VFM,2016,2016_03_22,29,2627743208
VFM,2016,2016_03_23,29,2616578847
VFM,2016,2016_03_24,29,2626269638
VFM,2016,2016_03_25,29,2607440044
VFM,2016,2016_03_26,29,2627341501
VFM,2016,2016_03_27,30,2712117928
VFM,2016,2016_03_28,29,2616578826
VFM,2016,2016_03_29,29,2627341425
VFM,2016,2016_03_30,28,2531132232
VFM,2016,2016_03_31,29,2627341519
VFM,2016,2016_04_01,29,2615234894
VFM,2016,2016_04_02,29,2627341514
VFM,2016,2016_04_03,30,2711712658
VFM,2016,2016_04_04,29,2616578926
VFM,2016,2016_04_05,29,2627341536
VFM,2016,2016_04_06,24,2165525677
VFM,2016,2016_04_07,18,1627404369
VFM,2016,2016_04_08,17,1444968197
VFM,2016,2016_04_09,29,2627474653
VFM,2016,2016_04_10,29,2613755506
VFM,2016,2016_04_11,29,2622775887
VFM,2016,2016_04_12,30,2707410973
VFM,2016,2016_04_13,26,2283898809
VFM,2016,2016_04_14,29,2627072982
VFM,2016,2016_04_15,29,2616980485
VFM,2016,2016_04_16,29,2627341474
VFM,2016,2016_04_17,29,2616310369
VFM,2016,2016_04_18,29,2627341485
VFM,2016,2016_04_19,29,2616980452
VFM,2016,2016_04_20,30,2712788109
VFM,2016,2016_04_21,29,2627743149
VFM,2016,2016_04_22,29,2615507080
VFM,2016,2016_04_23,29,2626939890
VFM,2016,2016_04_24,29,2616578795
VFM,2016,2016_04_25,29,2627474673
VFM,2016,2016_04_26,29,2615771773
VFM,2016,2016_04_27,28,2542698194
VFM,2016,2016_04_28,30,2711984725
VFM,2016,2016_04_29,27,2435457811
VFM,2016,2016_04_30,29,2627743116
VFM,2016,2016_05_01,29,2615908692
VFM,2016,2016_05_02,27,2446488957
VFM,2016,2016_05_03,19,1712449313
VFM,2016,2016_05_04,29,2627341448
VFM,2016,2016_05_05,29,2615503327
VFM,2016,2016_05_06,30,2712386407
VFM,2016,2016_05_07,29,2627341468
VFM,2016,2016_05_08,29,2616578823
VFM,2016,2016_05_09,29,2627341454
VFM,2016,2016_05_10,29,2616578826
VFM,2016,2016_05_11,28,2542296528
VFM,2016,2016_05_12,29,2557120224
VFM,2016,2016_05_13,29,2627341482
VFM,2016,2016_05_14,30,2711849449
VFM,2016,2016_05_15,29,2616443561
VFM,2016,2016_05_16,29,2626267561
VFM,2016,2016_05_17,29,2607839083
VFM,2016,2016_05_18,29,2625462115
VFM,2016,2016_05_19,29,2612681336
VFM,2016,2016_05_20,29,2625193619
VFM,2016,2016_05_21,29,2614027698
VFM,2016,2016_05_22,30,2709834811
VFM,2016,2016_05_23,29,2624390282
VFM,2016,2016_05_24,29,2612686941
VFM,2016,2016_05_25,28,2539880234
VFM,2016,2016_05_26,29,2613625570
VFM,2016,2016_05_27,29,2613366034
VFM,2016,2016_05_28,24,2168351075
VFM,2016,2016_05_29,18,1623644041
VFM,2016,2016_05_30,30,2707150533
VFM,2016,2016_05_31,29,2612686923
VFM,2016,2016_06_01,29,2617669226
VFM,2016,2016_06_02,29,2612016827
VFM,2016,2016_06_03,29,2618074645
VFM,2016,2016_06_04,29,2478295130
VFM,2016,2016_06_05,29,2577720158
VFM,2016,2016_06_06,29,2612418498
VFM,2016,2016_06_07,30,2706748897
VFM,2016,2016_06_08,28,2538269379
VFM,2016,2016_06_09,29,2605150584
VFM,2016,2016_06_10,29,2623314366
VFM,2016,2016_06_11,29,2612820220
VFM,2016,2016_06_12,29,2623314362
VFM,2016,2016_06_13,29,2609863399
VFM,2016,2016_06_14,29,2622238810
VFM,2016,2016_06_15,30,2708359308
VFM,2016,2016_06_16,29,2604078485
VFM,2016,2016_06_17,29,2623314343
VFM,2016,2016_06_18,29,2612418503
VFM,2016,2016_06_19,29,2622236685
VFM,2016,2016_06_20,29,2606906572
VFM,2016,2016_06_21,29,2618875859
VFM,2016,2016_06_22,25,2262146223
VFM,2016,2016_06_23,27,2431834471
VFM,2016,2016_06_24,29,2477892678
VFM,2016,2016_06_25,29,2612820151
VFM,2016,2016_06_26,29,2555785233
VFM,2016,2016_06_27,29,2601117829
VFM,2016,2016_06_28,29,2614307079
VFM,2016,2016_06_29,29,2612418514
VFM,2016,2016_06_30,29,2618750848
VFM,2016,2016_07_01,30,2628859093
VFM,2016,2016_07_02,29,2612016811
VFM,2016,2016_07_03,29,2616999074
VFM,2016,2016_07_04,29,2612016823
VFM,2016,2016_07_05,26,2302127882
VFM,2016,2016_07_06,24,2161498478
VFM,2016,2016_07_07,18,1624453251
VFM,2016,2016_07_08,29,2552283570
VFM,2016,2016_07_09,20,1805438924
VFM,2016,2016_07_10,12,1083504365
VFM,2016,2016_07_11,29,2612820105
VFM,2016,2016_07_12,29,2618476256
VFM,2016,2016_07_13,28,2527373515
VFM,2016,2016_07_14,29,2623314300
VFM,2016,2016_07_15,29,2612418425
VFM,2016,2016_07_16,29,2623314286
VFM,2016,2016_07_17,30,2708359225
VFM,2016,2016_07_18,29,2612820095
VFM,2016,2016_07_19,29,2623314278
VFM,2016,2016_07_20,29,2612820095
VFM,2016,2016_07_21,29,2623314238
VFM,2016,2016_07_22,29,2529816134
VFM,2016,2016_07_23,29,2622912624
VFM,2016,2016_07_24,29,2613221761
VFM,2016,2016_07_25,30,2679703458
VFM,2016,2016_07_26,29,2622912604
VFM,2016,2016_07_27,28,2519301007
VFM,2016,2016_07_28,29,2623314290
VFM,2016,2016_07_29,29,2598695865
VFM,2016,2016_07_30,29,2623314281
VFM,2016,2016_07_31,29,2610935130
VFM,2016,2016_08_01,29,2623314291
VFM,2016,2016_08_02,30,2708760873
VFM,2016,2016_08_03,29,2612820131
VFM,2016,2016_08_04,29,2623314280
VFM,2016,2016_08_05,29,2612820131
VFM,2016,2016_08_06,29,2623314270
VFM,2016,2016_08_07,29,2612686880
VFM,2016,2016_08_08,29,2623582695
VFM,2016,2016_08_09,29,2612281542
VFM,2016,2016_08_10,26,2358892358
VFM,2016,2016_08_11,2,138881645
VFM,2016,2016_08_12,29,2603812591
VFM,2016,2016_08_13,29,2568560179
VFM,2016,2016_08_14,27,2433980121
VFM,2016,2016_08_15,29,2625863767
VFM,2016,2016_08_16,29,2614299979
VFM,2016,2016_08_17,29,2626267573
VFM,2016,2016_08_18,30,2711310901
VFM,2016,2016_08_19,29,2616177163
VFM,2016,2016_08_20,29,2627341515
VFM,2016,2016_08_21,29,2616578874
VFM,2016,2016_08_22,29,2627743106
VFM,2016,2016_08_23,29,2616578792
VFM,2016,2016_08_24,28,2542698201
VFM,2016,2016_08_25,30,2711310873
VFM,2016,2016_08_26,29,2615908693
VFM,2016,2016_08_27,29,2627341462
VFM,2016,2016_08_28,29,2616712009
VFM,2016,2016_08_29,29,2627341515
VFM,2016,2016_08_30,29,2608372012
VFM,2016,2016_08_31,29,2588060719
VFM,2016,2016_09_01,29,2615771810
VFM,2016,2016_09_02,29,2627341501
VFM,2016,2016_09_03,30,2705931379
VFM,2016,2016_09_04,29,2612151009
VFM,2016,2016_09_05,29,2626538220
VFM,2016,2016_09_06,29,2614566836
VFM,2016,2016_09_07,28,2540288260
VFM,2016,2016_09_08,29,2612156900
VFM,2016,2016_09_09,29,2622919499
VFM,2016,2016_09_10,30,2707164851
VFM,2016,2016_09_11,29,2610281709
VFM,2016,2016_09_12,29,2621714472
VFM,2016,2016_09_13,29,2610550168
VFM,2016,2016_09_14,29,2614994695
VFM,2016,2016_09_15,28,2452992290
VFM,2016,2016_09_16,29,2590368290
VFM,2016,2016_09_17,29,2609607832
VFM,2016,2016_09_18,30,2706357737
VFM,2016,2016_09_19,29,2621714409
VFM,2016,2016_09_20,29,2610550161
VFM,2016,2016_09_21,28,2537071150
VFM,2016,2016_09_22,29,2607991367
VFM,2016,2016_09_23,29,2562655127
VFM,2016,2016_09_24,29,2610281651
VFM,2016,2016_09_25,29,2621445966
VFM,2016,2016_09_26,30,2704608352
VFM,2016,2016_09_27,29,2610955506
VFM,2016,2016_09_28,29,2622525250
VFM,2016,2016_09_29,29,2612171677
VFM,2016,2016_09_30,29,2623071209
VFM,2016,2016_10_01,29,2613387777
VFM,2016,2016_10_02,29,2626173578
VFM,2016,2016_10_03,28,2531176779
VFM,2016,2016_10_06,7,627212022
VFM,2016,2016_10_07,17,1400992336
VFM,2016,2016_10_08,29,2615820060
VFM,2016,2016_10_09,29,2627795112
VFM,2016,2016_10_10,29,2615820046
VFM,2016,2016_10_11,29,2627795084
VFM,2016,2016_10_12,30,2711627660
VFM,2016,2016_10_13,29,2609766653
VFM,2016,2016_10_14,29,2535093895
VFM,2016,2016_10_15,29,2616630763
VFM,2016,2016_10_16,29,2627795121
VFM,2016,2016_10_17,29,2616225405
VFM,2016,2016_10_18,29,2627795106
VFM,2016,2016_10_19,29,2626715839
VFM,2016,2016_10_20,29,2616225392
VFM,2016,2016_10_21,29,2628200473
VFM,2016,2016_10_22,29,2614740807
VFM,2016,2016_10_23,29,2627389744
VFM,2016,2016_10_24,29,2613669059
VFM,2016,2016_10_25,29,2625768290
VFM,2016,2016_10_26,29,2612452942
VFM,2016,2016_10_27,29,2620784897
VFM,2016,2016_10_28,30,2708790038
VFM,2016,2016_10_29,29,2611766309
VFM,2016,2016_10_30,29,2617285035
VFM,2016,2016_10_31,27,2372666944
VFM,2016,2016_11_01,25,2261760355
VFM,2016,2016_11_02,1,84237894
VFM,2016,2016_11_03,23,2077007898
VFM,2016,2016_11_04,20,1804508761
VFM,2016,2016_11_05,29,2611497780
VFM,2016,2016_11_06,27,2443021982
VFM,2016,2016_11_07,3,264688776
VFM,2016,2016_11_08,29,2623741338
VFM,2016,2016_11_09,28,2527528308
VFM,2016,2016_11_10,29,2623741347
VFM,2016,2016_11_11,29,2612171679
VFM,2016,2016_11_12,30,2708116094
VFM,2016,2016_11_13,29,2623741357
VFM,2016,2016_11_14,29,2588626527
VFM,2016,2016_11_15,29,2624283632
VFM,2016,2016_11_16,29,2612982394
VFM,2016,2016_11_17,23,2082794087
VFM,2016,2016_11_18,3,265499536
VFM,2016,2016_11_19,29,2622532139
VFM,2016,2016_11_20,30,2710411535
VFM,2016,2016_11_21,29,2616225365
VFM,2016,2016_11_22,18,1626895514
VFM,2016,2016_11_25,12,990560183
VFM,2016,2016_11_26,29,2625645374
VFM,2016,2016_11_27,29,2616630814
VFM,2016,2016_11_28,23,2085226333
VFM,2016,2016_11_29,26,2350052015
VFM,2016,2016_11_30,28,2531987490
VFM,2016,2016_12_01,27,2434963828
VFM,2016,2016_12_02,24,2169869643
VFM,2016,2016_12_04,3,265499525
VFM,2016,2016_12_05,29,2628200443
VFM,2016,2016_12_06,30,2711764542
VFM,2016,2016_12_07,29,2616630801
VFM,2016,2016_12_08,29,2627389738
VFM,2016,2016_12_09,29,2616225388
VFM,2016,2016_12_10,29,2627795052
VFM,2016,2016_12_11,29,2616225392
VFM,2016,2016_12_12,29,2624838350
VFM,2016,2016_12_13,29,2615820070
VFM,2016,2016_12_14,22,2000583072
VFM,2016,2016_12_16,27,2434963760
VFM,2016,2016_12_17,29,2625362820
VFM,2016,2016_12_18,29,2613387778
VFM,2016,2016_12_19,29,2621063360
VFM,2016,2016_12_20,29,2613930064
VFM,2016,2016_12_21,29,2611646573
VFM,2016,2016_12_22,24,2166358161
VFM,2016,2016_12_23,11,968204637
VFM,2016,2016_12_24,25,2250997730
VFM,2016,2016_12_25,19,1708295741
VFM,2016,2016_12_26,25,2250186933
VFM,2016,2016_12_27,22,1737287839
VFM,2016,2016_12_28,29,2596567212
VFM,2016,2016_12_29,29,2607859729
VFM,2016,2016_12_30,23,2079824901
VFM,2017,2017_01_01,28,2473978263
VFM,2017,2017_01_02,29,2569788027
VFM,2017,2017_01_03,29,2610687001
VFM,2017,2017_01_04,29,2599517977
VFM,2017,2017_01_05,26,2344782188
VFM,2017,2017_01_06,12,1065082220
VFM,2017,2017_01_07,30,2635869365
VFM,2017,2017_01_08,29,2610687017
VFM,2017,2017_01_09,29,2598575644
VFM,2017,2017_01_10,29,2610418557
VFM,2017,2017_01_11,26,2345592890
VFM,2017,2017_01_12,29,2610687051
VFM,2017,2017_01_13,29,2621851376
VFM,2017,2017_01_14,26,2345592873
VFM,2017,2017_01_15,5,445545028
VFM,2017,2017_01_16,23,2080498727
VFM,2017,2017_01_17,3,265094158
VFM,2017,2017_01_18,29,2621181256
VFM,2017,2017_01_19,29,2610550119
VFM,2017,2017_01_20,29,2559294580
VFM,2017,2017_01_21,29,2610951823
VFM,2017,2017_01_22,29,2622923160
VFM,2017,2017_01_23,30,2707566465
VFM,2017,2017_01_24,29,2612293710
VFM,2017,2017_01_25,28,2536798992
VFM,2017,2017_01_26,29,2611888376
VFM,2017,2017_01_27,29,2623321112
VFM,2017,2017_01_28,29,2612961761
VFM,2017,2017_01_29,29,2537898467
VFM,2017,2017_01_30,29,2613900341
VFM,2017,2017_01_31,29,2621036084
VFM,2017,2017_02_01,29,2598704005
VFM,2017,2017_02_02,29,2610804539
VFM,2017,2017_02_03,29,2625599509
VFM,2017,2017_02_04,29,2613494975
VFM,2017,2017_02_05,29,2626001210
VFM,2017,2017_02_06,29,2615908724
VFM,2017,2017_02_07,29,2621697978
VFM,2017,2017_02_08,29,2626269637
VFM,2017,2017_02_09,29,2615105329
VFM,2017,2017_02_10,29,2626001221
VFM,2017,2017_02_11,29,2535595440
VFM,2017,2017_02_12,29,2627341509
VFM,2017,2017_02_13,29,2614163018
VFM,2017,2017_02_14,29,2624521673
VFM,2017,2017_02_15,29,2616310389
VFM,2017,2017_02_16,29,2627206219
VFM,2017,2017_02_17,30,2627501559
VFM,2017,2017_02_18,29,2616712042
VFM,2017,2017_02_19,29,2514741468
VFM,2017,2017_02_20,26,2235937774
VFM,2017,2017_02_21,2,122871094
VFM,2017,2017_02_22,23,2079808427
VFM,2017,2017_02_23,16,1446551814
VFM,2017,2017_02_24,30,2712386449
VFM,2017,2017_02_25,29,2616578813
VFM,2017,2017_02_26,29,2618730901
VFM,2017,2017_02_27,29,2613755247
VFM,2017,2017_02_28,29,2578912941
VFM,2017,2017_03_01,28,2474093363
VFM,2017,2017_03_02,29,2627341468
VFM,2017,2017_03_03,29,2616578775
VFM,2017,2017_03_04,29,2627341487
VFM,2017,2017_03_05,30,2711984718
VFM,2017,2017_03_06,29,2616578793
VFM,2017,2017_03_07,29,2580658932
VFM,2017,2017_03_08,27,2445818727
VFM,2017,2017_03_09,29,2627474516
VFM,2017,2017_03_10,29,2616310311
VFM,2017,2017_03_11,29,2626265940
VFM,2017,2017_03_12,29,2615908676
VFM,2017,2017_03_13,30,2712386435
VFM,2017,2017_03_14,29,2627341483
VFM,2017,2017_03_15,29,2610527811
VFM,2017,2017_03_16,29,2593306504
VFM,2017,2017_03_17,29,2550794132
VFM,2017,2017_03_18,29,2626667632
VFM,2017,2017_03_19,29,2590212295
VFM,2017,2017_03_20,29,2627341449
VFM,2017,2017_03_21,30,2711984748
VFM,2017,2017_03_22,28,2531533850
VFM,2017,2017_03_23,29,2577029883
VFM,2017,2017_03_24,25,2254873727
VFM,2017,2017_03_25,25,2265636404
VFM,2017,2017_03_26,3,265495832
VFM,2017,2017_03_27,29,2627743165
VFM,2017,2017_03_28,29,2615503301
VFM,2017,2017_03_29,29,2627341431
VFM,2017,2017_03_30,30,2711040294
VFM,2017,2017_03_31,29,2610802196
VFM,2017,2017_04_01,29,2626269721
VFM,2017,2017_04_02,29,2537489432
VFM,2017,2017_04_03,29,2627341558
VFM,2017,2017_04_06,8,693277449
VFM,2017,2017_04_07,29,2611472368
VFM,2017,2017_04_08,29,2627206206
VFM,2017,2017_04_09,29,2616578799
VFM,2017,2017_04_10,29,2627474658
VFM,2017,2017_04_11,29,2616578810
VFM,2017,2017_04_12,27,2446890586
VFM,2017,2017_04_14,29,2581741263
VFM,2017,2017_04_15,30,2711314601
VFM,2017,2017_04_16,29,2616578804
VFM,2017,2017_04_17,29,2614292218
VFM,2017,2017_04_18,29,2611337817
VFM,2017,2017_04_19,28,2542296580
VFM,2017,2017_04_20,29,2615775463
VFM,2017,2017_04_21,29,2619140770
VFM,2017,2017_04_22,29,2611332778
VFM,2017,2017_04_23,30,2712386418
VFM,2017,2017_04_24,29,2626671328
VFM,2017,2017_04_25,29,2543814918
VFM,2017,2017_04_26,29,2627341439
VFM,2017,2017_04_27,29,2616177138
VFM,2017,2017_04_28,29,2627474632
VFM,2017,2017_04_29,29,2615101658
VFM,2017,2017_04_30,29,2600034717
VFM,2017,2017_05_01,30,2712386457
VFM,2017,2017_05_02,29,2616578816
VFM,2017,2017_05_03,28,2542698201
VFM,2017,2017_05_04,29,2616177161
VFM,2017,2017_05_05,29,2626671365
VFM,2017,2017_05_06,29,2616578834
VFM,2017,2017_05_07,29,2627743127
VFM,2017,2017_05_08,29,2615101652
VFM,2017,2017_05_09,30,2712386460
VFM,2017,2017_05_10,29,2627743108
VFM,2017,2017_05_11,29,2614833183
VFM,2017,2017_05_12,29,2538284154
VFM,2017,2017_05_13,29,2615775511
VFM,2017,2017_05_14,29,2625056762
VFM,2017,2017_05_15,29,2614296203
VFM,2017,2017_05_16,29,2609739602
VFM,2017,2017_05_17,29,2614835781
VFM,2017,2017_05_18,29,2603403017
VFM,2017,2017_05_19,29,2538282636
VFM,2017,2017_05_20,29,2601524931
VFM,2017,2017_05_21,29,2626804522
VFM,2017,2017_05_22,29,2612285291
VFM,2017,2017_05_23,28,2539345359
VFM,2017,2017_05_24,29,2612013051
VFM,2017,2017_05_25,30,2710238586
VFM,2017,2017_05_26,29,2623314269
VFM,2017,2017_05_27,29,2613894027
VFM,2017,2017_05_28,25,2262414635
VFM,2017,2017_05_29,3,265227326
VFM,2017,2017_05_30,29,2623314328
VFM,2017,2017_05_31,29,2612820114
VFM,2017,2017_06_01,29,2619554172
VFM,2017,2017_06_02,30,2708359261
VFM,2017,2017_06_03,29,2612418464
VFM,2017,2017_06_04,29,2571519434
VFM,2017,2017_06_05,29,2426094955
VFM,2017,2017_06_06,29,2545295980
VFM,2017,2017_06_07,29,2605826559
VFM,2017,2017_06_08,28,2443964449
VFM,2017,2017_06_09,29,2612144177
VFM,2017,2017_06_10,30,2704867625
VFM,2017,2017_06_11,29,2622912736
VFM,2017,2017_06_12,29,2610941314
VFM,2017,2017_06_13,29,2623314350
VFM,2017,2017_06_14,29,2612820173
VFM,2017,2017_06_15,29,2623314334
VFM,2017,2017_06_16,29,2612016872
VFM,2017,2017_06_17,29,2623314344
VFM,2017,2017_06_18,30,2708359219
VFM,2017,2017_06_19,29,2612820166
VFM,2017,2017_06_20,29,2475463834
VFM,2017,2017_06_21,29,2548375803
VFM,2017,2017_06_22,29,2623715946
VFM,2017,2017_06_23,10,864446894
VFM,2017,2017_06_24,29,2623314341
VFM,2017,2017_06_25,29,2612418553
VFM,2017,2017_06_26,30,2705000808
VFM,2017,2017_06_27,29,2622912622
VFM,2017,2017_06_28,29,2612016831
VFM,2017,2017_06_29,29,2623314323
VFM,2017,2017_06_30,29,2612820049
VFM,2017,2017_07_01,29,2623314320
VFM,2017,2017_07_02,29,2612820137
VFM,2017,2017_07_03,29,2623715972
VFM,2017,2017_07_04,30,2705000838
VFM,2017,2017_07_05,29,2612820100
VFM,2017,2017_07_06,29,2622238787
VFM,2017,2017_07_07,29,2523629699
VFM,2017,2017_07_08,29,2619953460
VFM,2017,2017_07_09,7,499262195
VFM,2017,2017_07_10,29,2623715917
VFM,2017,2017_07_11,27,2346402213
VFM,2017,2017_07_12,30,2708359242
VFM,2017,2017_07_13,29,2622912594
VFM,2017,2017_07_14,11,906035515
VFM,2017,2017_08_05,11,942631397
VFM,2017,2017_08_06,29,2612820061
VFM,2017,2017_08_07,29,2536943516
VFM,2017,2017_08_08,29,2612820087
VFM,2017,2017_08_09,29,2623314307
VFM,2017,2017_08_10,29,2612955392
VFM,2017,2017_08_11,29,2624119697
VFM,2017,2017_08_12,29,2613488669
VFM,2017,2017_08_13,30,2710103257
VFM,2017,2017_08_14,29,2625193627
VFM,2017,2017_08_15,29,2614699508
VFM,2017,2017_08_16,29,2625999102
VFM,2017,2017_08_17,29,2616041841
VFM,2017,2017_08_18,29,2627206178
VFM,2017,2017_08_19,29,2615101628
VFM,2017,2017_08_20,29,2624116242
VFM,2017,2017_08_21,30,2656560597
VFM,2017,2017_08_22,29,2615101662
VFM,2017,2017_08_23,29,2627341416
VFM,2017,2017_08_24,19,1710437283
VFM,2017,2017_08_25,29,2627341468
VFM,2017,2017_08_26,29,2616980494
VFM,2017,2017_08_27,29,2627341516
VFM,2017,2017_08_28,30,2712386409
VFM,2017,2017_08_29,29,2616578771
VFM,2017,2017_08_30,29,2627341494
VFM,2017,2017_08_31,29,2615238541
VFM,2017,2017_09_01,29,2626671318
VFM,2017,2017_09_02,29,2616578790
VFM,2017,2017_09_03,29,2627474664
VFM,2017,2017_09_04,28,2531533924
VFM,2017,2017_09_15,6,541352627
VFM,2017,2017_09_16,29,2593476300
VFM,2017,2017_09_17,29,2621445994
VFM,2017,2017_09_18,14,1262750732
VFM,2017,2017_09_20,9,806446763
VFM,2017,2017_09_21,30,2706089234
VFM,2017,2017_09_22,29,2563327628
VFM,2017,2017_09_23,29,2610550147
VFM,2017,2017_09_24,29,2621714477
VFM,2017,2017_09_25,29,2610418585
VFM,2017,2017_09_26,29,2622119842
VFM,2017,2017_09_27,29,2610955564
VFM,2017,2017_09_28,29,2622930578
VFM,2017,2017_09_29,30,2708926950
VFM,2017,2017_09_30,29,2612171644
VFM,2017,2017_10_01,29,2625768230
VFM,2017,2017_10_02,29,2612982436
VFM,2017,2017_10_03,29,2626984333
VFM,2017,2017_10_04,29,2614744547
VFM,2017,2017_10_05,29,2627795129
VFM,2017,2017_10_06,29,2609629750
VFM,2017,2017_10_07,30,2712438397
VFM,2017,2017_10_08,29,2627795117
VFM,2017,2017_10_09,29,2615820012
VFM,2017,2017_10_10,29,2627795116
VFM,2017,2017_10_11,29,2615414678
VFM,2017,2017_10_12,29,2628200449
VFM,2017,2017_10_13,29,2616225453
VFM,2017,2017_10_14,29,2627795073
VFM,2017,2017_10_15,28,2531582137
VFM,2017,2017_10_16,3,263614567
VFM,2017,2017_10_17,27,2446265043
VFM,2017,2017_10_18,17,1531493294
VFM,2017,2017_10_19,29,2627795133
VFM,2017,2017_10_20,29,2614740784
VFM,2017,2017_10_21,29,2627389684
VFM,2017,2017_10_22,30,2712438397
VFM,2017,2017_10_23,29,2614877691
VFM,2017,2017_10_24,29,2617563886
VFM,2017,2017_10_25,29,2613793209
VFM,2017,2017_10_26,29,2624957528
VFM,2017,2017_10_27,29,2613387796
VFM,2017,2017_10_28,29,2623208113
VFM,2017,2017_10_29,29,2611233043
VFM,2017,2017_10_30,29,2624957493
VFM,2017,2017_10_31,30,2704341240
VFM,2017,2017_11_01,29,2611766283
VFM,2017,2017_11_02,29,2622260407
VFM,2017,2017_11_03,29,2611360889
VFM,2017,2017_11_04,29,2615670642
VFM,2017,2017_11_05,29,2528221719
VFM,2017,2017_11_06,29,2601672397
VFM,2017,2017_11_07,30,2707573828
VFM,2017,2017_11_08,29,2610289063
VFM,2017,2017_11_09,29,2601546068
VFM,2017,2017_11_10,29,2611096111
VFM,2017,2017_11_11,29,2535770747
VFM,2017,2017_11_12,29,2607458122
VFM,2017,2017_11_13,29,2605304349
VFM,2017,2017_11_14,29,2611234307
VFM,2017,2017_11_15,25,2237541656
VFM,2017,2017_11_16,28,2519997872
VFM,2017,2017_11_17,29,2613793165
VFM,2017,2017_11_18,29,2617832268
VFM,2017,2017_11_19,29,2614603853
VFM,2017,2017_11_20,29,2608016762
VFM,2017,2017_11_21,29,2606134747
VFM,2017,2017_11_22,29,2614877925
VFM,2017,2017_11_23,30,2704768560
VFM,2017,2017_11_24,27,2380746990
VFM,2017,2017_11_25,29,2607886153
VFM,2017,2017_11_26,29,2616630822
VFM,2017,2017_11_27,29,2575458175
VFM,2017,2017_11_28,29,2614476076
VFM,2017,2017_11_29,29,2568860459
VFM,2017,2017_11_30,29,2599544141
VFM,2017,2017_12_01,30,2658887231
VFM,2017,2017_12_02,29,2561467593
VFM,2017,2017_12_03,29,2615009273
VFM,2017,2017_12_04,29,2608959071
VFM,2017,2017_12_05,29,2609359704
VFM,2017,2017_12_06,29,2592283630
VFM,2017,2017_12_07,29,2615555284
VFM,2017,2017_12_08,29,2562947950
VFM,2017,2017_12_09,30,2711764560
VFM,2017,2017_12_10,29,2615820048
VFM,2017,2017_12_11,29,2625910191
VFM,2017,2017_12_12,29,2616225423
VFM,2017,2017_12_13,29,2625905116
VFM,2017,2017_12_14,29,2615820061
VFM,2017,2017_12_15,29,2624562431
VFM,2017,2017_12_16,29,2615551555
VFM,2017,2017_12_17,30,2712033062
VFM,2017,2017_12_18,29,2626042088
VFM,2017,2017_12_19,29,2612982411
VFM,2017,2017_12_20,29,2623486904
VFM,2017,2017_12_21,29,2612308566
VFM,2017,2017_12_22,29,2620914068
VFM,2017,2017_12_23,29,2611903178
VFM,2017,2017_12_24,27,2311039126
VFM,2017,2017_12_25,30,2705557345
VFM,2017,2017_12_26,29,2609611524
VFM,2017,2017_12_27,29,2547591703
VFM,2017,2017_12_28,29,2610013198
VFM,2017,2017_12_29,29,2617146551
VFM,2017,2017_12_30,29,2610687035
VFM,2017,2017_12_31,29,2616872195
VFM,2018,2018_01_01,29,2609611538
VFM,2018,2018_01_02,30,2705820789
VFM,2018,2018_01_03,29,2618623706
VFM,2018,2018_01_04,29,2610418558
VFM,2018,2018_01_05,29,2620640587
VFM,2018,2018_01_06,29,2610281679
VFM,2018,2018_01_07,29,2619027757
VFM,2018,2018_01_08,29,2608937667
VFM,2018,2018_01_09,29,2618894565
VFM,2018,2018_01_10,30,2705278532
VFM,2018,2018_01_11,29,2610550140
VFM,2018,2018_01_12,29,2618754050
VFM,2018,2018_01_13,29,2610687045
VFM,2018,2018_01_14,29,2621177541
VFM,2018,2018_01_15,29,2610687081
VFM,2018,2018_01_16,23,2080498759
VFM,2018,2018_01_17,3,264688772
VFM,2018,2018_01_18,28,2420301868
VFM,2018,2018_01_19,29,2617681675
VFM,2018,2018_01_20,29,2610955539
VFM,2018,2018_01_21,29,2621177513
VFM,2018,2018_01_22,29,2611758871
VFM,2018,2018_01_23,29,2620902870
VFM,2018,2018_01_24,29,2610548043
VFM,2018,2018_01_25,29,2611091081
VFM,2018,2018_01_26,30,2705679699
VFM,2018,2018_01_27,29,2611084995
VFM,2018,2018_01_28,29,2615655324
VFM,2018,2018_01_29,29,2613097043
VFM,2018,2018_01_30,29,2609739341
VFM,2018,2018_01_31,29,2613097058
VFM,2018,2018_02_01,29,2612827195
VFM,2018,2018_02_02,29,2551613611
VFM,2018,2018_02_03,29,2621163456
VFM,2018,2018_02_04,30,2706613762
VFM,2018,2018_02_05,29,2615105370
VFM,2018,2018_02_06,29,2626136499
VFM,2018,2018_02_07,29,2613900331
VFM,2018,2018_02_08,29,2626136469
VFM,2018,2018_02_09,29,2615370110
VFM,2018,2018_02_10,29,2626269683
VFM,2018,2018_02_11,30,2710905538
VFM,2018,2018_02_12,29,2614700028
VFM,2018,2018_02_13,29,2626538197
VFM,2018,2018_02_14,29,2615373849
VFM,2018,2018_02_15,29,2626538208
VFM,2018,2018_02_16,29,2532230950
VFM,2018,2018_02_17,29,2627073085
VFM,2018,2018_02_18,29,2616578894
VFM,2018,2018_02_19,29,2627341489
VFM,2018,2018_02_20,30,2711984789
VFM,2018,2018_02_21,28,2531265358
VFM,2018,2018_02_22,16,1446418641
VFM,2018,2018_02_23,29,2599100922
VFM,2018,2018_02_24,29,2620210519
VFM,2018,2018_02_25,29,2616177166
VFM,2018,2018_02_26,29,2622368137
VFM,2018,2018_02_27,29,2616578844
VFM,2018,2018_02_28,30,2712117929
VFM,2018,2018_03_01,29,2627073016
VFM,2018,2018_03_02,29,2616578838
VFM,2018,2018_03_03,29,2627341486
VFM,2018,2018_03_04,29,2616177119
VFM,2018,2018_03_05,29,2627341494
VFM,2018,2018_03_06,29,2615640210
VFM,2018,2018_03_07,29,2627341492
VFM,2018,2018_03_08,30,2711314633
VFM,2018,2018_03_09,29,2616578800
VFM,2018,2018_03_10,29,2626534424
VFM,2018,2018_03_11,29,2616578783
VFM,2018,2018_03_12,29,2627341460
VFM,2018,2018_03_13,29,2616578838
VFM,2018,2018_03_14,29,2627474606
VFM,2018,2018_03_15,29,2615771811
VFM,2018,2018_03_16,30,2712386455
VFM,2018,2018_03_17,29,2627341466
VFM,2018,2018_03_18,29,2616578815
VFM,2018,2018_03_19,29,2627073019
VFM,2018,2018_03_20,29,2616578816
VFM,2018,2018_03_21,29,2627341472
VFM,2018,2018_03_22,29,2616177159
VFM,2018,2018_03_23,29,2627073007
VFM,2018,2018_03_24,30,2595756317
VFM,2018,2018_03_25,29,2616578825
VFM,2018,2018_03_26,29,2626538169
VFM,2018,2018_03_27,29,2616980488
VFM,2018,2018_03_28,29,2627073008
VFM,2018,2018_03_29,29,2616177133
VFM,2018,2018_03_30,29,2627474640
VFM,2018,2018_03_31,29,2610802209
VFM,2018,2018_04_01,29,2627341545
VFM,2018,2018_04_02,30,2712386494
VFM,2018,2018_04_03,29,2616578924
VFM,2018,2018_04_04,29,2626534541
VFM,2018,2018_04_05,29,2616310445
VFM,2018,2018_04_06,29,2626667671
VFM,2018,2018_04_07,29,2616578903
VFM,2018,2018_04_08,29,2627341526
VFM,2018,2018_04_09,30,2711716279
VFM,2018,2018_04_10,29,2616578773
VFM,2018,2018_04_11,29,2627341481
VFM,2018,2018_04_12,29,2616578863
VFM,2018,2018_04_13,29,2568954627
VFM,2018,2018_04_14,29,2615908697
VFM,2018,2018_04_15,29,2627474691
VFM,2018,2018_04_16,29,2611466506
VFM,2018,2018_04_17,29,2554155186
VFM,2018,2018_04_18,30,2712386404
VFM,2018,2018_04_19,29,2616578831
VFM,2018,2018_04_20,29,2543395177
VFM,2018,2018_04_21,29,2616310369
VFM,2018,2018_04_22,29,2627206153
VFM,2018,2018_04_23,29,2616177158
VFM,2018,2018_04_24,27,2446890561
VFM,2018,2018_04_25,15,1350611065
VFM,2018,2018_04_26,12,1026201309
VFM,2018,2018_04_27,29,2627341479
VFM,2018,2018_04_28,29,2616310344
VFM,2018,2018_04_29,29,2627073011
VFM,2018,2018_04_30,29,2615908694
VFM,2018,2018_05_01,29,2627474672
VFM,2018,2018_05_02,29,2614833175
VFM,2018,2018_05_03,29,2627341477
VFM,2018,2018_05_04,30,2711712531
VFM,2018,2018_05_05,29,2616578817
VFM,2018,2018_05_06,29,2627341441
VFM,2018,2018_05_07,29,2615503342
VFM,2018,2018_05_08,29,2627341451
VFM,2018,2018_05_09,29,2615908671
VFM,2018,2018_05_10,29,2627341463
VFM,2018,2018_05_11,29,2615503352
VFM,2018,2018_05_12,30,2712386414
VFM,2018,2018_05_13,29,2627341450
VFM,2018,2018_05_14,29,2616578831
VFM,2018,2018_05_15,29,2627073030
VFM,2018,2018_05_16,29,2616310361
VFM,2018,2018_05_17,29,2626536009
VFM,2018,2018_05_18,18,1531892097
VFM,2018,2018_05_21,11,985813910
VFM,2018,2018_05_22,29,2625193632
VFM,2018,2018_05_23,29,2611873802
VFM,2018,2018_05_24,29,2624789835
VFM,2018,2018_05_25,29,2614027241
VFM,2018,2018_05_26,29,2624521375
VFM,2018,2018_05_27,29,2613625508
VFM,2018,2018_05_28,30,2708627715
VFM,2018,2018_05_29,29,2623047903
VFM,2018,2018_05_30,29,2612010954
VFM,2018,2018_05_31,29,2623314342
VFM,2018,2018_06_01,29,2613221820
VFM,2018,2018_06_02,29,2623314331
VFM,2018,2018_06_03,29,2612418463
VFM,2018,2018_06_04,29,2623314301
VFM,2018,2018_06_05,28,2527775219
VFM,2018,2018_06_06,17,1529315763
VFM,2018,2018_06_07,29,2623314322
VFM,2018,2018_06_08,29,2610938910
VFM,2018,2018_06_09,29,2623314328
VFM,2018,2018_06_10,29,2612820179
VFM,2018,2018_06_11,29,2564529563
VFM,2018,2018_06_12,29,2612820188
VFM,2018,2018_06_13,29,2623314336
VFM,2018,2018_06_14,30,2708359299
VFM,2018,2018_06_15,29,2612820144
VFM,2018,2018_06_16,29,2622912678
VFM,2018,2018_06_17,29,2612820197
VFM,2018,2018_06_18,29,2623716007
VFM,2018,2018_06_19,29,2609056314
VFM,2018,2018_06_20,29,2623314298
VFM,2018,2018_06_21,30,2707957578
VFM,2018,2018_06_22,29,2603949308
VFM,2018,2018_06_23,15,1322904315
VFM,2018,2018_06_24,29,2612418481
VFM,2018,2018_06_25,29,2623314345
VFM,2018,2018_06_26,29,2612820216
VFM,2018,2018_06_27,29,2622109359
VFM,2018,2018_06_28,29,2612418461
VFM,2018,2018_06_29,29,2623314247
VFM,2018,2018_06_30,30,2708359230
VFM,2018,2018_07_01,29,2612820137
VFM,2018,2018_07_02,29,2623314303
VFM,2018,2018_07_03,29,2612820125
VFM,2018,2018_07_04,29,2623715922
VFM,2018,2018_07_05,29,2611340831
VFM,2018,2018_07_06,29,2623314270
VFM,2018,2018_07_07,30,2708760881
VFM,2018,2018_07_08,29,2613221762
VFM,2018,2018_07_09,29,2623314283
VFM,2018,2018_07_10,29,2608783323
VFM,2018,2018_07_11,29,2623715995
VFM,2018,2018_07_12,29,2612820115
VFM,2018,2018_07_13,29,2623314269
VFM,2018,2018_07_14,29,2612418469
VFM,2018,2018_07_15,30,2708359256
VFM,2018,2018_07_16,29,2623314215
VFM,2018,2018_07_17,29,2584989283
VFM,2018,2018_07_18,29,2623314249
VFM,2018,2018_07_19,29,2612418458
VFM,2018,2018_07_20,29,2623314266
VFM,2018,2018_07_21,29,2598695557
VFM,2018,2018_07_22,29,2623314251
VFM,2018,2018_07_23,30,2708359198
VFM,2018,2018_07_24,29,2612820113
VFM,2018,2018_07_25,29,2623314286
VFM,2018,2018_07_26,29,2611342948
VFM,2018,2018_07_27,29,2622912613
VFM,2018,2018_07_28,29,2612013080
VFM,2018,2018_07_29,29,2623314271
VFM,2018,2018_07_30,29,2612418456
VFM,2018,2018_07_31,30,2708359248
VFM,2018,2018_08_01,29,2619682868
VFM,2018,2018_08_02,29,2597490319
VFM,2018,2018_08_03,29,2562644051
VFM,2018,2018_08_04,28,2527373463
VFM,2018,2018_08_05,29,2623715948
VFM,2018,2018_08_06,29,2612820125
VFM,2018,2018_08_07,29,2623314239
VFM,2018,2018_08_08,30,2648899051
VFM,2018,2018_08_09,19,1710168301
VFM,2018,2018_08_10,12,1083772848
VFM,2018,2018_08_11,29,2613625556
VFM,2018,2018_08_12,29,2624656638
VFM,2018,2018_08_13,29,2614967973
VFM,2018,2018_08_14,29,2624925147
VFM,2018,2018_08_15,29,2614834755
VFM,2018,2018_08_16,30,2711312535
VFM,2018,2018_08_17,29,2626804558
VFM,2018,2018_08_18,29,2615908695
VFM,2018,2018_08_19,29,2627073037
VFM,2018,2018_08_20,29,2616578781
VFM,2018,2018_08_21,29,2627474628
VFM,2018,2018_08_22,29,2563715931
VFM,2018,2018_08_23,29,2431739723
VFM,2018,2018_08_24,27,2073045686
VFM,2018,2018_08_25,29,2616712028
VFM,2018,2018_08_26,29,2627474659
VFM,2018,2018_08_27,22,1989109461
VFM,2018,2018_08_28,2,164168112
VFM,2018,2018_08_29,29,2616578829
VFM,2018,2018_08_30,29,2627341410
VFM,2018,2018_08_31,30,2712386425
VFM,2018,2018_09_01,29,2616578824
VFM,2018,2018_09_02,29,2627072969
VFM,2018,2018_09_03,29,2616310275
VFM,2018,2018_09_04,29,2626136521
VFM,2018,2018_09_05,29,2615370205
VFM,2018,2018_09_06,27,2444882334
VFM,2018,2018_09_07,15,1349000691
VFM,2018,2018_09_08,29,2619015904
VFM,2018,2018_09_09,30,2706759461
VFM,2018,2018_09_10,29,2610550177
VFM,2018,2018_09_11,29,2621714493
VFM,2018,2018_09_12,17,1519906603
VFM,2018,2018_09_25,9,803614455
VFM,2018,2018_09_26,29,2612954376
VFM,2018,2018_09_27,29,2603264018
VFM,2018,2018_09_28,29,2614431984
VFM,2018,2018_09_29,30,2700145539
VFM,2018,2018_09_30,29,2477884594
VFM,2018,2018_10_01,28,2125790485
VFM,2018,2018_10_02,29,2604606458
VFM,2018,2018_10_03,30,2699743900
VFM,2018,2018_10_04,29,2614159531
VFM,2018,2018_10_05,29,2604606413
VFM,2018,2018_10_06,29,2616444600
VFM,2018,2018_10_07,30,2699475343
VFM,2018,2018_10_08,29,2604606405
VFM,2018,2018_10_09,29,2615505946
VFM,2018,2018_10_10,29,2604606433
VFM,2018,2018_10_11,29,2616176105
VFM,2018,2018_10_12,30,2697319827
VFM,2018,2018_10_13,29,2604606354
VFM,2018,2018_10_14,27,2436130600
VFM,2018,2018_10_19,8,720181994
VFM,2018,2018_10_20,30,2697325667
VFM,2018,2018_10_21,29,2604606429
VFM,2018,2018_10_22,27,2435862129
VFM,2018,2018_10_23,17,1524333433
VFM,2018,2018_10_24,29,2616176152
VFM,2018,2018_10_25,30,2697317489
VFM,2018,2018_10_26,29,2602046849
VFM,2018,2018_10_27,29,2469809235
VFM,2018,2018_10_28,29,2603936349
VFM,2018,2018_10_29,30,2700145543
VFM,2018,2018_10_30,29,2616176124
VFM,2018,2018_10_31,29,2603399314
VFM,2018,2018_11_01,29,2616176133
VFM,2018,2018_11_02,29,2546354065
VFM,2018,2018_11_03,29,2603800973
VFM,2018,2018_11_04,29,2613897184
VFM,2018,2018_11_05,29,2603667703
VFM,2018,2018_11_06,29,2616176081
VFM,2018,2018_11_07,30,2700414020
VFM,2018,2018_11_08,26,2340054506
VFM,2018,2018_11_09,24,2077675223
VFM,2018,2018_11_10,29,2604606456
VFM,2018,2018_11_11,30,2700414024
VFM,2018,2018_11_12,29,2615907687
VFM,2018,2018_11_13,29,2604606434
VFM,2018,2018_11_14,29,2616176090
VFM,2018,2018_11_15,30,2700413969
VFM,2018,2018_11_16,29,2523079629
VFM,2018,2018_11_17,29,2615774488
VFM,2018,2018_11_18,29,2574071529
VFM,2018,2018_11_19,29,2094644147
VFM,2018,2018_11_20,30,2673779030
VFM,2018,2018_11_21,24,1932803164
VFM,2018,2018_11_22,29,2615639133
VFM,2018,2018_11_23,29,2604874893
VFM,2018,2018_11_24,30,2700414001
VFM,2018,2018_11_25,29,2616176129
VFM,2018,2018_11_26,29,2604606369
VFM,2018,2018_11_27,29,2616176109
VFM,2018,2018_11_28,27,2424560896
VFM,2018,2018_11_29,29,2604606386
VFM,2018,2018_11_30,29,2616176105
VFM,2018,2018_12_01,29,2603936273
VFM,2018,2018_12_02,29,2616176101
VFM,2018,2018_12_03,30,2700414005
VFM,2018,2018_12_04,29,2603800644
VFM,2018,2018_12_05,29,2615907635
VFM,2018,2018_12_06,29,2604069411
VFM,2018,2018_12_07,29,2616444524
VFM,2018,2018_12_08,30,2700414010
VFM,2018,2018_12_09,29,2577172794
VFM,2018,2018_12_10,29,2616444526
VFM,2018,2018_12_11,29,2603532212
VFM,2018,2018_12_12,30,2700413983
VFM,2018,2018_12_13,29,2616176105
VFM,2018,2018_12_14,29,2596403329
VFM,2018,2018_12_15,29,2616176121
VFM,2018,2018_12_16,30,2700145566
VFM,2018,2018_12_17,29,2604606407
VFM,2018,2018_12_18,29,2616176115
VFM,2018,2018_12_19,29,2602589865
VFM,2018,2018_12_20,29,2616176122
VFM,2018,2018_12_21,30,2700145509
VFM,2018,2018_12_22,29,2604337922
VFM,2018,2018_12_23,29,2616176133
VFM,2018,2018_12_24,29,2604337952
VFM,2018,2018_12_25,30,2700145526
VFM,2018,2018_12_26,29,2615639148
VFM,2018,2018_12_27,29,2602995486
VFM,2018,2018_12_28,29,2614028215
VFM,2018,2018_12_29,30,2697864490
VFM,2018,2018_12_30,29,2585378324
VFM,2018,2018_12_31,29,2470655553
VFM,2019,2019_01_01,29,2599905018
VFM,2019,2019_01_02,29,2611882520
VFM,2019,2019_01_03,30,2695851941
VFM,2019,2019_01_04,29,2598833544
VFM,2019,2019_01_05,29,2612015692
VFM,2019,2019_01_06,29,2509773661
VFM,2019,2019_01_07,30,2696253586
VFM,2019,2019_01_08,29,2612015757
VFM,2019,2019_01_09,29,2600446046
VFM,2019,2019_01_10,29,2612015712
VFM,2019,2019_01_11,30,2638272169
VFM,2019,2019_01_12,29,2600316533
VFM,2019,2019_01_13,29,2612558034
VFM,2019,2019_01_14,29,2596824156
VFM,2019,2019_01_15,29,2612421133
VFM,2019,2019_01_16,30,2697606578
VFM,2019,2019_01_17,29,2602332322
VFM,2019,2019_01_18,27,2434261870
VFM,2019,2019_01_19,1,84643270
VFM,2019,2019_01_20,30,2699496628
VFM,2019,2019_01_21,29,2615255026
VFM,2019,2019_01_22,29,2603023930
VFM,2019,2019_01_23,29,2615667805
VFM,2019,2019_01_24,29,2605575320
VFM,2019,2019_01_25,30,2701932590
VFM,2019,2019_01_26,29,2617687210
VFM,2019,2019_01_27,29,2605988073
VFM,2019,2019_01_28,29,2617690980
VFM,2019,2019_01_29,30,2688205788
VFM,2019,2019_01_30,29,2606791415
VFM,2019,2019_01_31,29,2617687245
VFM,2019,2019_02_01,29,2605984353
VFM,2019,2019_02_02,29,2618092659
VFM,2019,2019_02_03,30,2701656693
VFM,2019,2019_02_04,29,2606791368
VFM,2019,2019_02_05,29,2617687264
VFM,2019,2019_02_06,26,2341965740
VFM,2019,2019_02_07,3,264420277
VFM,2019,2019_02_08,29,2617687254
VFM,2019,2019_02_09,29,2606522950
VFM,2019,2019_02_10,29,2614734201
VFM,2019,2019_02_11,30,2697895779
VFM,2019,2019_02_12,29,2606791422
VFM,2019,2019_02_13,29,2617285658
VFM,2019,2019_02_14,29,2604775679
VFM,2019,2019_02_15,29,2618092716
VFM,2019,2019_02_16,30,2701928911
VFM,2019,2019_02_17,29,2606791433
VFM,2019,2019_02_18,29,2618092684
VFM,2019,2019_02_19,29,2605980724
VFM,2019,2019_02_20,30,2702334220
VFM,2019,2019_02_21,29,2617687195
VFM,2019,2019_02_22,29,2518678592
VFM,2019,2019_02_23,29,2617690994
VFM,2019,2019_02_24,30,2692779473
VFM,2019,2019_02_25,29,2606791346
VFM,2019,2019_02_26,29,2617285585
VFM,2019,2019_02_27,29,2606389823
VFM,2019,2019_02_28,29,2617691012
VFM,2019,2019_03_01,30,2701255019
VFM,2019,2019_03_02,29,2606791384
VFM,2019,2019_03_03,29,2617687276
VFM,2019,2019_03_04,29,2606791450
VFM,2019,2019_03_05,29,2617687314
VFM,2019,2019_03_06,30,2702330544
VFM,2019,2019_03_07,29,2603158417
VFM,2019,2019_03_08,17,1536592890
VFM,2019,2019_03_11,12,998492079
VFM,2019,2019_03_12,29,2605715910
VFM,2019,2019_03_13,28,2533047661
VFM,2019,2019_03_14,30,2698025247
VFM,2019,2019_03_15,29,2548404567
VFM,2019,2019_03_16,29,2617687244
VFM,2019,2019_03_17,29,2606791372
VFM,2019,2019_03_18,29,2618092643
VFM,2019,2019_03_19,30,2702330587
VFM,2019,2019_03_20,29,2606791448
VFM,2019,2019_03_21,29,2617687291
VFM,2019,2019_03_22,29,2606389782
VFM,2019,2019_03_23,30,2702330562
VFM,2019,2019_03_24,29,2615400646
VFM,2019,2019_03_25,29,2604906501
VFM,2019,2019_03_26,29,2617691004
VFM,2019,2019_03_27,30,2702330567
VFM,2019,2019_03_28,29,2606791398
VFM,2019,2019_03_29,29,2617687251
VFM,2019,2019_03_30,29,2594010602
VFM,2019,2019_03_31,29,2617690985
VFM,2019,2019_04_01,28,2522148191
VFM,2019,2019_04_02,15,1345518395
VFM,2019,2019_04_03,29,2617687358
VFM,2019,2019_04_04,29,2607196895
VFM,2019,2019_04_05,30,2702334333
VFM,2019,2019_04_06,29,2398536542
VFM,2019,2019_04_07,28,2518793458
VFM,2019,2019_04_08,14,1260871380
VFM,2019,2019_04_09,29,2606389807
VFM,2019,2019_04_10,28,2402420042
VFM,2019,2019_04_11,29,2617285607
VFM,2019,2019_04_12,29,2605311874
VFM,2019,2019_04_13,29,2618092663
VFM,2019,2019_04_14,30,2702334299
VFM,2019,2019_04_15,26,2341965771
VFM,2019,2019_04_16,22,1981604671
VFM,2019,2019_04_17,29,2603963326
VFM,2019,2019_04_18,20,1690212965
VFM,2019,2019_04_19,30,2693185403
VFM,2019,2019_04_20,29,2589973051
VFM,2019,2019_04_21,29,2617690996
VFM,2019,2019_04_22,29,2606791414
VFM,2019,2019_04_23,30,2702330522
VFM,2019,2019_04_24,29,2616883937
VFM,2019,2019_04_25,29,2604637953
VFM,2019,2019_04_26,29,2617691005
VFM,2019,2019_04_27,30,2702330587
VFM,2019,2019_04_28,29,2606389724
VFM,2019,2019_04_29,29,2617687267
VFM,2019,2019_04_30,29,2606791425
VFM,2019,2019_05_01,29,2618092691
VFM,2019,2019_05_02,30,2700178715
VFM,2019,2019_05_03,28,2519593074
VFM,2019,2019_05_04,29,2617285617
VFM,2019,2019_05_05,29,2549621497
VFM,2019,2019_05_06,29,2606791353
VFM,2019,2019_05_07,29,2612578643
VFM,2019,2019_05_08,29,2596295875
VFM,2019,2019_05_09,29,2617690918
VFM,2019,2019_05_10,30,2643943735
VFM,2019,2019_05_11,29,2476028638
VFM,2019,2019_05_12,29,2562529424
VFM,2019,2019_05_13,29,2606389734
VFM,2019,2019_05_14,29,2618092644
VFM,2019,2019_05_15,30,2693994273
VFM,2019,2019_05_16,29,2604103126
VFM,2019,2019_05_17,29,2533611521
VFM,2019,2019_05_18,29,2606791440
VFM,2019,2019_05_19,29,2616615472
VFM,2019,2019_05_20,30,2701527221
VFM,2019,2019_05_21,29,2604504823
VFM,2019,2019_05_22,27,2422570671
VFM,2019,2019_05_23,29,2606386079
VFM,2019,2019_05_24,30,2702330530
VFM,2019,2019_05_25,29,2617687276
VFM,2019,2019_05_26,29,2606791431
VFM,2019,2019_05_27,29,2617690959
VFM,2019,2019_05_28,30,2692106953
VFM,2019,2019_05_29,29,2605311807
VFM,2019,2019_05_30,29,2618092723
VFM,2019,2019_05_31,29,2607196844
VFM,2019,2019_06_01,29,2614458352
VFM,2019,2019_06_02,30,2699777041
VFM,2019,2019_06_03,29,2604910218
VFM,2019,2019_06_04,29,2616084467
VFM,2019,2019_06_05,29,2603433067
VFM,2019,2019_06_06,30,2699648438
VFM,2019,2019_06_07,29,2614875695
VFM,2019,2019_06_08,29,2603578150
VFM,2019,2019_06_09,29,2614473981
VFM,2019,2019_06_10,30,2663056282
VFM,2019,2019_06_11,29,2601703010
VFM,2019,2019_06_12,29,2612064030
VFM,2019,2019_06_13,29,2601297627
VFM,2019,2019_06_14,29,2612465706
VFM,2019,2019_06_15,30,2696834680
VFM,2019,2019_06_16,29,2601566174
VFM,2019,2019_06_17,29,2611658646
VFM,2019,2019_06_18,29,2601566127
VFM,2019,2019_06_19,30,2697112726
VFM,2019,2019_06_20,29,2612064031
VFM,2019,2019_06_21,29,2601168208
VFM,2019,2019_06_22,29,2611658676
VFM,2019,2019_06_23,30,2696305687
VFM,2019,2019_06_24,29,2601164498
VFM,2019,2019_06_25,29,2612060372
VFM,2019,2019_06_26,29,2601168248
VFM,2019,2019_06_27,29,2612067748
VFM,2019,2019_06_28,30,2696707312
VFM,2019,2019_06_29,29,2598338755
VFM,2019,2019_06_30,29,2612067765
VFM,2019,2019_07_01,29,2601168215
VFM,2019,2019_07_02,30,2697112721
VFM,2019,2019_07_03,29,2611662408
VFM,2019,2019_07_04,29,2601168193
VFM,2019,2019_07_05,29,2554086245
VFM,2019,2019_07_06,30,2696031326
VFM,2019,2019_07_07,29,2601168144
VFM,2019,2019_07_08,29,2611666050
VFM,2019,2019_07_09,29,2600762785
VFM,2019,2019_07_10,29,2611662328
VFM,2019,2019_07_11,30,2694153775
VFM,2019,2019_07_12,29,2593491148
VFM,2019,2019_07_13,29,2611662272
VFM,2019,2019_07_14,29,2601569821
VFM,2019,2019_07_15,30,2696710989
VFM,2019,2019_07_16,29,2612063949
VFM,2019,2019_07_17,29,2601164410
VFM,2019,2019_07_18,29,2612871006
VFM,2019,2019_07_19,30,2696703543
VFM,2019,2019_07_20,29,2600893582
VFM,2019,2019_07_21,29,2612465587
VFM,2019,2019_07_22,29,2600893888
VFM,2019,2019_07_23,29,2604525224
VFM,2019,2019_07_24,30,2697108933
VFM,2019,2019_07_25,29,2601967766
VFM,2019,2019_07_26,29,2612469390
VFM,2019,2019_07_27,29,2601699258
VFM,2019,2019_07_28,30,2698039589
VFM,2019,2019_07_29,29,2614875643
VFM,2019,2019_07_30,29,2501063891
VFM,2019,2019_07_31,29,2487871576
VFM,2019,2019_08_01,30,2623635113
VFM,2019,2019_08_02,28,2243808026
VFM,2019,2019_08_03,29,2616887645
VFM,2019,2019_08_04,29,2603156275
VFM,2019,2019_08_05,29,2617691017
VFM,2019,2019_08_06,30,2648654399
VFM,2019,2019_08_07,29,2492568716
VFM,2019,2019_08_08,29,2502262671
VFM,2019,2019_08_09,29,2523117382
VFM,2019,2019_08_10,27,2437106919
VFM,2019,2019_08_11,2,139555514
VFM,2019,2019_08_12,29,2606791473
VFM,2019,2019_08_13,29,2617690951
VFM,2019,2019_08_14,30,2701523538
VFM,2019,2019_08_15,29,2606791440
VFM,2019,2019_08_16,29,2617687281
VFM,2019,2019_08_17,29,2606386068
VFM,2019,2019_08_18,29,2617690993
VFM,2019,2019_08_19,30,2700178729
VFM,2019,2019_08_20,29,2602351366
VFM,2019,2019_08_21,29,2591190803
VFM,2019,2019_08_22,29,1712411479
VFM,2019,2019_08_23,30,2554340973
VFM,2019,2019_08_24,29,2178579681
VFM,2019,2019_08_25,29,2603834673
VFM,2019,2019_08_26,29,2538591191
VFM,2019,2019_08_27,28,1972992403
VFM,2019,2019_08_29,2,180182396
VFM,2019,2019_08_30,29,2595493958
VFM,2019,2019_08_31,29,2606790015
VFM,2019,2019_09_01,30,2699773364
VFM,2019,2019_09_02,29,2531457843
VFM,2019,2019_09_03,29,2428409413
VFM,2019,2019_09_04,29,2431773928
VFM,2019,2019_09_05,30,2674075643
VFM,2019,2019_09_06,27,2397807140
VFM,2019,2019_09_07,29,2496189105
VFM,2019,2019_09_08,27,2289103119
VFM,2019,2019_09_09,29,2421525528
VFM,2019,2019_09_10,29,2596693436
VFM,2019,2019_09_11,29,2463100585
VFM,2019,2019_09_12,29,2461617291
VFM,2019,2019_09_13,29,2594939521
VFM,2019,2019_09_14,30,2451409181
VFM,2019,2019_09_15,25,2240088692
VFM,2019,2019_09_16,29,2451392560
VFM,2019,2019_09_17,29,2242863407
VFM,2019,2019_09_18,30,2684005766
VFM,2019,2019_09_19,29,2399994843
VFM,2019,2019_09_20,29,2588880489
VFM,2019,2019_09_21,29,2502513296
VFM,2019,2019_09_22,30,2338536236
VFM,2019,2019_09_23,29,2598960803
VFM,2019,2019_09_24,29,2452058956
VFM,2019,2019_09_25,29,2487708564
VFM,2019,2019_09_26,29,2601125888
VFM,2019,2019_09_27,30,2507639095
VFM,2019,2019_09_28,29,2542863231
VFM,2019,2019_09_29,29,2305827346
VFM,2019,2019_09_30,29,2208558873
VFM,2019,2019_10_01,30,2645805072
VFM,2019,2019_10_02,29,2344168376
VFM,2019,2019_10_03,29,2528602988
VFM,2019,2019_10_04,29,2296532619
VFM,2019,2019_10_05,29,2240982411
VFM,2019,2019_10_06,29,2599501519
VFM,2019,2019_10_07,29,2484759125
VFM,2019,2019_10_08,29,2492948805
VFM,2019,2019_10_09,29,2603671389
VFM,2019,2019_10_10,30,2698264259
VFM,2019,2019_10_11,29,2603399328
VFM,2019,2019_10_12,29,2456087914
VFM,2019,2019_10_13,27,2147572195
VFM,2019,2019_10_14,30,2642042301
VFM,2019,2019_10_15,28,2479341373
VFM,2019,2019_10_16,29,2595603500
VFM,2019,2019_10_17,29,2612685894
VFM,2019,2019_10_18,30,2621857545
VFM,2019,2019_10_19,29,2292783318
VFM,2019,2019_10_20,29,2507478819
VFM,2019,2019_10_21,29,2569240397
VFM,2019,2019_10_22,29,2612284237
VFM,2019,2019_10_23,29,2598288640
VFM,2019,2019_10_24,10,881534262
VFM,2019,2019_10_25,29,2530222340
VFM,2019,2019_10_26,29,2590632599
VFM,2019,2019_10_27,30,2696253656
VFM,2019,2019_10_28,29,2610943937
VFM,2019,2019_10_29,29,2598296307
VFM,2019,2019_10_30,10,757225365
VFM,2019,2019_10_31,30,2695851982
VFM,2019,2019_11_01,29,2550802142
VFM,2019,2019_11_02,29,2612148902
VFM,2019,2019_11_03,28,2498451896
VFM,2019,2019_11_04,28,2429572218
VFM,2019,2019_11_05,30,2695851960
VFM,2019,2019_11_06,29,2600177493
VFM,2019,2019_11_07,29,2612284183
VFM,2019,2019_11_08,29,2600847675
VFM,2019,2019_11_09,30,2696253620
VFM,2019,2019_11_10,29,2505599471
VFM,2019,2019_11_11,27,2388789207
VFM,2019,2019_11_12,22,1977547207
VFM,2019,2019_11_13,30,2652934165
VFM,2019,2019_11_14,29,2471025520
VFM,2019,2019_11_15,29,2612284212
VFM,2019,2019_11_16,29,2600446066
VFM,2019,2019_11_17,29,2612417404
VFM,2019,2019_11_18,30,2680112294
VFM,2019,2019_11_19,29,2600041929
VFM,2019,2019_11_20,29,2612015768
VFM,2019,2019_11_21,29,2582420721
VFM,2019,2019_11_22,25,1595284240
VFM,2019,2019_11_23,29,2564939435
VFM,2019,2019_11_24,29,2598701645
VFM,2019,2019_11_25,29,2596138330
VFM,2019,2019_11_26,30,2695583494
VFM,2019,2019_11_27,29,2597218349
VFM,2019,2019_11_28,29,2612417400
VFM,2019,2019_11_29,29,2600177562
VFM,2019,2019_11_30,29,2598970682
VFM,2019,2019_12_01,30,2695583472
VFM,2019,2019_12_02,29,2601384605
VFM,2019,2019_12_03,29,2613491286
VFM,2019,2019_12_04,29,2601921312
VFM,2019,2019_12_05,30,2668936788
VFM,2019,2019_12_06,29,2585107462
VFM,2019,2019_12_07,29,2603263745
VFM,2019,2019_12_08,29,2616176093
VFM,2019,2019_12_09,30,2700414014
VFM,2019,2019_12_10,29,2604337897
VFM,2019,2019_12_11,29,2616176081
VFM,2019,2019_12_12,29,2587257676
VFM,2019,2019_12_13,23,1659409009
VFM,2019,2019_12_14,30,2700414005
VFM,2019,2019_12_15,29,2561561359
VFM,2019,2019_12_16,29,2614833408
VFM,2019,2019_12_17,29,2602862016
VFM,2019,2019_12_18,29,2548111378
VFM,2019,2019_12_19,27,2396040141
VFM,2019,2019_12_20,29,2601113995
VFM,2019,2019_12_21,24,1904687355
VFM,2019,2019_12_22,30,2660059626
VFM,2019,2019_12_23,1,60022432
VFM,2019,2019_12_24,29,2566132952
VFM,2019,2019_12_25,29,2602046782
VFM,2019,2019_12_26,29,2615639186
VFM,2019,2019_12_27,30,2564668914
VFM,2019,2019_12_28,29,2463367892
VFM,2019,2019_12_29,29,2616176084
VFM,2019,2019_12_30,29,2602188173
VFM,2019,2019_12_31,28,2458763548
VFM,2020,2020_01_01,29,2616176067
VFM,2020,2020_01_02,29,2599630947
VFM,2020,2020_01_03,29,2616176036
VFM,2020,2020_01_04,30,2682255343
VFM,2020,2020_01_05,28,2221456984
VFM,2020,2020_01_06,29,2603942612
VFM,2020,2020_01_07,29,2589272631
VFM,2020,2020_01_08,29,2376442627
VFM,2020,2020_01_09,25,2124117261
VFM,2020,2020_01_10,29,2479628655
VFM,2020,2020_01_11,28,2511900659
VFM,2020,2020_01_12,29,2399714271
VFM,2020,2020_01_13,28,2154853074
VFM,2020,2020_01_14,29,2353316767
VFM,2020,2020_01_15,27,2272548350
VFM,2020,2020_01_16,25,2233618010
VFM,2020,2020_01_17,29,2605294313
VFM,2020,2020_01_18,27,2310085858
VFM,2020,2020_01_19,29,2612956406
VFM,2020,2020_01_20,27,2194796605
VFM,2020,2020_01_21,29,2605290625
VFM,2020,2020_01_22,29,2548109371
VFM,2020,2020_01_23,29,2486645227
VFM,2020,2020_01_24,29,2565071241
VFM,2020,2020_01_25,29,2531567210
VFM,2020,2020_01_26,30,2642450323
VFM,2020,2020_01_27,29,2566560386
VFM,2020,2020_01_28,29,2570728690
VFM,2020,2020_01_29,29,2427585483
VFM,2020,2020_01_30,30,2431771383
VFM,2020,2020_01_31,29,2499283666
VFM,2020,2020_02_01,29,2558482501
VFM,2020,2020_02_02,29,2581892495
VFM,2020,2020_02_03,29,2529830446
VFM,2020,2020_02_04,6,460219825
VFM,2020,2020_02_08,28,2306204053
VFM,2020,2020_02_09,29,2610943911
VFM,2020,2020_02_14,29,2399738011
VFM,2020,2020_02_16,27,2303232422
VFM,2020,2020_02_23,29,2582290273
VFM,2020,2020_02_26,30,2684560544
VFM,2020,2020_02_28,19,1701829440
VFM,2020,2020_02_29,12,930413567
VFM,2020,2020_03_02,29,2166056358
VFM,2020,2020_03_03,29,2500356518
VFM,2020,2020_03_07,29,2351295418
VFM,2020,2020_03_10,30,2696386819
VFM,2020,2020_03_11,29,2612148905
VFM,2020,2020_03_16,29,2612148936
VFM,2020,2020_03_17,29,2591029714
VFM,2020,2020_03_18,29,2612148881
VFM,2020,2020_03_19,30,2691948318
VFM,2020,2020_03_20,29,2516242229
VFM,2020,2020_03_21,29,2600044371
VFM,2020,2020_03_25,29,2586591477
VFM,2020,2020_03_26,24,1735856849
VFM,2020,2020_03_27,30,2695985144
VFM,2020,2020_03_28,29,2598831129
VFM,2020,2020_03_30,29,2599103335
VFM,2020,2020_03_31,29,2612554295
VFM,2020,2020_04_02,28,2510430767
VFM,2020,2020_04_04,19,1658916720
VFM,2020,2020_04_05,29,2612417396
VFM,2020,2020_04_07,29,2602063823
VFM,2020,2020_04_09,29,2571388858
VFM,2020,2020_04_10,29,2489460725
VFM,2020,2020_04_13,29,2612822755
VFM,2020,2020_04_14,30,2693566089
VFM,2020,2020_04_15,29,2597765907
VFM,2020,2020_04_19,30,2697197567
VFM,2020,2020_04_20,29,2602332266
VFM,2020,2020_04_21,29,2615254997
VFM,2020,2020_04_22,29,2603548465
VFM,2020,2020_04_27,30,2695746063
VFM,2020,2020_04_28,29,2597651773
VFM,2020,2020_04_30,29,2603164789
VFM,2020,2020_05_01,29,2548280978
VFM,2020,2020_05_02,30,2680543369
VFM,2020,2020_05_04,29,2618092636
VFM,2020,2020_05_08,29,2606791404
VFM,2020,2020_05_10,22,1979049549
VFM,2020,2020_05_11,29,2601682851
VFM,2020,2020_05_12,29,2617690989
VFM,2020,2020_05_13,29,2606795175
VFM,2020,2020_05_17,29,2603828836
VFM,2020,2020_05_19,30,2446727502
VFM,2020,2020_05_22,29,2617691051
VFM,2020,2020_05_24,29,2605715983
VFM,2020,2020_05_25,29,2616615512
VFM,2020,2020_05_26,29,2607196839
VFM,2020,2020_05_28,30,2701125603
VFM,2020,2020_05_29,28,2522151926
VFM,2020,2020_06_01,30,2700582774
VFM,2020,2020_06_02,29,2617691045
VFM,2020,2020_06_03,29,2606795184
VFM,2020,2020_06_08,29,2598455181
VFM,2020,2020_06_09,29,2558355544
VFM,2020,2020_06_10,30,2701928939
VFM,2020,2020_06_15,29,2617687295
VFM,2020,2020_06_16,29,2601682834
VFM,2020,2020_06_17,25,2152395476
VFM,2020,2020_06_18,30,2677852933
VFM,2020,2020_06_19,29,2542627151
VFM,2020,2020_06_20,29,2598451407
VFM,2020,2020_06_26,29,2603564110
VFM,2020,2020_06_28,29,2616880260
VFM,2020,2020_06_29,29,2606795198
VFM,2020,2020_06_30,27,2336611813
VFM,2020,2020_07_01,21,1879205165
VFM,2020,2020_07_03,29,2602084534
VFM,2020,2020_07_04,29,2606795247
VFM,2020,2020_07_06,30,2690359481
VFM,2020,2020_07_08,29,2529973773
VFM,2020,2020_07_09,19,1594225572
VFM,2020,2020_07_10,29,2598723680
VFM,2020,2020_07_12,26,1870839593
VFM,2020,2020_07_13,23,1926056850
VFM,2020,2020_07_15,29,2605717564
VFM,2020,2020_07_18,29,2613385682
VFM,2020,2020_07_27,7,625190482
VFM,2020,2020_07_29,29,2617285616
VFM,2020,2020_07_31,29,2575987736
VFM,2020,2020_08_01,26,2281704830
VFM,2020,2020_08_02,29,2445361065
VFM,2020,2020_08_04,29,2396663076
VFM,2020,2020_08_07,29,2332754997
VFM,2020,2020_08_08,29,2566840356
VFM,2020,2020_08_09,30,2685117100
VFM,2020,2020_08_12,29,2606795156
VFM,2020,2020_08_13,29,2617690969
VFM,2020,2020_08_17,29,2604362908
VFM,2020,2020_08_19,29,2613637139
VFM,2020,2020_08_20,29,2601525238
VFM,2020,2020_08_21,29,2554574121
VFM,2020,2020_08_22,30,2696253634
VFM,2020,2020_08_24,29,2598564773
VFM,2020,2020_08_25,29,2600446041
VFM,2020,2020_08_28,29,2600714521
VFM,2020,2020_08_29,29,2610937780
VFM,2020,2020_08_30,29,2601653124
VFM,2020,2020_08_31,30,2697059074
VFM,2020,2020_09_02,29,2603667781
VFM,2020,2020_09_07,29,2604606399
VFM,2020,2020_09_10,29,2603534700
VFM,2020,2020_09_11,29,2616176155
VFM,2020,2020_09_13,29,2604338027
VFM,2020,2020_09_16,29,2616176126
VFM,2020,2020_09_20,29,2602995499
VFM,2020,2020_09_25,30,2696655311
VFM,2020,2020_09_26,29,2600177541
VFM,2020,2020_09_28,29,2600579196
VFM,2020,2020_09_30,30,2636529925
VFM,2020,2020_10_02,29,2611638112
VFM,2020,2020_10_03,29,2605306761
VFM,2020,2020_10_04,30,2701251339
VFM,2020,2020_10_05,29,2618361121
VFM,2020,2020_10_06,29,2606117583
VFM,2020,2020_10_07,29,2617285632
VFM,2020,2020_10_08,30,2701656711
VFM,2020,2020_10_11,29,2606117613
VFM,2020,2020_10_15,29,2618361162
VFM,2020,2020_10_16,4,360364785
VFM,2020,2020_10_19,7,624516609
VFM,2020,2020_10_20,29,2618361125
VFM,2020,2020_10_22,29,2606117576
VFM,2020,2020_10_26,29,2618361145
VFM,2020,2020_10_28,29,2618361177
VFM,2020,2020_10_30,29,2547054296
VFM,2020,2020_11_03,30,2700322268
VFM,2020,2020_11_05,29,2615951090
VFM,2020,2020_11_06,29,2602502558
VFM,2020,2020_11_12,2,179780729
VFM,2020,2020_11_13,8,720327933
VFM,2020,2020_11_14,29,2606117585
VFM,2020,2020_11_15,29,2618364819
VFM,2020,2020_11_16,30,2702330562
VFM,2020,2020_11_17,29,2606117590
VFM,2020,2020_11_18,29,2618364787
VFM,2020,2020_11_19,29,2605712220
VFM,2020,2020_11_20,30,2702735921
VFM,2020,2020_11_21,29,2614325108
VFM,2020,2020_11_22,29,2606117625
VFM,2020,2020_11_23,29,2613248779
VFM,2020,2020_11_24,30,2702330544
VFM,2020,2020_11_25,29,2606117612
VFM,2020,2020_11_26,29,2618361122
VFM,2020,2020_11_27,29,2600736780
VFM,2020,2020_11_28,29,2618361130
VFM,2020,2020_11_29,30,2702330537
VFM,2020,2020_11_30,29,2603158445
VFM,2020,2020_12_01,29,2478855618
VFM,2020,2020_12_02,29,2420733512
VFM,2020,2020_12_03,30,2650937500
VFM,2020,2020_12_04,28,2278243042
VFM,2020,2020_12_05,29,2327644752
VFM,2020,2020_12_06,29,2588231017
VFM,2020,2020_12_07,28,2338520892
VFM,2020,2020_12_08,28,2477890441
VFM,2020,2020_12_09,28,2182580384
VFM,2020,2020_12_10,29,2281908937
VFM,2020,2020_12_11,25,2248578700
VFM,2020,2020_12_12,4,274404063
VFM,2020,2020_12_13,29,2512214066
VFM,2020,2020_12_14,29,2560374387
VFM,2020,2020_12_15,29,2408623131
VFM,2020,2020_12_16,30,2673676127
VFM,2020,2020_12_17,29,2428674207
VFM,2020,2020_12_18,28,2065950416
VFM,2020,2020_12_19,29,2576256429
VFM,2020,2020_12_20,30,2637071700
VFM,2020,2020_12_21,29,2496457488
VFM,2020,2020_12_22,29,2282829918
VFM,2020,2020_12_23,29,2273272998
VFM,2020,2020_12_24,30,2654425233
VFM,2020,2020_12_25,29,2485832654
VFM,2020,2020_12_26,29,2480310537
VFM,2020,2020_12_27,29,2551477047
VFM,2020,2020_12_28,30,2565225932
VFM,2020,2020_12_29,29,2542599019
VFM,2020,2020_12_30,28,2304326519
VFM,2020,2020_12_31,29,2147747676
VFM,2021,2021_01_01,29,2609863559
VFM,2021,2021_01_02,30,2658716713
VFM,2021,2021_01_03,29,2508156628
VFM,2021,2021_01_04,29,2483022513
VFM,2021,2021_01_05,29,2297752510
VFM,2021,2021_01_06,30,2654024017
VFM,2021,2021_01_07,29,2517045364
VFM,2021,2021_01_08,29,2393266106
VFM,2021,2021_01_09,29,2513549546
VFM,2021,2021_01_10,30,2555810291
VFM,2021,2021_01_11,29,2522816750
VFM,2021,2021_01_12,29,2362328931
VFM,2021,2021_01_13,22,1959522920
VFM,2021,2021_01_14,2,144663824
VFM,2021,2021_01_15,30,2576931119
VFM,2021,2021_01_16,29,2483400981
VFM,2021,2021_01_17,29,2381970318
VFM,2021,2021_01_18,28,2145315366
VFM,2021,2021_01_19,30,2614591205
VFM,2021,2021_01_20,29,2535201622
VFM,2021,2021_01_21,29,2446401041
VFM,2021,2021_01_22,27,2396187334
VFM,2021,2021_01_23,30,2582988930
VFM,2021,2021_01_24,29,2487292631
VFM,2021,2021_01_25,29,2370933961
VFM,2021,2021_01_26,29,2314033475
VFM,2021,2021_01_27,29,2601123221
VFM,2021,2021_01_28,30,2636395960
VFM,2021,2021_01_29,29,2575016495
VFM,2021,2021_01_30,29,2552152718
VFM,2021,2021_01_31,29,2420853147
VFM,2021,2021_02_01,30,2665448023
VFM,2021,2021_02_02,28,2325159756
VFM,2021,2021_02_03,29,2206416463
VFM,2021,2021_02_04,29,2596276227
VFM,2021,2021_02_05,30,2647298607
VFM,2021,2021_02_06,29,2536003765
VFM,2021,2021_02_07,29,2587663566
VFM,2021,2021_02_08,29,2604606423
VFM,2021,2021_02_09,29,2614833429
VFM,2021,2021_02_10,30,2700682486
VFM,2021,2021_02_11,27,2407206341
VFM,2021,2021_02_12,29,2616176109
VFM,2021,2021_02_13,29,2550267811
VFM,2021,2021_02_14,30,2684270567
VFM,2021,2021_02_15,29,2616176128
VFM,2021,2021_02_16,29,2604606451
VFM,2021,2021_02_17,29,2616176167
VFM,2021,2021_02_18,30,2700413977
VFM,2021,2021_02_19,29,2604606398
VFM,2021,2021_02_20,29,2616176124
VFM,2021,2021_02_21,29,2588466715
VFM,2021,2021_02_22,29,2616444571
VFM,2021,2021_02_23,30,2668530572
VFM,2021,2021_02_24,29,2393802015
VFM,2021,2021_02_25,29,2416538341
VFM,2021,2021_02_26,29,2173986027
VFM,2021,2021_02_27,29,2477337502
VFM,2021,2021_02_28,25,2153577939
VFM,2021,2021_03_01,28,2131183677
VFM,2021,2021_03_02,29,2440085476
VFM,2021,2021_03_03,30,2610967254
VFM,2021,2021_03_04,28,2484051898
VFM,2021,2021_03_05,29,2310269247
VFM,2021,2021_03_06,29,2324919664
VFM,2021,2021_03_07,29,2532099318
VFM,2021,2021_03_08,30,2624960472
VFM,2021,2021_03_09,29,2339856791
VFM,2021,2021_03_10,29,2524845444
VFM,2021,2021_03_11,29,2520806778
VFM,2021,2021_03_12,30,2574624783
VFM,2021,2021_03_13,23,2075234132
VFM,2021,2021_03_14,1,84237908
VFM,2021,2021_03_15,29,2616176072
VFM,2021,2021_03_16,28,2520637005
VFM,2021,2021_03_20,28,2519698366
VFM,2021,2021_03_21,30,2699067875
VFM,2021,2021_03_22,29,2604606441
VFM,2021,2021_03_23,29,2616176102
VFM,2021,2021_03_24,29,2604606424
VFM,2021,2021_03_25,30,2699608584
VFM,2021,2021_03_26,29,2615907596
VFM,2021,2021_03_27,29,2604606459
VFM,2021,2021_03_28,29,2614165721
VFM,2021,2021_03_29,30,2700414050
VFM,2021,2021_03_30,26,2340591537
VFM,2021,2021_03_31,22,1980232016
VFM,2021,2021_04_01,29,2604874938
VFM,2021,2021_04_02,29,2614159938
VFM,2021,2021_04_03,30,2700414014
VFM,2021,2021_04_04,29,2604606430
VFM,2021,2021_04_05,29,2616176116
VFM,2021,2021_04_06,29,2604606435
VFM,2021,2021_04_07,30,2700414004
VFM,2021,2021_04_08,29,2616176074
VFM,2021,2021_04_09,29,2604606463
VFM,2021,2021_04_10,29,2616176126
VFM,2021,2021_04_11,30,2700414014
VFM,2021,2021_04_12,29,2593173614
VFM,2021,2021_04_13,29,2616176087
VFM,2021,2021_04_14,29,2604606410
VFM,2021,2021_04_15,29,2607973311
VFM,2021,2021_04_16,28,2520368515
VFM,2021,2021_04_17,29,2604874920
VFM,2021,2021_04_18,29,2616176098
VFM,2021,2021_04_19,29,2604606449
VFM,2021,2021_04_20,30,2700414003
VFM,2021,2021_04_21,29,2616176039
VFM,2021,2021_04_22,29,2604606413
VFM,2021,2021_04_23,29,2438739296
VFM,2021,2021_04_24,30,2700414037
VFM,2021,2021_04_25,29,2604606362
VFM,2021,2021_04_26,29,2616176145
VFM,2021,2021_04_27,29,2604874909
VFM,2021,2021_04_28,29,2611874513
VFM,2021,2021_04_29,30,2700414000
VFM,2021,2021_04_30,29,2604874888
VFM,2021,2021_05_01,29,2612950846
VFM,2021,2021_05_02,29,2602054951
VFM,2021,2021_05_03,30,2700414001
VFM,2021,2021_05_04,29,2616176101
VFM,2021,2021_05_05,29,2604606425
VFM,2021,2021_05_06,29,2615237470
VFM,2021,2021_05_07,30,2700414022
VFM,2021,2021_05_08,29,2604606408
VFM,2021,2021_05_09,29,2616176050
VFM,2021,2021_05_10,29,2604606413
VFM,2021,2021_05_11,18,1535039073
VFM,2021,2021_05_15,29,2604069479
VFM,2021,2021_05_16,30,2699475366
VFM,2021,2021_05_18,1,76303300
VFM,2021,2021_05_22,29,2613089671
VFM,2021,2021_05_25,30,2697192234
VFM,2021,2021_05_27,29,2612417435
VFM,2021,2021_05_28,28,2516476601
VFM,2021,2021_05_31,29,2600714553
VFM,2021,2021_06_04,29,2612417438
VFM,2021,2021_06_06,29,2612015761
VFM,2021,2021_06_07,30,2696386842
VFM,2021,2021_06_08,29,2600714572
VFM,2021,2021_06_09,29,2610938162
VFM,2021,2021_06_10,29,2601116213
VFM,2021,2021_06_11,17,1533353630
VFM,2021,2021_06_15,14,932079579
VFM,2021,2021_06_18,29,2449107053
VFM,2021,2021_06_21,19,1587213751
VFM,2021,2021_06_22,10,780097334
VFM,2021,2021_06_23,28,2380071428
VFM,2021,2021_06_24,30,2320108289
VFM,2021,2021_06_29,29,2175333950
VFM,2021,2021_06_30,29,2578663936
VFM,2021,2021_07_03,29,2555932212
VFM,2021,2021_07_06,28,2253617827
VFM,2021,2021_07_07,29,2167256702
VFM,2021,2021_07_08,29,2571127454
VFM,2021,2021_07_09,29,2449246472
VFM,2021,2021_07_11,30,2656842005
VFM,2021,2021_07_12,29,2433100183
VFM,2021,2021_07_13,29,2429603068
VFM,2021,2021_07_17,29,2582296317
VFM,2021,2021_07_19,30,2691948400
VFM,2021,2021_07_22,29,2587269699
VFM,2021,2021_07_23,29,2583765356
VFM,2021,2021_07_26,29,2606099790
VFM,2021,2021_07_30,29,2558476192
VFM,2021,2021_07_31,29,2586732665
VFM,2021,2021_08_04,29,2603532488
VFM,2021,2021_08_07,29,2604606397
VFM,2021,2021_08_08,29,2616176068
VFM,2021,2021_08_09,30,2700414024
VFM,2021,2021_08_10,29,2604606426
VFM,2021,2021_08_12,29,2604606386
VFM,2021,2021_08_16,29,2612004332
VFM,2021,2021_08_17,28,2520368488
VFM,2021,2021_08_19,2,139824008
VFM,2021,2021_08_21,29,2615237480
VFM,2021,2021_08_22,30,2700414038
VFM,2021,2021_08_25,29,2601384650
VFM,2021,2021_08_26,29,2612417365
VFM,2021,2021_08_29,29,2611747223
VFM,2021,2021_08_30,29,2600847712
VFM,2021,2021_09_03,2,146819387
VFM,2021,2021_09_04,18,1532976102
VFM,2021,2021_09_10,28,2522148162
VFM,2021,2021_09_11,2,179780741
VFM,2021,2021_09_15,29,2606523022
VFM,2021,2021_09_16,29,2617959536
VFM,2021,2021_09_19,2,112647546
VFM,2021,2021_09_21,30,2696305585
VFM,2021,2021_09_22,29,2613143207
VFM,2021,2021_09_24,28,2527285091
VFM,2021,2021_09_25,30,2697115050
VFM,2021,2021_09_26,29,2602114275
VFM,2021,2021_09_28,29,2604133356
VFM,2021,2021_10_07,29,2462346230
VFM,2021,2021_10_08,30,2684203635
VFM,2021,2021_10_09,29,2605750923
VFM,2021,2021_10_13,29,2609508084
VFM,2021,2021_10_16,30,2696306905
VFM,2021,2021_10_17,29,2599689863
VFM,2021,2021_10_21,30,2695497471
VFM,2021,2021_10_22,29,2599689879
VFM,2021,2021_10_24,30,2695902833
VFM,2021,2021_10_25,29,2596729379
VFM,2021,2021_10_27,26,2337286641
VFM,2021,2021_11_03,6,539612785
VFM,2021,2021_11_04,29,2602529241
VFM,2021,2021_11_11,30,2698470310
VFM,2021,2021_11_17,29,2599689865
VFM,2021,2021_11_19,30,2696306864
VFM,2021,2021_11_23,29,2612335069
VFM,2021,2021_11_25,29,2599689816
VFM,2021,2021_11_29,29,2611928334
VFM,2021,2021_11_30,29,2599689845
VFM,2021,2021_12_01,29,2613143197
VFM,2021,2021_12_02,30,2696037121
VFM,2021,2021_12_03,29,2599422471
VFM,2021,2021_12_04,29,2500943144
VFM,2021,2021_12_06,30,2692815698
VFM,2021,2021_12_08,29,2605750864
VFM,2021,2021_12_11,29,2605750940
VFM,2021,2021_12_14,13,1164272519
VFM,2021,2021_12_16,29,2604941467
VFM,2021,2021_12_17,2,22020096
VFM,2021,2021_12_18,30,2702367902
VFM,2021,2021_12_19,29,2605750912
VFM,2021,2021_12_24,28,2520969599
VFM,2021,2021_12_25,29,2192049975
VFM,2021,2021_12_31,30,2622986646
VFM,2022,2022_01_01,29,2601306106
VFM,2022,2022_01_02,29,2612737847
VFM,2022,2022_01_03,27,2067430158
VFM,2022,2022_01_04,29,2612737811
VFM,2022,2022_01_05,30,2696305618
VFM,2022,2022_01_06,29,2599688518
VFM,2022,2022_01_07,29,2507926839
VFM,2022,2022_01_08,29,2600092620
VFM,2022,2022_01_09,30,2689446528
VFM,2022,2022_01_10,29,2613143167
VFM,2022,2022_01_11,29,2600497998
VFM,2022,2022_01_12,29,2612064011
VFM,2022,2022_01_13,30,2696305570
VFM,2022,2022_01_14,29,2600092606
VFM,2022,2022_01_15,29,2612737859
VFM,2022,2022_01_16,29,2600092592
VFM,2022,2022_01_17,29,2612737853
VFM,2022,2022_01_18,2,119639525
VFM,2022,2022_01_19,26,2336744118
VFM,2022,2022_01_26,6,540145525
VFM,2022,2022_01_27,29,2601297642
VFM,2022,2022_01_28,29,2612057844
VFM,2022,2022_01_29,29,2597658457
VFM,2022,2022_01_30,30,2699518910
VFM,2022,2022_01_31,29,2605602820
VFM,2022,2022_02_01,21,1711920476
VFM,2022,2022_02_02,29,2588368233
VFM,2022,2022_02_03,30,2664808905
VFM,2022,2022_02_04,29,2524873555
VFM,2022,2022_02_05,29,2513304191
VFM,2022,2022_02_06,29,2592000932
VFM,2022,2022_02_07,29,2462458160
VFM,2022,2022_02_08,30,2674371950
VFM,2022,2022_02_09,29,2572490849
VFM,2022,2022_02_10,29,2615549452
VFM,2022,2022_02_11,29,2522992587
VFM,2022,2022_02_12,30,2609662726
VFM,2022,2022_02_13,29,2606802858
VFM,2022,2022_02_14,29,2593487966
VFM,2022,2022_02_15,29,2552053748
VFM,2022,2022_02_16,30,2677599890
VFM,2022,2022_02_17,29,2577486662
VFM,2022,2022_02_18,29,2518293350
VFM,2022,2022_02_19,29,2579636644
VFM,2022,2022_02_20,30,2551408366
VFM,2022,2022_02_21,29,2536587166
VFM,2022,2022_02_22,29,2553002460
VFM,2022,2022_02_23,29,2610988452
VFM,2022,2022_02_24,30,2643567405
VFM,2022,2022_02_25,29,2431384284
VFM,2022,2022_02_26,29,2586509246
VFM,2022,2022_02_27,29,2559324823
VFM,2022,2022_02_28,29,2412007263
VFM,2022,2022_03_01,30,2668595032
VFM,2022,2022_03_02,29,2588111334
VFM,2022,2022_03_03,29,2611662337
VFM,2022,2022_03_04,29,2529997440
VFM,2022,2022_03_05,30,2535678591
VFM,2022,2022_03_06,29,2573180827
VFM,2022,2022_03_07,29,2585421260
VFM,2022,2022_03_08,29,2419273622
VFM,2022,2022_03_09,30,2482926905
VFM,2022,2022_03_10,29,2451295725
VFM,2022,2022_03_11,29,2592018735
VFM,2022,2022_03_12,29,2534314499
VFM,2022,2022_03_13,29,2509424427
VFM,2022,2022_03_14,30,2662796970
VFM,2022,2022_03_15,29,2592830558
VFM,2022,2022_03_16,29,2525695771
VFM,2022,2022_03_17,29,2557169787
VFM,2022,2022_03_18,30,2670199410
VFM,2022,2022_03_19,29,2602512872
VFM,2022,2022_03_20,29,2544932531
VFM,2022,2022_03_21,29,2537524300
VFM,2022,2022_03_22,30,2689170878
VFM,2022,2022_03_23,29,2592819884
VFM,2022,2022_03_24,29,2607625240
VFM,2022,2022_03_25,29,2508074858
VFM,2022,2022_03_26,29,2580847262
VFM,2022,2022_03_27,26,2325574773
VFM,2022,2022_03_31,8,628992713
VFM,2022,2022_04_01,29,2605335144
VFM,2022,2022_04_02,29,2571838711
VFM,2022,2022_04_03,29,2554484419
VFM,2022,2022_04_04,30,2692937345
VFM,2022,2022_04_05,29,2599688565
VFM,2022,2022_04_06,29,2610986330
VFM,2022,2022_04_07,29,2491783619
VFM,2022,2022_04_08,30,2685683502
VFM,2022,2022_04_09,29,2473627574
VFM,2022,2022_04_10,27,2240842408
VFM,2022,2022_04_11,29,2473619543
VFM,2022,2022_04_12,30,2654869243
VFM,2022,2022_04_13,29,2588787917
VFM,2022,2022_04_14,29,2575471781
VFM,2022,2022_04_15,28,2262125864
VFM,2022,2022_04_16,21,1826215197
VFM,2022,2022_04_17,30,2676398308
VFM,2022,2022_04_18,29,2435675391
VFM,2022,2022_04_19,29,2538876001
VFM,2022,2022_04_20,29,2518016675
VFM,2022,2022_04_21,30,2700322264
VFM,2022,2022_04_22,29,2615937589
VFM,2022,2022_04_23,29,2606117583
VFM,2022,2022_04_24,28,2265735534
VFM,2022,2022_04_25,30,2618122426
VFM,2022,2022_04_26,29,2588904072
VFM,2022,2022_04_27,29,2618361088
VFM,2022,2022_04_28,29,2588365894
VFM,2022,2022_04_29,30,2689277755
VFM,2022,2022_04_30,29,2594948681
VFM,2022,2022_05_01,29,2530107164
VFM,2022,2022_05_02,28,2033935217
VFM,2022,2022_05_03,30,2668432090
VFM,2022,2022_05_04,29,2597918720
VFM,2022,2022_05_05,29,2616207662
VFM,2022,2022_05_06,29,2476433141
VFM,2022,2022_05_07,29,2609217819
VFM,2022,2022_05_08,30,2701523602
VFM,2022,2022_05_09,29,2537372384
VFM,2022,2022_05_10,29,2449263299
VFM,2022,2022_05_11,29,2591859522
VFM,2022,2022_05_12,30,2403260307
VFM,2022,2022_05_13,29,2607462645
VFM,2022,2022_05_14,29,2553253136
VFM,2022,2022_05_15,25,2191945794
VFM,2022,2022_05_16,30,2664526494
VFM,2022,2022_05_17,29,2586606366
VFM,2022,2022_05_18,29,2568573771
VFM,2022,2022_05_19,29,2536282309
VFM,2022,2022_05_20,30,2696662252
VFM,2022,2022_05_21,29,2564131873
VFM,2022,2022_05_22,29,2575972718
VFM,2022,2022_05_23,29,2517180469
VFM,2022,2022_05_24,30,2681732727
VFM,2022,2022_05_25,29,2594673151
VFM,2022,2022_05_26,29,2612148943
VFM,2022,2022_05_27,29,2592249048
VFM,2022,2022_05_28,29,2602877418
VFM,2022,2022_05_29,30,2562938371
VFM,2022,2022_05_30,29,2549459717
VFM,2022,2022_05_31,29,2394232397
VFM,2022,2022_06_01,29,2591026001
VFM,2022,2022_06_02,30,2693163170
VFM,2022,2022_06_03,29,2611343203
VFM,2022,2022_06_04,29,2524038244
VFM,2022,2022_06_05,29,2541120977
VFM,2022,2022_06_06,26,2221727012
VFM,2022,2022_06_07,29,2571118208
VFM,2022,2022_06_08,29,2535875897
VFM,2022,2022_06_09,29,2594127922
VFM,2022,2022_06_10,30,2690206399
VFM,2022,2022_06_11,29,2608927678
VFM,2022,2022_06_12,29,2557006916
VFM,2022,2022_06_13,29,2601259068
VFM,2022,2022_06_14,30,2693431622
VFM,2022,2022_06_15,29,2594935405
VFM,2022,2022_06_16,29,2597226560
VFM,2022,2022_06_17,29,2412655143
VFM,2022,2022_06_18,30,2695583491
VFM,2022,2022_06_19,29,2572871550
VFM,2022,2022_06_20,29,2556730537
VFM,2022,2022_06_21,29,2562503934
VFM,2022,2022_06_22,28,2511365625
VFM,2022,2022_06_23,27,2265824392
VFM,2022,2022_06_24,24,2006255800
VFM,2022,2022_06_25,29,2600312862
VFM,2022,2022_06_26,29,2540853611
VFM,2022,2022_06_27,30,2655757824
VFM,2022,2022_06_28,29,2538037991
VFM,2022,2022_06_29,29,2537359336
VFM,2022,2022_06_30,29,2596949863
VFM,2022,2022_07_01,30,2640698783
VFM,2022,2022_07_02,29,2612954310
VFM,2022,2022_07_03,29,2596947729
VFM,2022,2022_07_04,29,2603277798
VFM,2022,2022_07_05,30,2681989009
VFM,2022,2022_07_06,29,2580806181
VFM,2022,2022_07_07,29,2449103084
VFM,2022,2022_07_08,29,2503318618
VFM,2022,2022_07_09,30,2693159462
VFM,2022,2022_07_10,29,2611071304
VFM,2022,2022_07_11,29,2593585635
VFM,2022,2022_07_12,29,2589683333
VFM,2022,2022_07_13,30,2657779693
VFM,2022,2022_07_14,29,2572738974
VFM,2022,2022_07_15,29,2390046661
VFM,2022,2022_07_16,29,2596136594
VFM,2022,2022_07_17,30,2672992395
VFM,2022,2022_07_18,29,2605834998
VFM,2022,2022_07_19,29,2459458282
VFM,2022,2022_07_20,29,2490947654
VFM,2022,2022_07_21,30,2676888729
VFM,2022,2022_07_22,29,2492958477
VFM,2022,2022_07_23,29,2480991266
VFM,2022,2022_07_24,29,2587261504
VFM,2022,2022_07_25,30,2611638811
VFM,2022,2022_07_26,29,2583502896
VFM,2022,2022_07_27,29,2488383277
VFM,2022,2022_07_28,29,2585253038
VFM,2022,2022_07_29,30,2689661255
VFM,2022,2022_07_30,29,2601932302
VFM,2022,2022_07_31,29,2376727782
VFM,2022,2022_08_01,29,2601134010
VFM,2022,2022_08_02,29,2507768722
VFM,2022,2022_08_03,30,2675154945
VFM,2022,2022_08_04,29,2563473904
VFM,2022,2022_08_05,27,2104144188
VFM,2022,2022_08_06,29,2569670162
VFM,2022,2022_08_07,29,2524058410
VFM,2022,2022_08_08,22,1757200195
VFM,2022,2022_08_09,29,2518941474
VFM,2022,2022_08_10,29,2588629816
VFM,2022,2022_08_11,30,2668969978
VFM,2022,2022_08_12,29,2575854088
VFM,2022,2022_08_13,29,2560933342
VFM,2022,2022_08_14,29,2594170561
VFM,2022,2022_08_15,30,2688771308
VFM,2022,2022_08_16,29,2612063982
VFM,2022,2022_08_17,29,2590537844
VFM,2022,2022_08_18,29,2604662608
VFM,2022,2022_08_19,30,2611418025
VFM,2022,2022_08_20,23,2014083503
VFM,2022,2022_08_21,29,2444569527
VFM,2022,2022_08_22,29,2590943204
VFM,2022,2022_08_23,30,2675444631
VFM,2022,2022_08_24,29,2614083040
VFM,2022,2022_08_25,29,2590813142
VFM,2022,2022_08_26,29,2535657520
VFM,2022,2022_08_27,20,1800634490
VFM,2022,2022_08_30,6,522390413
VFM,2022,2022_08_31,30,2687967121
VFM,2022,2022_09_01,29,2610850462
VFM,2022,2022_09_02,23,2013258634
VFM,2022,2022_09_03,29,2561885435
VFM,2022,2022_09_04,30,2683930104
VFM,2022,2022_09_05,29,2562422510
VFM,2022,2022_09_06,29,2584888325
VFM,2022,2022_09_07,29,2596724854
VFM,2022,2022_09_08,30,2662409521
VFM,2022,2022_09_09,29,2608713628
VFM,2022,2022_09_10,29,2498665036
VFM,2022,2022_09_11,29,2593389066
VFM,2022,2022_09_12,30,2691210302
VFM,2022,2022_09_13,29,2567148606
VFM,2022,2022_09_14,29,2556653650
VFM,2022,2022_09_15,29,2593774085
VFM,2022,2022_09_16,29,2594168599
VFM,2022,2022_09_17,30,2684329798
VFM,2022,2022_09_18,29,2597801619
VFM,2022,2022_09_19,29,2611930970
VFM,2022,2022_09_20,30,2663608688
VFM,2022,2022_09_21,29,2553131064
VFM,2022,2022_09_22,29,2083468531
VFM,2022,2022_09_23,28,2461074631
VFM,2022,2022_09_24,29,2597487140
VFM,2022,2022_09_25,30,2690073625
VFM,2022,2022_09_26,29,2602995766
VFM,2022,2022_09_27,29,2617524631
VFM,2022,2022_09_28,30,2686704851
VFM,2022,2022_09_29,29,2587665716
VFM,2022,2022_09_30,29,2384672129
VFM,2022,2022_10_01,29,2580814255
VFM,2022,2022_10_02,29,2586596249
VFM,2022,2022_10_03,30,2588911055
VFM,2022,2022_10_04,29,2595611734
VFM,2022,2022_10_05,29,2612286368
VFM,2022,2022_10_06,30,2557956549
VFM,2022,2022_10_07,28,2325580984
VFM,2022,2022_10_08,29,2592647483
VFM,2022,2022_10_09,29,2603022304
VFM,2022,2022_10_10,29,2593740776
VFM,2022,2022_10_11,30,2700451391
VFM,2022,2022_10_12,29,2604637989
VFM,2022,2022_10_13,29,2620246095
VFM,2022,2022_10_14,30,2604656908
VFM,2022,2022_10_15,29,2603436681
VFM,2022,2022_10_16,29,2616623711
VFM,2022,2022_10_17,29,2591203759
VFM,2022,2022_10_18,29,2614622806
VFM,2022,2022_10_19,30,2696305559
VFM,2022,2022_10_20,28,2516524879
VFM,2022,2022_11_09,10,844553646
VFM,2022,2022_11_10,3,248819593
VFM,2022,2022_12_08,4,326596405
VFM,2022,2022_12_09,29,2468617915
VFM,2022,2022_12_10,30,2548818523
VFM,2022,2022_12_11,29,2599644763
VFM,2022,2022_12_12,29,2594261545
VFM,2022,2022_12_13,29,2601523660
VFM,2022,2022_12_14,30,2454110407
VFM,2022,2022_12_15,28,2307688564
VFM,2022,2022_12_16,29,2578654816
VFM,2022,2022_12_17,29,2539905287
VFM,2022,2022_12_18,28,2357744270
VFM,2022,2022_12_19,29,2339472612
VFM,2022,2022_12_20,29,2562382102
VFM,2022,2022_12_21,29,2614702439
VFM,2022,2022_12_22,30,2437558080
VFM,2022,2022_12_23,29,2602458813
VFM,2022,2022_12_24,29,2617387205
VFM,2022,2022_12_25,29,2550135866
VFM,2022,2022_12_26,30,2700282964
VFM,2022,2022_12_27,29,2579996085
VFM,2022,2022_12_28,29,2569101511
VFM,2022,2022_12_29,29,2617524593
VFM,2022,2022_12_31,28,2519163240
