date,AP,AL,VF,missing_products,has_products
2007_01_01,1,1,1,,AP+AL+VF
2007_01_02,1,1,1,,AP+AL+VF
2007_01_03,1,1,1,,AP+AL+VF
2007_01_04,1,1,1,,AP+AL+VF
2007_01_05,1,1,1,,AP+AL+VF
2007_01_06,1,1,1,,AP+AL+VF
2007_01_07,1,1,1,,AP+AL+VF
2007_01_08,1,1,1,,AP+AL+VF
2007_01_09,1,1,1,,AP+AL+VF
2007_01_10,1,1,1,,AP+AL+VF
2007_01_11,1,1,1,,AP+AL+VF
2007_01_12,1,1,1,,AP+AL+VF
2007_01_13,1,1,1,,AP+AL+VF
2007_01_14,1,1,1,,AP+AL+VF
2007_01_15,1,1,1,,AP+AL+VF
2007_01_16,0,0,0,AP+AL+VF,
2007_01_17,1,1,1,,AP+AL+VF
2007_01_18,1,1,1,,AP+AL+VF
2007_01_19,1,1,1,,AP+AL+VF
2007_01_20,1,1,1,,AP+AL+VF
2007_01_21,1,1,1,,AP+AL+VF
2007_01_22,1,1,1,,AP+AL+VF
2007_01_23,1,1,1,,AP+AL+VF
2007_01_24,1,1,1,,AP+AL+VF
2007_01_25,1,1,1,,AP+AL+VF
2007_01_26,1,1,1,,AP+AL+VF
2007_01_27,1,1,1,,AP+AL+VF
2007_01_28,1,1,1,,AP+AL+VF
2007_01_29,1,1,1,,AP+AL+VF
2007_01_30,1,1,1,,AP+AL+VF
2007_01_31,1,1,1,,AP+AL+VF
2007_02_01,1,1,1,,AP+AL+VF
2007_02_02,1,1,1,,AP+AL+VF
2007_02_03,1,1,1,,AP+AL+VF
2007_02_04,1,1,1,,AP+AL+VF
2007_02_05,1,1,1,,AP+AL+VF
2007_02_06,1,1,1,,AP+AL+VF
2007_02_07,1,1,1,,AP+AL+VF
2007_02_08,1,1,1,,AP+AL+VF
2007_02_09,1,1,1,,AP+AL+VF
2007_02_10,1,1,1,,AP+AL+VF
2007_02_11,1,1,1,,AP+AL+VF
2007_02_12,1,1,1,,AP+AL+VF
2007_02_13,1,1,1,,AP+AL+VF
2007_02_14,1,1,1,,AP+AL+VF
2007_02_15,1,1,1,,AP+AL+VF
2007_02_16,1,1,1,,AP+AL+VF
2007_02_17,1,1,1,,AP+AL+VF
2007_02_18,1,1,1,,AP+AL+VF
2007_02_19,1,1,1,,AP+AL+VF
2007_02_20,1,1,1,,AP+AL+VF
2007_02_21,1,1,1,,AP+AL+VF
2007_02_22,1,1,1,,AP+AL+VF
2007_02_23,1,1,1,,AP+AL+VF
2007_02_24,1,1,1,,AP+AL+VF
2007_02_25,1,1,1,,AP+AL+VF
2007_02_26,1,1,1,,AP+AL+VF
2007_02_27,1,1,1,,AP+AL+VF
2007_02_28,1,1,1,,AP+AL+VF
2007_03_01,1,1,0,VF,AP+AL
2007_03_02,1,1,1,,AP+AL+VF
2007_03_03,1,1,1,,AP+AL+VF
2007_03_04,1,1,1,,AP+AL+VF
2007_03_05,1,1,1,,AP+AL+VF
2007_03_06,1,1,1,,AP+AL+VF
2007_03_07,1,1,1,,AP+AL+VF
2007_03_08,1,1,1,,AP+AL+VF
2007_03_09,1,1,1,,AP+AL+VF
2007_03_10,1,1,1,,AP+AL+VF
2007_03_11,1,1,1,,AP+AL+VF
2007_03_12,1,1,1,,AP+AL+VF
2007_03_13,1,1,1,,AP+AL+VF
2007_03_14,1,1,1,,AP+AL+VF
2007_03_15,1,1,1,,AP+AL+VF
2007_03_16,1,1,1,,AP+AL+VF
2007_03_17,1,1,1,,AP+AL+VF
2007_03_18,1,1,1,,AP+AL+VF
2007_03_19,1,1,1,,AP+AL+VF
2007_03_20,1,1,1,,AP+AL+VF
2007_03_21,1,1,1,,AP+AL+VF
2007_03_22,1,1,1,,AP+AL+VF
2007_03_23,1,1,1,,AP+AL+VF
2007_03_24,1,1,1,,AP+AL+VF
2007_03_25,1,1,1,,AP+AL+VF
2007_03_26,1,1,1,,AP+AL+VF
2007_03_27,1,1,1,,AP+AL+VF
2007_03_28,1,1,1,,AP+AL+VF
2007_03_29,1,1,1,,AP+AL+VF
2007_03_30,1,1,1,,AP+AL+VF
2007_03_31,1,1,1,,AP+AL+VF
2007_04_01,1,1,1,,AP+AL+VF
2007_04_02,1,1,1,,AP+AL+VF
2007_04_03,1,1,1,,AP+AL+VF
2007_04_04,1,1,1,,AP+AL+VF
2007_04_05,1,1,1,,AP+AL+VF
2007_04_06,1,1,1,,AP+AL+VF
2007_04_07,1,1,1,,AP+AL+VF
2007_04_08,1,1,1,,AP+AL+VF
2007_04_09,1,1,1,,AP+AL+VF
2007_04_10,1,1,1,,AP+AL+VF
2007_04_11,1,1,1,,AP+AL+VF
2007_04_12,1,1,1,,AP+AL+VF
2007_04_13,1,1,1,,AP+AL+VF
2007_04_14,1,1,1,,AP+AL+VF
2007_04_15,1,1,1,,AP+AL+VF
2007_04_16,1,1,1,,AP+AL+VF
2007_04_17,1,1,1,,AP+AL+VF
2007_04_18,1,1,1,,AP+AL+VF
2007_04_19,1,1,1,,AP+AL+VF
2007_04_20,1,1,1,,AP+AL+VF
2007_04_21,1,1,1,,AP+AL+VF
2007_04_22,1,1,1,,AP+AL+VF
2007_04_23,1,1,1,,AP+AL+VF
2007_04_24,1,1,1,,AP+AL+VF
2007_04_25,0,0,0,AP+AL+VF,
2007_04_26,1,1,1,,AP+AL+VF
2007_04_27,1,1,1,,AP+AL+VF
2007_04_28,1,1,1,,AP+AL+VF
2007_04_29,1,1,1,,AP+AL+VF
2007_04_30,1,1,1,,AP+AL+VF
2007_05_01,1,1,1,,AP+AL+VF
2007_05_02,1,1,1,,AP+AL+VF
2007_05_03,1,1,1,,AP+AL+VF
2007_05_04,1,1,1,,AP+AL+VF
2007_05_05,1,1,1,,AP+AL+VF
2007_05_06,1,1,1,,AP+AL+VF
2007_05_07,1,1,1,,AP+AL+VF
2007_05_08,1,1,1,,AP+AL+VF
2007_05_09,1,1,1,,AP+AL+VF
2007_05_10,1,1,1,,AP+AL+VF
2007_05_11,1,1,1,,AP+AL+VF
2007_05_12,1,1,1,,AP+AL+VF
2007_05_13,1,1,1,,AP+AL+VF
2007_05_14,1,1,1,,AP+AL+VF
2007_05_15,1,1,1,,AP+AL+VF
2007_05_16,1,1,1,,AP+AL+VF
2007_05_17,1,1,1,,AP+AL+VF
2007_05_18,1,1,1,,AP+AL+VF
2007_05_19,1,1,1,,AP+AL+VF
2007_05_20,1,1,1,,AP+AL+VF
2007_05_21,1,1,1,,AP+AL+VF
2007_05_22,1,1,1,,AP+AL+VF
2007_05_23,1,1,1,,AP+AL+VF
2007_05_24,1,1,1,,AP+AL+VF
2007_05_25,1,1,1,,AP+AL+VF
2007_05_26,1,1,1,,AP+AL+VF
2007_05_27,1,1,1,,AP+AL+VF
2007_05_28,1,1,1,,AP+AL+VF
2007_05_29,1,1,1,,AP+AL+VF
2007_05_30,1,1,1,,AP+AL+VF
2007_05_31,1,1,1,,AP+AL+VF
2007_06_01,1,1,1,,AP+AL+VF
2007_06_02,1,1,1,,AP+AL+VF
2007_06_03,1,1,1,,AP+AL+VF
2007_06_04,1,1,1,,AP+AL+VF
2007_06_05,1,1,1,,AP+AL+VF
2007_06_06,1,1,1,,AP+AL+VF
2007_06_07,1,1,1,,AP+AL+VF
2007_06_08,1,1,1,,AP+AL+VF
2007_06_09,1,1,1,,AP+AL+VF
2007_06_10,1,1,1,,AP+AL+VF
2007_06_11,1,1,1,,AP+AL+VF
2007_06_12,1,1,1,,AP+AL+VF
2007_06_13,1,1,1,,AP+AL+VF
2007_06_14,1,1,1,,AP+AL+VF
2007_06_15,1,1,1,,AP+AL+VF
2007_06_16,1,1,1,,AP+AL+VF
2007_06_17,1,1,1,,AP+AL+VF
2007_06_18,1,1,1,,AP+AL+VF
2007_06_19,1,1,1,,AP+AL+VF
2007_06_20,1,1,1,,AP+AL+VF
2007_06_21,1,1,1,,AP+AL+VF
2007_06_22,1,1,1,,AP+AL+VF
2007_06_23,1,1,1,,AP+AL+VF
2007_06_24,1,1,1,,AP+AL+VF
2007_06_25,1,1,1,,AP+AL+VF
2007_06_26,1,1,1,,AP+AL+VF
2007_06_27,1,1,1,,AP+AL+VF
2007_06_28,1,1,1,,AP+AL+VF
2007_06_29,1,1,1,,AP+AL+VF
2007_06_30,1,1,1,,AP+AL+VF
2007_07_01,1,1,1,,AP+AL+VF
2007_07_02,1,1,1,,AP+AL+VF
2007_07_03,1,1,1,,AP+AL+VF
2007_07_04,1,1,1,,AP+AL+VF
2007_07_05,1,1,1,,AP+AL+VF
2007_07_06,1,1,1,,AP+AL+VF
2007_07_07,1,1,1,,AP+AL+VF
2007_07_08,1,1,1,,AP+AL+VF
2007_07_09,1,1,1,,AP+AL+VF
2007_07_10,1,1,1,,AP+AL+VF
2007_07_11,1,1,1,,AP+AL+VF
2007_07_12,1,1,1,,AP+AL+VF
2007_07_13,1,1,1,,AP+AL+VF
2007_07_14,1,1,1,,AP+AL+VF
2007_07_15,1,1,1,,AP+AL+VF
2007_07_16,1,1,1,,AP+AL+VF
2007_07_17,1,1,1,,AP+AL+VF
2007_07_18,1,1,1,,AP+AL+VF
2007_07_19,1,1,1,,AP+AL+VF
2007_07_20,1,1,1,,AP+AL+VF
2007_07_21,1,1,1,,AP+AL+VF
2007_07_22,1,1,1,,AP+AL+VF
2007_07_23,1,1,1,,AP+AL+VF
2007_07_24,1,1,1,,AP+AL+VF
2007_07_25,1,1,1,,AP+AL+VF
2007_07_26,1,1,1,,AP+AL+VF
2007_07_27,1,1,1,,AP+AL+VF
2007_07_28,1,1,1,,AP+AL+VF
2007_07_29,1,1,1,,AP+AL+VF
2007_07_30,1,1,1,,AP+AL+VF
2007_07_31,1,1,1,,AP+AL+VF
2007_08_01,1,1,1,,AP+AL+VF
2007_08_02,1,1,1,,AP+AL+VF
2007_08_03,1,1,1,,AP+AL+VF
2007_08_04,1,1,1,,AP+AL+VF
2007_08_05,1,1,1,,AP+AL+VF
2007_08_06,1,1,1,,AP+AL+VF
2007_08_07,1,1,1,,AP+AL+VF
2007_08_08,1,1,1,,AP+AL+VF
2007_08_09,1,1,1,,AP+AL+VF
2007_08_10,1,1,1,,AP+AL+VF
2007_08_11,1,1,1,,AP+AL+VF
2007_08_12,1,1,1,,AP+AL+VF
2007_08_13,1,1,1,,AP+AL+VF
2007_08_14,1,1,1,,AP+AL+VF
2007_08_15,1,1,1,,AP+AL+VF
2007_08_16,1,1,1,,AP+AL+VF
2007_08_17,1,1,1,,AP+AL+VF
2007_08_18,1,1,1,,AP+AL+VF
2007_08_19,1,1,1,,AP+AL+VF
2007_08_20,1,1,1,,AP+AL+VF
2007_08_21,1,1,1,,AP+AL+VF
2007_08_22,1,1,1,,AP+AL+VF
2007_08_23,1,1,1,,AP+AL+VF
2007_08_24,1,1,1,,AP+AL+VF
2007_08_25,1,1,1,,AP+AL+VF
2007_08_26,1,1,1,,AP+AL+VF
2007_08_27,1,1,1,,AP+AL+VF
2007_08_28,1,1,1,,AP+AL+VF
2007_08_29,1,1,1,,AP+AL+VF
2007_08_30,1,1,1,,AP+AL+VF
2007_08_31,1,1,1,,AP+AL+VF
2007_09_01,1,1,1,,AP+AL+VF
2007_09_02,1,1,1,,AP+AL+VF
2007_09_03,1,1,1,,AP+AL+VF
2007_09_04,1,1,1,,AP+AL+VF
2007_09_05,1,1,1,,AP+AL+VF
2007_09_06,1,1,1,,AP+AL+VF
2007_09_07,1,1,1,,AP+AL+VF
2007_09_08,1,1,1,,AP+AL+VF
2007_09_09,1,1,1,,AP+AL+VF
2007_09_10,1,1,1,,AP+AL+VF
2007_09_11,1,1,1,,AP+AL+VF
2007_09_12,1,1,1,,AP+AL+VF
2007_09_13,1,1,1,,AP+AL+VF
2007_09_14,1,1,1,,AP+AL+VF
2007_09_15,1,1,1,,AP+AL+VF
2007_09_16,1,1,1,,AP+AL+VF
2007_09_17,1,1,1,,AP+AL+VF
2007_09_18,1,1,1,,AP+AL+VF
2007_09_19,1,1,1,,AP+AL+VF
2007_09_20,1,1,1,,AP+AL+VF
2007_09_21,1,1,1,,AP+AL+VF
2007_09_22,1,1,1,,AP+AL+VF
2007_09_23,1,1,1,,AP+AL+VF
2007_09_24,1,1,1,,AP+AL+VF
2007_09_25,1,1,1,,AP+AL+VF
2007_09_26,1,1,1,,AP+AL+VF
2007_09_27,1,1,1,,AP+AL+VF
2007_09_28,1,1,1,,AP+AL+VF
2007_09_29,1,1,1,,AP+AL+VF
2007_09_30,1,1,1,,AP+AL+VF
2007_10_01,1,1,1,,AP+AL+VF
2007_10_02,1,1,1,,AP+AL+VF
2007_10_03,1,1,1,,AP+AL+VF
2007_10_04,1,1,1,,AP+AL+VF
2007_10_05,1,1,1,,AP+AL+VF
2007_10_06,1,1,1,,AP+AL+VF
2007_10_07,1,1,1,,AP+AL+VF
2007_10_08,1,1,1,,AP+AL+VF
2007_10_09,1,1,1,,AP+AL+VF
2007_10_10,1,1,1,,AP+AL+VF
2007_10_11,1,1,1,,AP+AL+VF
2007_10_12,1,1,1,,AP+AL+VF
2007_10_13,1,1,1,,AP+AL+VF
2007_10_14,1,1,1,,AP+AL+VF
2007_10_15,1,1,1,,AP+AL+VF
2007_10_16,1,1,1,,AP+AL+VF
2007_10_17,1,1,1,,AP+AL+VF
2007_10_18,1,1,1,,AP+AL+VF
2007_10_19,1,1,1,,AP+AL+VF
2007_10_20,1,1,1,,AP+AL+VF
2007_10_21,1,1,1,,AP+AL+VF
2007_10_22,1,1,1,,AP+AL+VF
2007_10_23,1,1,1,,AP+AL+VF
2007_10_24,1,1,1,,AP+AL+VF
2007_10_25,1,1,1,,AP+AL+VF
2007_10_26,1,1,1,,AP+AL+VF
2007_10_27,1,1,1,,AP+AL+VF
2007_10_28,1,1,1,,AP+AL+VF
2007_10_29,1,1,1,,AP+AL+VF
2007_10_30,1,1,1,,AP+AL+VF
2007_10_31,1,1,1,,AP+AL+VF
2007_11_01,1,1,1,,AP+AL+VF
2007_11_02,1,1,1,,AP+AL+VF
2007_11_03,1,1,1,,AP+AL+VF
2007_11_04,1,1,1,,AP+AL+VF
2007_11_05,1,1,1,,AP+AL+VF
2007_11_06,1,1,1,,AP+AL+VF
2007_11_07,1,1,1,,AP+AL+VF
2007_11_08,1,1,1,,AP+AL+VF
2007_11_09,1,1,1,,AP+AL+VF
2007_11_10,1,1,1,,AP+AL+VF
2007_11_11,1,1,1,,AP+AL+VF
2007_11_12,1,1,1,,AP+AL+VF
2007_11_13,1,1,1,,AP+AL+VF
2007_11_14,1,1,1,,AP+AL+VF
2007_11_15,1,1,1,,AP+AL+VF
2007_11_16,1,1,1,,AP+AL+VF
2007_11_17,1,1,1,,AP+AL+VF
2007_11_18,1,1,1,,AP+AL+VF
2007_11_19,1,1,1,,AP+AL+VF
2007_11_20,1,1,1,,AP+AL+VF
2007_11_21,1,1,1,,AP+AL+VF
2007_11_22,1,1,1,,AP+AL+VF
2007_11_23,1,1,1,,AP+AL+VF
2007_11_24,1,1,1,,AP+AL+VF
2007_11_25,1,1,1,,AP+AL+VF
2007_11_26,1,1,1,,AP+AL+VF
2007_11_27,1,1,1,,AP+AL+VF
2007_11_28,1,1,1,,AP+AL+VF
2007_11_29,1,1,1,,AP+AL+VF
2007_11_30,1,1,1,,AP+AL+VF
2007_12_01,1,1,1,,AP+AL+VF
2007_12_02,1,1,1,,AP+AL+VF
2007_12_03,1,1,1,,AP+AL+VF
2007_12_04,1,1,1,,AP+AL+VF
2007_12_05,1,1,1,,AP+AL+VF
2007_12_06,1,1,1,,AP+AL+VF
2007_12_07,1,1,1,,AP+AL+VF
2007_12_08,1,1,1,,AP+AL+VF
2007_12_09,1,1,1,,AP+AL+VF
2007_12_10,1,1,1,,AP+AL+VF
2007_12_11,1,1,1,,AP+AL+VF
2007_12_12,1,1,1,,AP+AL+VF
2007_12_13,1,1,1,,AP+AL+VF
2007_12_14,1,1,1,,AP+AL+VF
2007_12_15,1,1,1,,AP+AL+VF
2007_12_16,1,1,1,,AP+AL+VF
2007_12_17,1,1,1,,AP+AL+VF
2007_12_18,1,1,1,,AP+AL+VF
2007_12_19,1,1,1,,AP+AL+VF
2007_12_20,1,1,1,,AP+AL+VF
2007_12_21,1,1,1,,AP+AL+VF
2007_12_22,1,1,1,,AP+AL+VF
2007_12_23,1,1,1,,AP+AL+VF
2007_12_24,1,1,1,,AP+AL+VF
2007_12_25,1,1,1,,AP+AL+VF
2007_12_26,1,1,1,,AP+AL+VF
2007_12_27,1,1,1,,AP+AL+VF
2007_12_28,1,1,1,,AP+AL+VF
2007_12_29,1,1,1,,AP+AL+VF
2007_12_30,1,1,1,,AP+AL+VF
2007_12_31,1,1,1,,AP+AL+VF
2008_01_01,1,1,1,,AP+AL+VF
2008_01_02,1,1,1,,AP+AL+VF
2008_01_03,1,1,1,,AP+AL+VF
2008_01_04,1,1,1,,AP+AL+VF
2008_01_05,1,1,1,,AP+AL+VF
2008_01_06,1,1,1,,AP+AL+VF
2008_01_07,1,1,1,,AP+AL+VF
2008_01_08,1,1,1,,AP+AL+VF
2008_01_09,1,1,1,,AP+AL+VF
2008_01_10,1,1,1,,AP+AL+VF
2008_01_11,1,1,1,,AP+AL+VF
2008_01_12,1,1,1,,AP+AL+VF
2008_01_13,1,1,1,,AP+AL+VF
2008_01_14,1,1,1,,AP+AL+VF
2008_01_15,1,1,1,,AP+AL+VF
2008_01_16,1,1,1,,AP+AL+VF
2008_01_17,1,1,1,,AP+AL+VF
2008_01_18,1,1,1,,AP+AL+VF
2008_01_19,1,1,1,,AP+AL+VF
2008_01_20,1,1,1,,AP+AL+VF
2008_01_21,1,1,1,,AP+AL+VF
2008_01_22,1,1,1,,AP+AL+VF
2008_01_23,1,1,1,,AP+AL+VF
2008_01_24,1,1,1,,AP+AL+VF
2008_01_25,1,1,1,,AP+AL+VF
2008_01_26,1,1,1,,AP+AL+VF
2008_01_27,1,1,1,,AP+AL+VF
2008_01_28,1,1,1,,AP+AL+VF
2008_01_29,1,1,1,,AP+AL+VF
2008_01_30,1,1,1,,AP+AL+VF
2008_01_31,1,1,1,,AP+AL+VF
2008_02_01,1,1,1,,AP+AL+VF
2008_02_02,1,1,1,,AP+AL+VF
2008_02_03,1,1,1,,AP+AL+VF
2008_02_04,1,1,1,,AP+AL+VF
2008_02_05,1,1,1,,AP+AL+VF
2008_02_06,1,1,1,,AP+AL+VF
2008_02_07,1,1,1,,AP+AL+VF
2008_02_08,1,1,1,,AP+AL+VF
2008_02_09,1,1,1,,AP+AL+VF
2008_02_10,1,1,1,,AP+AL+VF
2008_02_11,1,1,1,,AP+AL+VF
2008_02_12,1,1,1,,AP+AL+VF
2008_02_13,1,1,1,,AP+AL+VF
2008_02_14,1,1,1,,AP+AL+VF
2008_02_15,1,1,1,,AP+AL+VF
2008_02_16,1,1,1,,AP+AL+VF
2008_02_17,1,1,1,,AP+AL+VF
2008_02_18,1,1,1,,AP+AL+VF
2008_02_19,1,1,1,,AP+AL+VF
2008_02_20,1,1,1,,AP+AL+VF
2008_02_21,1,1,1,,AP+AL+VF
2008_02_22,1,1,1,,AP+AL+VF
2008_02_23,1,1,1,,AP+AL+VF
2008_02_24,1,1,1,,AP+AL+VF
2008_02_25,1,1,1,,AP+AL+VF
2008_02_26,1,1,1,,AP+AL+VF
2008_02_27,1,1,1,,AP+AL+VF
2008_02_28,1,1,1,,AP+AL+VF
2008_02_29,1,1,1,,AP+AL+VF
2008_03_01,1,1,1,,AP+AL+VF
2008_03_02,1,1,1,,AP+AL+VF
2008_03_03,1,1,1,,AP+AL+VF
2008_03_04,0,0,0,AP+AL+VF,
2008_03_05,0,0,0,AP+AL+VF,
2008_03_06,0,0,0,AP+AL+VF,
2008_03_07,0,0,0,AP+AL+VF,
2008_03_08,0,0,0,AP+AL+VF,
2008_03_09,0,0,0,AP+AL+VF,
2008_03_10,0,0,0,AP+AL+VF,
2008_03_11,1,1,1,,AP+AL+VF
2008_03_12,1,1,1,,AP+AL+VF
2008_03_13,1,1,1,,AP+AL+VF
2008_03_14,1,1,1,,AP+AL+VF
2008_03_15,1,1,1,,AP+AL+VF
2008_03_16,1,1,1,,AP+AL+VF
2008_03_17,1,1,1,,AP+AL+VF
2008_03_18,1,1,1,,AP+AL+VF
2008_03_19,1,1,1,,AP+AL+VF
2008_03_20,1,1,1,,AP+AL+VF
2008_03_21,1,1,1,,AP+AL+VF
2008_03_22,1,1,1,,AP+AL+VF
2008_03_23,1,1,1,,AP+AL+VF
2008_03_24,1,1,1,,AP+AL+VF
2008_03_25,1,1,1,,AP+AL+VF
2008_03_26,1,1,1,,AP+AL+VF
2008_03_27,1,1,1,,AP+AL+VF
2008_03_28,1,1,1,,AP+AL+VF
2008_03_29,1,1,1,,AP+AL+VF
2008_03_30,1,1,1,,AP+AL+VF
2008_03_31,1,1,1,,AP+AL+VF
2008_04_01,1,1,1,,AP+AL+VF
2008_04_02,1,1,1,,AP+AL+VF
2008_04_03,1,1,1,,AP+AL+VF
2008_04_04,1,1,1,,AP+AL+VF
2008_04_05,1,1,1,,AP+AL+VF
2008_04_06,1,1,1,,AP+AL+VF
2008_04_07,1,1,1,,AP+AL+VF
2008_04_08,1,1,1,,AP+AL+VF
2008_04_09,1,1,1,,AP+AL+VF
2008_04_10,1,1,1,,AP+AL+VF
2008_04_11,1,1,1,,AP+AL+VF
2008_04_12,1,1,1,,AP+AL+VF
2008_04_13,1,1,1,,AP+AL+VF
2008_04_14,1,1,1,,AP+AL+VF
2008_04_15,1,1,1,,AP+AL+VF
2008_04_16,1,1,1,,AP+AL+VF
2008_04_17,1,1,1,,AP+AL+VF
2008_04_18,1,1,1,,AP+AL+VF
2008_04_19,1,1,1,,AP+AL+VF
2008_04_20,1,1,1,,AP+AL+VF
2008_04_21,1,1,1,,AP+AL+VF
2008_04_22,1,1,1,,AP+AL+VF
2008_04_23,1,1,1,,AP+AL+VF
2008_04_24,1,1,1,,AP+AL+VF
2008_04_25,1,1,1,,AP+AL+VF
2008_04_26,1,1,1,,AP+AL+VF
2008_04_27,1,1,1,,AP+AL+VF
2008_04_28,1,1,1,,AP+AL+VF
2008_04_29,1,1,1,,AP+AL+VF
2008_04_30,1,1,1,,AP+AL+VF
2008_05_01,1,1,1,,AP+AL+VF
2008_05_02,1,1,1,,AP+AL+VF
2008_05_03,1,1,1,,AP+AL+VF
2008_05_04,1,1,1,,AP+AL+VF
2008_05_05,1,1,1,,AP+AL+VF
2008_05_06,1,1,1,,AP+AL+VF
2008_05_07,1,1,1,,AP+AL+VF
2008_05_08,1,1,1,,AP+AL+VF
2008_05_09,1,1,1,,AP+AL+VF
2008_05_10,1,1,1,,AP+AL+VF
2008_05_11,1,1,1,,AP+AL+VF
2008_05_12,1,1,1,,AP+AL+VF
2008_05_13,1,1,1,,AP+AL+VF
2008_05_14,1,1,1,,AP+AL+VF
2008_05_15,1,1,1,,AP+AL+VF
2008_05_16,1,1,1,,AP+AL+VF
2008_05_17,1,1,1,,AP+AL+VF
2008_05_18,1,1,1,,AP+AL+VF
2008_05_19,1,1,1,,AP+AL+VF
2008_05_20,1,1,1,,AP+AL+VF
2008_05_21,1,1,1,,AP+AL+VF
2008_05_22,1,1,1,,AP+AL+VF
2008_05_23,1,1,1,,AP+AL+VF
2008_05_24,1,1,1,,AP+AL+VF
2008_05_25,1,1,1,,AP+AL+VF
2008_05_26,1,1,1,,AP+AL+VF
2008_05_27,1,1,1,,AP+AL+VF
2008_05_28,1,1,1,,AP+AL+VF
2008_05_29,1,1,1,,AP+AL+VF
2008_05_30,1,1,1,,AP+AL+VF
2008_05_31,1,1,1,,AP+AL+VF
2008_06_01,1,1,1,,AP+AL+VF
2008_06_02,1,1,1,,AP+AL+VF
2008_06_03,1,1,1,,AP+AL+VF
2008_06_04,0,0,0,AP+AL+VF,
2008_06_05,0,0,0,AP+AL+VF,
2008_06_06,0,0,0,AP+AL+VF,
2008_06_07,0,0,0,AP+AL+VF,
2008_06_08,0,0,0,AP+AL+VF,
2008_06_09,0,0,0,AP+AL+VF,
2008_06_10,1,1,1,,AP+AL+VF
2008_06_11,1,1,1,,AP+AL+VF
2008_06_12,1,1,1,,AP+AL+VF
2008_06_13,1,1,1,,AP+AL+VF
2008_06_14,1,1,1,,AP+AL+VF
2008_06_15,1,1,1,,AP+AL+VF
2008_06_16,1,1,1,,AP+AL+VF
2008_06_17,1,1,1,,AP+AL+VF
2008_06_18,1,1,1,,AP+AL+VF
2008_06_19,1,1,1,,AP+AL+VF
2008_06_20,1,1,1,,AP+AL+VF
2008_06_21,1,1,1,,AP+AL+VF
2008_06_22,1,1,1,,AP+AL+VF
2008_06_23,1,1,1,,AP+AL+VF
2008_06_24,1,1,1,,AP+AL+VF
2008_06_25,1,1,1,,AP+AL+VF
2008_06_26,1,1,1,,AP+AL+VF
2008_06_27,1,1,1,,AP+AL+VF
2008_06_28,1,1,1,,AP+AL+VF
2008_06_29,1,1,1,,AP+AL+VF
2008_06_30,1,1,1,,AP+AL+VF
2008_07_01,1,1,1,,AP+AL+VF
2008_07_02,1,1,1,,AP+AL+VF
2008_07_03,1,1,1,,AP+AL+VF
2008_07_04,1,1,1,,AP+AL+VF
2008_07_05,1,1,1,,AP+AL+VF
2008_07_06,1,1,1,,AP+AL+VF
2008_07_07,1,1,1,,AP+AL+VF
2008_07_08,1,1,1,,AP+AL+VF
2008_07_09,1,1,1,,AP+AL+VF
2008_07_10,1,1,1,,AP+AL+VF
2008_07_11,1,1,1,,AP+AL+VF
2008_07_12,1,1,1,,AP+AL+VF
2008_07_13,1,1,1,,AP+AL+VF
2008_07_14,1,1,1,,AP+AL+VF
2008_07_15,1,1,1,,AP+AL+VF
2008_07_16,1,1,1,,AP+AL+VF
2008_07_17,1,1,1,,AP+AL+VF
2008_07_18,1,1,1,,AP+AL+VF
2008_07_19,0,0,0,AP+AL+VF,
2008_07_20,0,0,0,AP+AL+VF,
2008_07_21,0,0,0,AP+AL+VF,
2008_07_22,1,1,1,,AP+AL+VF
2008_07_23,1,1,1,,AP+AL+VF
2008_07_24,1,1,1,,AP+AL+VF
2008_07_25,1,1,1,,AP+AL+VF
2008_07_26,1,1,1,,AP+AL+VF
2008_07_27,1,1,1,,AP+AL+VF
2008_07_28,1,1,1,,AP+AL+VF
2008_07_29,1,1,1,,AP+AL+VF
2008_07_30,1,1,1,,AP+AL+VF
2008_07_31,1,1,1,,AP+AL+VF
2008_08_01,1,1,1,,AP+AL+VF
2008_08_02,1,1,1,,AP+AL+VF
2008_08_03,1,1,1,,AP+AL+VF
2008_08_04,1,1,1,,AP+AL+VF
2008_08_05,1,1,1,,AP+AL+VF
2008_08_06,1,1,1,,AP+AL+VF
2008_08_07,1,1,1,,AP+AL+VF
2008_08_08,1,1,1,,AP+AL+VF
2008_08_09,1,1,1,,AP+AL+VF
2008_08_10,1,1,1,,AP+AL+VF
2008_08_11,1,1,1,,AP+AL+VF
2008_08_12,1,1,1,,AP+AL+VF
2008_08_13,1,1,1,,AP+AL+VF
2008_08_14,1,1,1,,AP+AL+VF
2008_08_15,1,1,1,,AP+AL+VF
2008_08_16,1,1,1,,AP+AL+VF
2008_08_17,1,1,1,,AP+AL+VF
2008_08_18,1,1,1,,AP+AL+VF
2008_08_19,1,1,1,,AP+AL+VF
2008_08_20,1,1,1,,AP+AL+VF
2008_08_21,1,1,1,,AP+AL+VF
2008_08_22,1,1,1,,AP+AL+VF
2008_08_23,1,1,1,,AP+AL+VF
2008_08_24,1,1,1,,AP+AL+VF
2008_08_25,1,1,1,,AP+AL+VF
2008_08_26,1,1,1,,AP+AL+VF
2008_08_27,1,1,1,,AP+AL+VF
2008_08_28,1,1,1,,AP+AL+VF
2008_08_29,1,1,1,,AP+AL+VF
2008_08_30,1,1,1,,AP+AL+VF
2008_08_31,1,1,1,,AP+AL+VF
2008_09_01,1,1,1,,AP+AL+VF
2008_09_02,1,1,1,,AP+AL+VF
2008_09_03,1,1,1,,AP+AL+VF
2008_09_04,1,1,1,,AP+AL+VF
2008_09_05,1,1,1,,AP+AL+VF
2008_09_06,1,1,1,,AP+AL+VF
2008_09_07,1,1,1,,AP+AL+VF
2008_09_08,1,1,1,,AP+AL+VF
2008_09_09,0,0,0,AP+AL+VF,
2008_09_10,1,1,1,,AP+AL+VF
2008_09_11,1,1,1,,AP+AL+VF
2008_09_12,1,1,1,,AP+AL+VF
2008_09_13,1,1,1,,AP+AL+VF
2008_09_14,1,1,1,,AP+AL+VF
2008_09_15,1,1,1,,AP+AL+VF
2008_09_16,1,1,1,,AP+AL+VF
2008_09_17,1,1,1,,AP+AL+VF
2008_09_18,1,1,1,,AP+AL+VF
2008_09_19,1,1,1,,AP+AL+VF
2008_09_20,1,1,1,,AP+AL+VF
2008_09_21,1,1,1,,AP+AL+VF
2008_09_22,1,1,1,,AP+AL+VF
2008_09_23,1,1,1,,AP+AL+VF
2008_09_24,1,1,1,,AP+AL+VF
2008_09_25,0,0,0,AP+AL+VF,
2008_09_26,1,1,1,,AP+AL+VF
2008_09_27,1,1,1,,AP+AL+VF
2008_09_28,1,1,1,,AP+AL+VF
2008_09_29,0,0,0,AP+AL+VF,
2008_09_30,0,0,0,AP+AL+VF,
2008_10_01,1,1,1,,AP+AL+VF
2008_10_02,1,1,1,,AP+AL+VF
2008_10_03,1,1,1,,AP+AL+VF
2008_10_04,1,1,1,,AP+AL+VF
2008_10_05,1,1,1,,AP+AL+VF
2008_10_06,1,1,1,,AP+AL+VF
2008_10_07,1,1,1,,AP+AL+VF
2008_10_08,1,1,1,,AP+AL+VF
2008_10_09,1,1,1,,AP+AL+VF
2008_10_10,1,1,1,,AP+AL+VF
2008_10_11,1,1,1,,AP+AL+VF
2008_10_12,1,1,1,,AP+AL+VF
2008_10_13,1,1,1,,AP+AL+VF
2008_10_14,1,1,1,,AP+AL+VF
2008_10_15,1,1,1,,AP+AL+VF
2008_10_16,1,1,1,,AP+AL+VF
2008_10_17,1,1,1,,AP+AL+VF
2008_10_18,1,1,1,,AP+AL+VF
2008_10_19,1,1,1,,AP+AL+VF
2008_10_20,1,1,1,,AP+AL+VF
2008_10_21,1,1,1,,AP+AL+VF
2008_10_22,1,1,1,,AP+AL+VF
2008_10_23,1,1,1,,AP+AL+VF
2008_10_24,1,1,1,,AP+AL+VF
2008_10_25,1,1,1,,AP+AL+VF
2008_10_26,1,1,1,,AP+AL+VF
2008_10_27,1,1,1,,AP+AL+VF
2008_10_28,1,1,1,,AP+AL+VF
2008_10_29,1,1,1,,AP+AL+VF
2008_10_30,1,1,1,,AP+AL+VF
2008_10_31,1,1,1,,AP+AL+VF
2008_11_01,1,1,1,,AP+AL+VF
2008_11_02,1,1,1,,AP+AL+VF
2008_11_03,1,1,1,,AP+AL+VF
2008_11_04,1,1,1,,AP+AL+VF
2008_11_05,1,1,1,,AP+AL+VF
2008_11_06,1,1,1,,AP+AL+VF
2008_11_07,1,1,1,,AP+AL+VF
2008_11_08,1,1,1,,AP+AL+VF
2008_11_09,1,1,1,,AP+AL+VF
2008_11_10,1,1,1,,AP+AL+VF
2008_11_11,1,1,1,,AP+AL+VF
2008_11_12,1,1,1,,AP+AL+VF
2008_11_13,1,1,1,,AP+AL+VF
2008_11_14,1,1,1,,AP+AL+VF
2008_11_15,1,1,1,,AP+AL+VF
2008_11_16,1,1,1,,AP+AL+VF
2008_11_17,1,1,1,,AP+AL+VF
2008_11_18,1,1,1,,AP+AL+VF
2008_11_19,1,1,1,,AP+AL+VF
2008_11_20,1,1,1,,AP+AL+VF
2008_11_21,1,1,1,,AP+AL+VF
2008_11_22,1,1,1,,AP+AL+VF
2008_11_23,1,1,1,,AP+AL+VF
2008_11_24,1,1,1,,AP+AL+VF
2008_11_25,1,1,1,,AP+AL+VF
2008_11_26,1,1,1,,AP+AL+VF
2008_11_27,1,1,1,,AP+AL+VF
2008_11_28,1,1,1,,AP+AL+VF
2008_11_29,1,1,1,,AP+AL+VF
2008_11_30,1,1,1,,AP+AL+VF
2008_12_01,1,1,1,,AP+AL+VF
2008_12_02,1,1,1,,AP+AL+VF
2008_12_03,1,1,1,,AP+AL+VF
2008_12_04,1,1,1,,AP+AL+VF
2008_12_05,1,1,1,,AP+AL+VF
2008_12_06,1,1,1,,AP+AL+VF
2008_12_07,1,1,1,,AP+AL+VF
2008_12_08,1,1,1,,AP+AL+VF
2008_12_09,1,1,1,,AP+AL+VF
2008_12_10,1,1,1,,AP+AL+VF
2008_12_11,1,1,1,,AP+AL+VF
2008_12_12,1,1,1,,AP+AL+VF
2008_12_13,1,1,1,,AP+AL+VF
2008_12_14,1,1,1,,AP+AL+VF
2008_12_15,1,1,1,,AP+AL+VF
2008_12_16,1,1,1,,AP+AL+VF
2008_12_17,1,1,1,,AP+AL+VF
2008_12_18,1,1,1,,AP+AL+VF
2008_12_19,1,1,1,,AP+AL+VF
2008_12_20,1,1,1,,AP+AL+VF
2008_12_21,1,1,1,,AP+AL+VF
2008_12_22,1,1,1,,AP+AL+VF
2008_12_23,1,1,1,,AP+AL+VF
2008_12_24,1,1,1,,AP+AL+VF
2008_12_25,1,1,1,,AP+AL+VF
2008_12_26,1,1,1,,AP+AL+VF
2008_12_27,1,1,1,,AP+AL+VF
2008_12_28,1,1,1,,AP+AL+VF
2008_12_29,1,1,1,,AP+AL+VF
2008_12_30,1,1,1,,AP+AL+VF
2008_12_31,1,1,1,,AP+AL+VF
2009_01_01,1,1,1,,AP+AL+VF
2009_01_02,1,1,1,,AP+AL+VF
2009_01_03,1,1,1,,AP+AL+VF
2009_01_04,1,1,1,,AP+AL+VF
2009_01_05,1,1,1,,AP+AL+VF
2009_01_06,1,1,1,,AP+AL+VF
2009_01_07,1,1,1,,AP+AL+VF
2009_01_08,1,1,1,,AP+AL+VF
2009_01_09,1,1,1,,AP+AL+VF
2009_01_10,1,1,1,,AP+AL+VF
2009_01_11,1,1,1,,AP+AL+VF
2009_01_12,1,1,1,,AP+AL+VF
2009_01_13,1,1,1,,AP+AL+VF
2009_01_14,1,1,1,,AP+AL+VF
2009_01_15,1,1,1,,AP+AL+VF
2009_01_16,1,1,1,,AP+AL+VF
2009_01_17,1,1,1,,AP+AL+VF
2009_01_18,1,1,1,,AP+AL+VF
2009_01_19,1,1,1,,AP+AL+VF
2009_01_20,1,1,1,,AP+AL+VF
2009_01_21,1,1,1,,AP+AL+VF
2009_01_22,1,1,1,,AP+AL+VF
2009_01_23,1,1,1,,AP+AL+VF
2009_01_24,1,1,1,,AP+AL+VF
2009_01_25,1,1,1,,AP+AL+VF
2009_01_26,1,1,1,,AP+AL+VF
2009_01_27,1,1,1,,AP+AL+VF
2009_01_28,1,1,1,,AP+AL+VF
2009_01_29,1,1,1,,AP+AL+VF
2009_01_30,1,1,1,,AP+AL+VF
2009_01_31,1,1,1,,AP+AL+VF
2009_02_01,1,1,1,,AP+AL+VF
2009_02_02,1,1,1,,AP+AL+VF
2009_02_03,1,1,1,,AP+AL+VF
2009_02_04,1,1,1,,AP+AL+VF
2009_02_05,1,1,1,,AP+AL+VF
2009_02_06,1,1,1,,AP+AL+VF
2009_02_07,1,1,1,,AP+AL+VF
2009_02_08,1,1,1,,AP+AL+VF
2009_02_09,1,1,1,,AP+AL+VF
2009_02_10,1,1,1,,AP+AL+VF
2009_02_11,1,1,1,,AP+AL+VF
2009_02_12,1,1,1,,AP+AL+VF
2009_02_13,1,1,1,,AP+AL+VF
2009_02_14,1,1,1,,AP+AL+VF
2009_02_15,1,1,1,,AP+AL+VF
2009_02_16,1,1,1,,AP+AL+VF
2009_02_17,0,0,0,AP+AL+VF,
2009_02_18,0,0,0,AP+AL+VF,
2009_02_19,0,0,0,AP+AL+VF,
2009_02_20,0,0,0,AP+AL+VF,
2009_02_21,0,0,0,AP+AL+VF,
2009_02_22,0,0,0,AP+AL+VF,
2009_02_23,0,0,0,AP+AL+VF,
2009_02_24,0,0,0,AP+AL+VF,
2009_02_25,0,0,0,AP+AL+VF,
2009_02_26,0,0,0,AP+AL+VF,
2009_02_27,0,0,0,AP+AL+VF,
2009_02_28,0,0,0,AP+AL+VF,
2009_03_01,0,0,0,AP+AL+VF,
2009_03_02,0,0,0,AP+AL+VF,
2009_03_03,0,0,0,AP+AL+VF,
2009_03_04,0,0,0,AP+AL+VF,
2009_03_05,0,0,0,AP+AL+VF,
2009_03_06,0,0,0,AP+AL+VF,
2009_03_07,0,0,0,AP+AL+VF,
2009_03_08,0,0,0,AP+AL+VF,
2009_03_09,0,0,0,AP+AL+VF,
2009_03_10,0,0,0,AP+AL+VF,
2009_03_11,0,0,0,AP+AL+VF,
2009_03_12,1,1,1,,AP+AL+VF
2009_03_13,1,1,1,,AP+AL+VF
2009_03_14,0,0,0,AP+AL+VF,
2009_03_15,1,1,1,,AP+AL+VF
2009_03_16,1,1,1,,AP+AL+VF
2009_03_17,1,1,1,,AP+AL+VF
2009_03_18,1,1,1,,AP+AL+VF
2009_03_19,1,1,1,,AP+AL+VF
2009_03_20,1,1,1,,AP+AL+VF
2009_03_21,1,1,1,,AP+AL+VF
2009_03_22,1,1,1,,AP+AL+VF
2009_03_23,1,1,1,,AP+AL+VF
2009_03_24,1,1,1,,AP+AL+VF
2009_03_25,1,1,1,,AP+AL+VF
2009_03_26,1,1,1,,AP+AL+VF
2009_03_27,1,1,1,,AP+AL+VF
2009_03_28,1,1,1,,AP+AL+VF
2009_03_29,1,1,1,,AP+AL+VF
2009_03_30,1,1,1,,AP+AL+VF
2009_03_31,1,1,1,,AP+AL+VF
2009_04_01,1,1,1,,AP+AL+VF
2009_04_02,1,1,1,,AP+AL+VF
2009_04_03,1,1,1,,AP+AL+VF
2009_04_04,1,1,1,,AP+AL+VF
2009_04_05,1,1,1,,AP+AL+VF
2009_04_06,1,1,1,,AP+AL+VF
2009_04_07,1,1,1,,AP+AL+VF
2009_04_08,1,1,1,,AP+AL+VF
2009_04_09,1,1,1,,AP+AL+VF
2009_04_10,1,1,1,,AP+AL+VF
2009_04_11,1,1,1,,AP+AL+VF
2009_04_12,1,1,1,,AP+AL+VF
2009_04_13,1,1,1,,AP+AL+VF
2009_04_14,1,1,1,,AP+AL+VF
2009_04_15,1,1,1,,AP+AL+VF
2009_04_16,1,1,1,,AP+AL+VF
2009_04_17,1,1,1,,AP+AL+VF
2009_04_18,1,1,1,,AP+AL+VF
2009_04_19,1,1,1,,AP+AL+VF
2009_04_20,1,1,1,,AP+AL+VF
2009_04_21,1,1,1,,AP+AL+VF
2009_04_22,1,1,1,,AP+AL+VF
2009_04_23,1,1,1,,AP+AL+VF
2009_04_24,1,1,1,,AP+AL+VF
2009_04_25,1,1,1,,AP+AL+VF
2009_04_26,1,1,1,,AP+AL+VF
2009_04_27,1,1,1,,AP+AL+VF
2009_04_28,1,1,1,,AP+AL+VF
2009_04_29,1,1,1,,AP+AL+VF
2009_04_30,1,1,1,,AP+AL+VF
2009_05_01,1,1,1,,AP+AL+VF
2009_05_02,1,1,1,,AP+AL+VF
2009_05_03,1,1,1,,AP+AL+VF
2009_05_04,1,1,1,,AP+AL+VF
2009_05_05,1,1,1,,AP+AL+VF
2009_05_06,1,1,1,,AP+AL+VF
2009_05_07,1,1,1,,AP+AL+VF
2009_05_08,1,1,1,,AP+AL+VF
2009_05_09,1,1,1,,AP+AL+VF
2009_05_10,1,1,1,,AP+AL+VF
2009_05_11,1,1,1,,AP+AL+VF
2009_05_12,1,1,1,,AP+AL+VF
2009_05_13,1,1,1,,AP+AL+VF
2009_05_14,1,1,1,,AP+AL+VF
2009_05_15,1,1,1,,AP+AL+VF
2009_05_16,1,1,1,,AP+AL+VF
2009_05_17,1,1,1,,AP+AL+VF
2009_05_18,1,1,1,,AP+AL+VF
2009_05_19,1,1,1,,AP+AL+VF
2009_05_20,1,1,1,,AP+AL+VF
2009_05_21,1,1,1,,AP+AL+VF
2009_05_22,1,1,1,,AP+AL+VF
2009_05_23,1,1,1,,AP+AL+VF
2009_05_24,1,1,1,,AP+AL+VF
2009_05_25,1,1,1,,AP+AL+VF
2009_05_26,1,1,1,,AP+AL+VF
2009_05_27,1,1,1,,AP+AL+VF
2009_05_28,1,1,1,,AP+AL+VF
2009_05_29,1,1,1,,AP+AL+VF
2009_05_30,1,1,1,,AP+AL+VF
2009_05_31,1,1,1,,AP+AL+VF
2009_06_01,1,1,1,,AP+AL+VF
2009_06_02,1,1,1,,AP+AL+VF
2009_06_03,1,1,1,,AP+AL+VF
2009_06_04,1,1,1,,AP+AL+VF
2009_06_05,1,1,1,,AP+AL+VF
2009_06_06,1,1,1,,AP+AL+VF
2009_06_07,1,1,1,,AP+AL+VF
2009_06_08,1,1,1,,AP+AL+VF
2009_06_09,1,1,1,,AP+AL+VF
2009_06_10,1,1,1,,AP+AL+VF
2009_06_11,1,1,1,,AP+AL+VF
2009_06_12,1,1,1,,AP+AL+VF
2009_06_13,0,0,0,AP+AL+VF,
2009_06_14,1,1,1,,AP+AL+VF
2009_06_15,1,1,1,,AP+AL+VF
2009_06_16,1,1,1,,AP+AL+VF
2009_06_17,1,1,1,,AP+AL+VF
2009_06_18,1,1,1,,AP+AL+VF
2009_06_19,1,1,1,,AP+AL+VF
2009_06_20,1,1,1,,AP+AL+VF
2009_06_21,1,1,1,,AP+AL+VF
2009_06_22,1,1,1,,AP+AL+VF
2009_06_23,1,1,1,,AP+AL+VF
2009_06_24,1,1,1,,AP+AL+VF
2009_06_25,1,1,1,,AP+AL+VF
2009_06_26,1,1,1,,AP+AL+VF
2009_06_27,1,1,1,,AP+AL+VF
2009_06_28,1,1,1,,AP+AL+VF
2009_06_29,1,1,1,,AP+AL+VF
2009_06_30,1,1,1,,AP+AL+VF
2009_07_01,1,1,1,,AP+AL+VF
2009_07_02,1,1,1,,AP+AL+VF
2009_07_03,1,1,1,,AP+AL+VF
2009_07_04,1,1,1,,AP+AL+VF
2009_07_05,1,1,1,,AP+AL+VF
2009_07_06,1,1,1,,AP+AL+VF
2009_07_07,1,1,1,,AP+AL+VF
2009_07_08,1,1,1,,AP+AL+VF
2009_07_09,1,1,1,,AP+AL+VF
2009_07_10,1,1,1,,AP+AL+VF
2009_07_11,1,1,1,,AP+AL+VF
2009_07_12,1,1,1,,AP+AL+VF
2009_07_13,1,1,1,,AP+AL+VF
2009_07_14,1,1,1,,AP+AL+VF
2009_07_15,1,1,1,,AP+AL+VF
2009_07_16,1,1,1,,AP+AL+VF
2009_07_17,1,1,1,,AP+AL+VF
2009_07_18,1,1,1,,AP+AL+VF
2009_07_19,1,1,1,,AP+AL+VF
2009_07_20,1,1,1,,AP+AL+VF
2009_07_21,1,1,1,,AP+AL+VF
2009_07_22,1,1,1,,AP+AL+VF
2009_07_23,1,1,1,,AP+AL+VF
2009_07_24,1,1,1,,AP+AL+VF
2009_07_25,1,1,1,,AP+AL+VF
2009_07_26,1,1,1,,AP+AL+VF
2009_07_27,1,1,1,,AP+AL+VF
2009_07_28,1,1,1,,AP+AL+VF
2009_07_29,1,1,1,,AP+AL+VF
2009_07_30,1,1,1,,AP+AL+VF
2009_07_31,1,1,1,,AP+AL+VF
2009_08_01,1,1,1,,AP+AL+VF
2009_08_02,1,1,1,,AP+AL+VF
2009_08_03,1,1,1,,AP+AL+VF
2009_08_04,1,1,1,,AP+AL+VF
2009_08_05,1,1,1,,AP+AL+VF
2009_08_06,1,1,1,,AP+AL+VF
2009_08_07,1,1,1,,AP+AL+VF
2009_08_08,1,1,1,,AP+AL+VF
2009_08_09,1,1,1,,AP+AL+VF
2009_08_10,1,1,1,,AP+AL+VF
2009_08_11,1,1,1,,AP+AL+VF
2009_08_12,1,1,1,,AP+AL+VF
2009_08_13,1,1,1,,AP+AL+VF
2009_08_14,1,1,1,,AP+AL+VF
2009_08_15,1,1,1,,AP+AL+VF
2009_08_16,1,1,1,,AP+AL+VF
2009_08_17,1,1,1,,AP+AL+VF
2009_08_18,1,1,1,,AP+AL+VF
2009_08_19,1,1,1,,AP+AL+VF
2009_08_20,1,1,1,,AP+AL+VF
2009_08_21,1,1,1,,AP+AL+VF
2009_08_22,1,1,1,,AP+AL+VF
2009_08_23,1,1,1,,AP+AL+VF
2009_08_24,1,1,1,,AP+AL+VF
2009_08_25,1,1,1,,AP+AL+VF
2009_08_26,1,1,1,,AP+AL+VF
2009_08_27,1,1,1,,AP+AL+VF
2009_08_28,1,1,1,,AP+AL+VF
2009_08_29,1,1,1,,AP+AL+VF
2009_08_30,1,1,1,,AP+AL+VF
2009_08_31,1,1,1,,AP+AL+VF
2009_09_01,1,1,1,,AP+AL+VF
2009_09_02,1,1,1,,AP+AL+VF
2009_09_03,1,1,1,,AP+AL+VF
2009_09_04,1,1,1,,AP+AL+VF
2009_09_05,1,1,1,,AP+AL+VF
2009_09_06,1,1,1,,AP+AL+VF
2009_09_07,1,1,1,,AP+AL+VF
2009_09_08,1,1,1,,AP+AL+VF
2009_09_09,1,1,1,,AP+AL+VF
2009_09_10,1,1,1,,AP+AL+VF
2009_09_11,1,1,1,,AP+AL+VF
2009_09_12,1,1,1,,AP+AL+VF
2009_09_13,1,1,1,,AP+AL+VF
2009_09_14,1,1,1,,AP+AL+VF
2009_09_15,1,1,1,,AP+AL+VF
2009_09_16,1,1,1,,AP+AL+VF
2009_09_17,1,1,1,,AP+AL+VF
2009_09_18,1,1,1,,AP+AL+VF
2009_09_19,1,1,1,,AP+AL+VF
2009_09_20,1,1,1,,AP+AL+VF
2009_09_21,1,1,1,,AP+AL+VF
2009_09_22,1,1,1,,AP+AL+VF
2009_09_23,1,1,1,,AP+AL+VF
2009_09_24,1,1,1,,AP+AL+VF
2009_09_25,1,1,1,,AP+AL+VF
2009_09_26,1,1,1,,AP+AL+VF
2009_09_27,1,1,1,,AP+AL+VF
2009_09_28,1,1,1,,AP+AL+VF
2009_09_29,1,1,1,,AP+AL+VF
2009_09_30,1,1,1,,AP+AL+VF
2009_10_01,1,1,1,,AP+AL+VF
2009_10_02,1,1,1,,AP+AL+VF
2009_10_03,1,1,1,,AP+AL+VF
2009_10_04,1,1,1,,AP+AL+VF
2009_10_05,1,1,1,,AP+AL+VF
2009_10_06,1,1,1,,AP+AL+VF
2009_10_07,1,1,1,,AP+AL+VF
2009_10_08,1,1,1,,AP+AL+VF
2009_10_09,1,1,1,,AP+AL+VF
2009_10_10,1,1,1,,AP+AL+VF
2009_10_11,1,1,1,,AP+AL+VF
2009_10_12,1,1,1,,AP+AL+VF
2009_10_13,1,1,1,,AP+AL+VF
2009_10_14,1,1,1,,AP+AL+VF
2009_10_15,1,1,1,,AP+AL+VF
2009_10_16,1,1,1,,AP+AL+VF
2009_10_17,1,1,1,,AP+AL+VF
2009_10_18,1,1,1,,AP+AL+VF
2009_10_19,1,1,1,,AP+AL+VF
2009_10_20,1,1,1,,AP+AL+VF
2009_10_21,1,1,1,,AP+AL+VF
2009_10_22,1,1,1,,AP+AL+VF
2009_10_23,1,1,1,,AP+AL+VF
2009_10_24,1,1,1,,AP+AL+VF
2009_10_25,1,1,1,,AP+AL+VF
2009_10_26,1,1,1,,AP+AL+VF
2009_10_27,1,1,1,,AP+AL+VF
2009_10_28,1,1,1,,AP+AL+VF
2009_10_29,1,1,1,,AP+AL+VF
2009_10_30,1,1,1,,AP+AL+VF
2009_10_31,1,1,1,,AP+AL+VF
2009_11_01,1,1,1,,AP+AL+VF
2009_11_02,1,1,1,,AP+AL+VF
2009_11_03,1,1,1,,AP+AL+VF
2009_11_04,1,1,1,,AP+AL+VF
2009_11_05,1,1,1,,AP+AL+VF
2009_11_06,1,1,1,,AP+AL+VF
2009_11_07,1,1,1,,AP+AL+VF
2009_11_08,1,1,1,,AP+AL+VF
2009_11_09,1,1,1,,AP+AL+VF
2009_11_10,1,1,1,,AP+AL+VF
2009_11_11,1,1,1,,AP+AL+VF
2009_11_12,1,1,1,,AP+AL+VF
2009_11_13,1,1,1,,AP+AL+VF
2009_11_14,1,1,1,,AP+AL+VF
2009_11_15,1,1,1,,AP+AL+VF
2009_11_16,1,1,1,,AP+AL+VF
2009_11_17,1,1,1,,AP+AL+VF
2009_11_18,1,1,1,,AP+AL+VF
2009_11_19,1,1,1,,AP+AL+VF
2009_11_20,1,1,1,,AP+AL+VF
2009_11_21,1,1,1,,AP+AL+VF
2009_11_22,1,1,1,,AP+AL+VF
2009_11_23,1,1,1,,AP+AL+VF
2009_11_24,1,1,1,,AP+AL+VF
2009_11_25,1,1,1,,AP+AL+VF
2009_11_26,1,1,1,,AP+AL+VF
2009_11_27,1,1,1,,AP+AL+VF
2009_11_28,1,1,1,,AP+AL+VF
2009_11_29,1,1,1,,AP+AL+VF
2009_11_30,1,1,1,,AP+AL+VF
2009_12_01,1,1,1,,AP+AL+VF
2009_12_02,1,1,1,,AP+AL+VF
2009_12_03,1,1,1,,AP+AL+VF
2009_12_04,1,1,1,,AP+AL+VF
2009_12_05,1,1,1,,AP+AL+VF
2009_12_06,1,1,1,,AP+AL+VF
2009_12_07,1,1,1,,AP+AL+VF
2009_12_08,1,1,1,,AP+AL+VF
2009_12_09,1,1,1,,AP+AL+VF
2009_12_10,1,1,1,,AP+AL+VF
2009_12_11,1,1,1,,AP+AL+VF
2009_12_12,1,1,1,,AP+AL+VF
2009_12_13,1,1,1,,AP+AL+VF
2009_12_14,1,1,1,,AP+AL+VF
2009_12_15,1,1,1,,AP+AL+VF
2009_12_16,1,1,1,,AP+AL+VF
2009_12_17,1,1,1,,AP+AL+VF
2009_12_18,1,1,1,,AP+AL+VF
2009_12_19,1,1,1,,AP+AL+VF
2009_12_20,1,1,1,,AP+AL+VF
2009_12_21,1,1,1,,AP+AL+VF
2009_12_22,1,1,1,,AP+AL+VF
2009_12_23,1,1,1,,AP+AL+VF
2009_12_24,1,1,1,,AP+AL+VF
2009_12_25,1,1,1,,AP+AL+VF
2009_12_26,1,1,1,,AP+AL+VF
2009_12_27,1,1,1,,AP+AL+VF
2009_12_28,1,1,1,,AP+AL+VF
2009_12_29,1,1,1,,AP+AL+VF
2009_12_30,1,1,1,,AP+AL+VF
2009_12_31,1,1,1,,AP+AL+VF
2010_01_01,1,1,1,,AP+AL+VF
2010_01_02,1,1,1,,AP+AL+VF
2010_01_03,1,1,1,,AP+AL+VF
2010_01_04,1,1,1,,AP+AL+VF
2010_01_05,1,1,1,,AP+AL+VF
2010_01_06,1,1,1,,AP+AL+VF
2010_01_07,1,1,1,,AP+AL+VF
2010_01_08,1,1,1,,AP+AL+VF
2010_01_09,1,1,1,,AP+AL+VF
2010_01_10,1,1,1,,AP+AL+VF
2010_01_11,1,1,1,,AP+AL+VF
2010_01_12,1,1,1,,AP+AL+VF
2010_01_13,1,1,1,,AP+AL+VF
2010_01_14,1,1,1,,AP+AL+VF
2010_01_15,1,1,1,,AP+AL+VF
2010_01_16,1,1,1,,AP+AL+VF
2010_01_17,1,1,1,,AP+AL+VF
2010_01_18,1,1,1,,AP+AL+VF
2010_01_19,1,1,1,,AP+AL+VF
2010_01_20,1,1,1,,AP+AL+VF
2010_01_21,1,1,1,,AP+AL+VF
2010_01_22,1,1,1,,AP+AL+VF
2010_01_23,1,1,1,,AP+AL+VF
2010_01_24,1,1,1,,AP+AL+VF
2010_01_25,1,1,1,,AP+AL+VF
2010_01_26,1,1,1,,AP+AL+VF
2010_01_27,1,1,1,,AP+AL+VF
2010_01_28,1,1,1,,AP+AL+VF
2010_01_29,1,1,1,,AP+AL+VF
2010_01_30,1,1,1,,AP+AL+VF
2010_01_31,1,1,1,,AP+AL+VF
2010_02_01,1,1,1,,AP+AL+VF
2010_02_02,1,1,1,,AP+AL+VF
2010_02_03,1,1,1,,AP+AL+VF
2010_02_04,1,1,1,,AP+AL+VF
2010_02_05,1,1,1,,AP+AL+VF
2010_02_06,1,1,1,,AP+AL+VF
2010_02_07,1,1,1,,AP+AL+VF
2010_02_08,1,1,1,,AP+AL+VF
2010_02_09,1,1,1,,AP+AL+VF
2010_02_10,1,1,1,,AP+AL+VF
2010_02_11,1,1,1,,AP+AL+VF
2010_02_12,1,1,1,,AP+AL+VF
2010_02_13,1,1,1,,AP+AL+VF
2010_02_14,1,1,1,,AP+AL+VF
2010_02_15,1,1,1,,AP+AL+VF
2010_02_16,1,1,1,,AP+AL+VF
2010_02_17,1,1,1,,AP+AL+VF
2010_02_18,1,1,1,,AP+AL+VF
2010_02_19,1,1,1,,AP+AL+VF
2010_02_20,1,1,1,,AP+AL+VF
2010_02_21,1,1,1,,AP+AL+VF
2010_02_22,1,1,1,,AP+AL+VF
2010_02_23,1,1,1,,AP+AL+VF
2010_02_24,1,1,1,,AP+AL+VF
2010_02_25,1,1,1,,AP+AL+VF
2010_02_26,1,1,1,,AP+AL+VF
2010_02_27,1,1,1,,AP+AL+VF
2010_02_28,1,1,1,,AP+AL+VF
2010_03_01,1,1,1,,AP+AL+VF
2010_03_02,1,1,1,,AP+AL+VF
2010_03_03,1,1,1,,AP+AL+VF
2010_03_04,1,1,1,,AP+AL+VF
2010_03_05,1,1,1,,AP+AL+VF
2010_03_06,1,1,1,,AP+AL+VF
2010_03_07,1,1,1,,AP+AL+VF
2010_03_08,1,1,1,,AP+AL+VF
2010_03_09,1,1,1,,AP+AL+VF
2010_03_10,1,1,1,,AP+AL+VF
2010_03_11,1,1,1,,AP+AL+VF
2010_03_12,1,1,1,,AP+AL+VF
2010_03_13,1,1,1,,AP+AL+VF
2010_03_14,1,1,1,,AP+AL+VF
2010_03_15,1,1,1,,AP+AL+VF
2010_03_16,1,1,1,,AP+AL+VF
2010_03_17,1,1,1,,AP+AL+VF
2010_03_18,1,1,1,,AP+AL+VF
2010_03_19,1,1,1,,AP+AL+VF
2010_03_20,1,1,1,,AP+AL+VF
2010_03_21,1,1,1,,AP+AL+VF
2010_03_22,1,1,1,,AP+AL+VF
2010_03_23,1,1,1,,AP+AL+VF
2010_03_24,1,1,1,,AP+AL+VF
2010_03_25,1,1,1,,AP+AL+VF
2010_03_26,1,1,1,,AP+AL+VF
2010_03_27,1,1,1,,AP+AL+VF
2010_03_28,1,1,1,,AP+AL+VF
2010_03_29,1,1,1,,AP+AL+VF
2010_03_30,1,1,1,,AP+AL+VF
2010_03_31,1,1,1,,AP+AL+VF
2010_04_01,1,1,1,,AP+AL+VF
2010_04_02,1,1,1,,AP+AL+VF
2010_04_03,1,1,1,,AP+AL+VF
2010_04_04,1,1,1,,AP+AL+VF
2010_04_05,1,1,1,,AP+AL+VF
2010_04_06,1,1,1,,AP+AL+VF
2010_04_07,1,1,1,,AP+AL+VF
2010_04_08,1,1,1,,AP+AL+VF
2010_04_09,1,1,1,,AP+AL+VF
2010_04_10,1,1,1,,AP+AL+VF
2010_04_11,1,1,1,,AP+AL+VF
2010_04_12,1,1,1,,AP+AL+VF
2010_04_13,1,1,1,,AP+AL+VF
2010_04_14,1,1,1,,AP+AL+VF
2010_04_15,1,1,1,,AP+AL+VF
2010_04_16,1,1,1,,AP+AL+VF
2010_04_17,1,1,1,,AP+AL+VF
2010_04_18,1,1,1,,AP+AL+VF
2010_04_19,1,1,1,,AP+AL+VF
2010_04_20,1,1,1,,AP+AL+VF
2010_04_21,1,1,1,,AP+AL+VF
2010_04_22,1,1,1,,AP+AL+VF
2010_04_23,1,1,1,,AP+AL+VF
2010_04_24,1,1,1,,AP+AL+VF
2010_04_25,1,1,1,,AP+AL+VF
2010_04_26,1,1,1,,AP+AL+VF
2010_04_27,1,1,1,,AP+AL+VF
2010_04_28,1,1,1,,AP+AL+VF
2010_04_29,1,1,1,,AP+AL+VF
2010_04_30,1,1,1,,AP+AL+VF
2010_05_01,1,1,1,,AP+AL+VF
2010_05_02,1,1,1,,AP+AL+VF
2010_05_03,1,1,1,,AP+AL+VF
2010_05_04,1,1,1,,AP+AL+VF
2010_05_05,1,1,1,,AP+AL+VF
2010_05_06,1,1,1,,AP+AL+VF
2010_05_07,1,1,1,,AP+AL+VF
2010_05_08,1,1,1,,AP+AL+VF
2010_05_09,1,1,1,,AP+AL+VF
2010_05_10,1,1,1,,AP+AL+VF
2010_05_11,1,1,1,,AP+AL+VF
2010_05_12,1,1,1,,AP+AL+VF
2010_05_13,1,1,1,,AP+AL+VF
2010_05_14,1,1,1,,AP+AL+VF
2010_05_15,1,1,1,,AP+AL+VF
2010_05_16,1,1,1,,AP+AL+VF
2010_05_17,1,1,1,,AP+AL+VF
2010_05_18,1,1,1,,AP+AL+VF
2010_05_19,1,1,1,,AP+AL+VF
2010_05_20,1,1,1,,AP+AL+VF
2010_05_21,1,1,1,,AP+AL+VF
2010_05_22,1,1,1,,AP+AL+VF
2010_05_23,1,1,1,,AP+AL+VF
2010_05_24,1,1,1,,AP+AL+VF
2010_05_25,1,1,1,,AP+AL+VF
2010_05_26,1,1,1,,AP+AL+VF
2010_05_27,1,1,1,,AP+AL+VF
2010_05_28,1,1,1,,AP+AL+VF
2010_05_29,1,1,1,,AP+AL+VF
2010_05_30,1,1,1,,AP+AL+VF
2010_05_31,1,1,1,,AP+AL+VF
2010_06_01,1,1,1,,AP+AL+VF
2010_06_02,1,1,1,,AP+AL+VF
2010_06_03,1,1,1,,AP+AL+VF
2010_06_04,1,1,1,,AP+AL+VF
2010_06_05,1,1,1,,AP+AL+VF
2010_06_06,1,1,1,,AP+AL+VF
2010_06_07,1,1,1,,AP+AL+VF
2010_06_08,1,1,1,,AP+AL+VF
2010_06_09,1,1,1,,AP+AL+VF
2010_06_10,1,1,1,,AP+AL+VF
2010_06_11,1,1,1,,AP+AL+VF
2010_06_12,1,1,1,,AP+AL+VF
2010_06_13,1,1,1,,AP+AL+VF
2010_06_14,1,1,1,,AP+AL+VF
2010_06_15,1,1,1,,AP+AL+VF
2010_06_16,1,1,1,,AP+AL+VF
2010_06_17,1,1,1,,AP+AL+VF
2010_06_18,1,1,1,,AP+AL+VF
2010_06_19,1,1,1,,AP+AL+VF
2010_06_20,1,1,1,,AP+AL+VF
2010_06_21,1,1,1,,AP+AL+VF
2010_06_22,1,1,1,,AP+AL+VF
2010_06_23,1,1,1,,AP+AL+VF
2010_06_24,1,1,1,,AP+AL+VF
2010_06_25,1,1,1,,AP+AL+VF
2010_06_26,1,1,1,,AP+AL+VF
2010_06_27,1,1,1,,AP+AL+VF
2010_06_28,1,1,1,,AP+AL+VF
2010_06_29,1,1,1,,AP+AL+VF
2010_06_30,1,1,1,,AP+AL+VF
2010_07_01,1,1,1,,AP+AL+VF
2010_07_02,1,1,1,,AP+AL+VF
2010_07_03,1,1,1,,AP+AL+VF
2010_07_04,1,1,1,,AP+AL+VF
2010_07_05,1,1,1,,AP+AL+VF
2010_07_06,1,1,1,,AP+AL+VF
2010_07_07,1,1,1,,AP+AL+VF
2010_07_08,1,1,1,,AP+AL+VF
2010_07_09,1,1,1,,AP+AL+VF
2010_07_10,1,1,1,,AP+AL+VF
2010_07_11,1,1,1,,AP+AL+VF
2010_07_12,1,1,1,,AP+AL+VF
2010_07_13,1,1,1,,AP+AL+VF
2010_07_14,1,1,1,,AP+AL+VF
2010_07_15,1,1,1,,AP+AL+VF
2010_07_16,1,1,1,,AP+AL+VF
2010_07_17,1,1,1,,AP+AL+VF
2010_07_18,1,1,1,,AP+AL+VF
2010_07_19,1,1,1,,AP+AL+VF
2010_07_20,1,1,1,,AP+AL+VF
2010_07_21,1,1,1,,AP+AL+VF
2010_07_22,1,1,1,,AP+AL+VF
2010_07_23,1,1,1,,AP+AL+VF
2010_07_24,1,1,1,,AP+AL+VF
2010_07_25,1,1,1,,AP+AL+VF
2010_07_26,1,1,1,,AP+AL+VF
2010_07_27,1,1,1,,AP+AL+VF
2010_07_28,1,1,1,,AP+AL+VF
2010_07_29,1,1,1,,AP+AL+VF
2010_07_30,1,1,1,,AP+AL+VF
2010_07_31,1,1,1,,AP+AL+VF
2010_08_01,1,1,1,,AP+AL+VF
2010_08_02,1,1,1,,AP+AL+VF
2010_08_03,0,0,0,AP+AL+VF,
2010_08_04,0,0,0,AP+AL+VF,
2010_08_05,1,1,1,,AP+AL+VF
2010_08_06,1,1,1,,AP+AL+VF
2010_08_07,1,1,1,,AP+AL+VF
2010_08_08,1,1,1,,AP+AL+VF
2010_08_09,1,1,1,,AP+AL+VF
2010_08_10,1,1,1,,AP+AL+VF
2010_08_11,1,1,1,,AP+AL+VF
2010_08_12,1,1,1,,AP+AL+VF
2010_08_13,1,1,1,,AP+AL+VF
2010_08_14,1,1,1,,AP+AL+VF
2010_08_15,0,0,0,AP+AL+VF,
2010_08_16,1,1,1,,AP+AL+VF
2010_08_17,1,1,1,,AP+AL+VF
2010_08_18,1,1,1,,AP+AL+VF
2010_08_19,1,1,1,,AP+AL+VF
2010_08_20,1,1,1,,AP+AL+VF
2010_08_21,1,1,1,,AP+AL+VF
2010_08_22,1,1,1,,AP+AL+VF
2010_08_23,1,1,1,,AP+AL+VF
2010_08_24,1,1,1,,AP+AL+VF
2010_08_25,1,1,1,,AP+AL+VF
2010_08_26,1,1,1,,AP+AL+VF
2010_08_27,1,1,1,,AP+AL+VF
2010_08_28,1,1,1,,AP+AL+VF
2010_08_29,1,1,1,,AP+AL+VF
2010_08_30,1,1,1,,AP+AL+VF
2010_08_31,1,1,1,,AP+AL+VF
2010_09_01,1,1,1,,AP+AL+VF
2010_09_02,1,1,1,,AP+AL+VF
2010_09_03,1,1,1,,AP+AL+VF
2010_09_04,1,1,1,,AP+AL+VF
2010_09_05,1,1,1,,AP+AL+VF
2010_09_06,1,1,1,,AP+AL+VF
2010_09_07,1,1,1,,AP+AL+VF
2010_09_08,1,1,1,,AP+AL+VF
2010_09_09,1,1,1,,AP+AL+VF
2010_09_10,1,1,1,,AP+AL+VF
2010_09_11,1,1,1,,AP+AL+VF
2010_09_12,1,1,1,,AP+AL+VF
2010_09_13,1,1,1,,AP+AL+VF
2010_09_14,1,1,1,,AP+AL+VF
2010_09_15,1,1,1,,AP+AL+VF
2010_09_16,1,1,1,,AP+AL+VF
2010_09_17,1,1,1,,AP+AL+VF
2010_09_18,1,1,1,,AP+AL+VF
2010_09_19,1,1,1,,AP+AL+VF
2010_09_20,1,1,1,,AP+AL+VF
2010_09_21,1,1,1,,AP+AL+VF
2010_09_22,1,1,1,,AP+AL+VF
2010_09_23,1,1,1,,AP+AL+VF
2010_09_24,1,1,1,,AP+AL+VF
2010_09_25,1,1,1,,AP+AL+VF
2010_09_26,1,1,1,,AP+AL+VF
2010_09_27,1,1,1,,AP+AL+VF
2010_09_28,1,1,1,,AP+AL+VF
2010_09_29,1,1,1,,AP+AL+VF
2010_09_30,1,1,1,,AP+AL+VF
2010_10_01,1,1,1,,AP+AL+VF
2010_10_02,1,1,1,,AP+AL+VF
2010_10_03,1,1,1,,AP+AL+VF
2010_10_04,1,1,1,,AP+AL+VF
2010_10_05,1,1,1,,AP+AL+VF
2010_10_06,1,1,1,,AP+AL+VF
2010_10_07,1,1,1,,AP+AL+VF
2010_10_08,1,1,1,,AP+AL+VF
2010_10_09,1,1,1,,AP+AL+VF
2010_10_10,1,1,1,,AP+AL+VF
2010_10_11,1,1,1,,AP+AL+VF
2010_10_12,1,1,1,,AP+AL+VF
2010_10_13,1,1,1,,AP+AL+VF
2010_10_14,1,1,1,,AP+AL+VF
2010_10_15,1,1,1,,AP+AL+VF
2010_10_16,1,1,1,,AP+AL+VF
2010_10_17,1,1,1,,AP+AL+VF
2010_10_18,1,1,1,,AP+AL+VF
2010_10_19,1,1,1,,AP+AL+VF
2010_10_20,1,1,1,,AP+AL+VF
2010_10_21,1,1,1,,AP+AL+VF
2010_10_22,1,1,1,,AP+AL+VF
2010_10_23,1,1,1,,AP+AL+VF
2010_10_24,1,1,1,,AP+AL+VF
2010_10_25,1,1,1,,AP+AL+VF
2010_10_26,1,1,1,,AP+AL+VF
2010_10_27,1,1,1,,AP+AL+VF
2010_10_28,1,1,1,,AP+AL+VF
2010_10_29,1,1,1,,AP+AL+VF
2010_10_30,1,1,1,,AP+AL+VF
2010_10_31,1,1,1,,AP+AL+VF
2010_11_01,1,1,1,,AP+AL+VF
2010_11_02,1,1,1,,AP+AL+VF
2010_11_03,1,1,1,,AP+AL+VF
2010_11_04,1,1,1,,AP+AL+VF
2010_11_05,1,1,1,,AP+AL+VF
2010_11_06,1,1,1,,AP+AL+VF
2010_11_07,1,1,1,,AP+AL+VF
2010_11_08,1,1,1,,AP+AL+VF
2010_11_09,1,1,1,,AP+AL+VF
2010_11_10,1,1,1,,AP+AL+VF
2010_11_11,1,1,1,,AP+AL+VF
2010_11_12,1,1,1,,AP+AL+VF
2010_11_13,1,1,1,,AP+AL+VF
2010_11_14,1,1,1,,AP+AL+VF
2010_11_15,1,1,1,,AP+AL+VF
2010_11_16,1,1,1,,AP+AL+VF
2010_11_17,1,1,1,,AP+AL+VF
2010_11_18,1,1,1,,AP+AL+VF
2010_11_19,1,1,1,,AP+AL+VF
2010_11_20,1,1,1,,AP+AL+VF
2010_11_21,1,1,1,,AP+AL+VF
2010_11_22,1,1,1,,AP+AL+VF
2010_11_23,1,1,1,,AP+AL+VF
2010_11_24,1,1,1,,AP+AL+VF
2010_11_25,1,1,1,,AP+AL+VF
2010_11_26,1,1,1,,AP+AL+VF
2010_11_27,1,1,1,,AP+AL+VF
2010_11_28,1,1,1,,AP+AL+VF
2010_11_29,1,1,1,,AP+AL+VF
2010_11_30,1,1,1,,AP+AL+VF
2010_12_01,1,1,1,,AP+AL+VF
2010_12_02,1,1,1,,AP+AL+VF
2010_12_03,1,1,1,,AP+AL+VF
2010_12_04,1,1,1,,AP+AL+VF
2010_12_05,1,1,1,,AP+AL+VF
2010_12_06,1,1,1,,AP+AL+VF
2010_12_07,1,1,1,,AP+AL+VF
2010_12_08,1,1,1,,AP+AL+VF
2010_12_09,1,1,1,,AP+AL+VF
2010_12_10,1,1,1,,AP+AL+VF
2010_12_11,1,1,1,,AP+AL+VF
2010_12_12,1,1,1,,AP+AL+VF
2010_12_13,1,1,1,,AP+AL+VF
2010_12_14,1,1,1,,AP+AL+VF
2010_12_15,1,1,1,,AP+AL+VF
2010_12_16,1,1,1,,AP+AL+VF
2010_12_17,1,1,1,,AP+AL+VF
2010_12_18,1,1,1,,AP+AL+VF
2010_12_19,1,1,1,,AP+AL+VF
2010_12_20,1,1,1,,AP+AL+VF
2010_12_21,1,1,1,,AP+AL+VF
2010_12_22,1,1,1,,AP+AL+VF
2010_12_23,1,1,1,,AP+AL+VF
2010_12_24,1,1,1,,AP+AL+VF
2010_12_25,1,1,1,,AP+AL+VF
2010_12_26,1,1,1,,AP+AL+VF
2010_12_27,1,1,1,,AP+AL+VF
2010_12_28,1,1,1,,AP+AL+VF
2010_12_29,1,1,1,,AP+AL+VF
2010_12_30,1,1,1,,AP+AL+VF
2010_12_31,1,1,1,,AP+AL+VF
2011_01_01,1,1,1,,AP+AL+VF
2011_01_02,1,1,1,,AP+AL+VF
2011_01_03,1,1,1,,AP+AL+VF
2011_01_04,1,1,1,,AP+AL+VF
2011_01_05,1,1,1,,AP+AL+VF
2011_01_06,1,1,1,,AP+AL+VF
2011_01_07,1,1,1,,AP+AL+VF
2011_01_08,1,1,1,,AP+AL+VF
2011_01_09,1,1,1,,AP+AL+VF
2011_01_10,1,1,1,,AP+AL+VF
2011_01_11,1,1,1,,AP+AL+VF
2011_01_12,1,1,1,,AP+AL+VF
2011_01_13,1,1,1,,AP+AL+VF
2011_01_14,1,1,1,,AP+AL+VF
2011_01_15,1,1,1,,AP+AL+VF
2011_01_16,1,1,1,,AP+AL+VF
2011_01_17,1,1,1,,AP+AL+VF
2011_01_18,1,1,1,,AP+AL+VF
2011_01_19,1,1,1,,AP+AL+VF
2011_01_20,1,1,1,,AP+AL+VF
2011_01_21,1,1,1,,AP+AL+VF
2011_01_22,1,1,1,,AP+AL+VF
2011_01_23,1,1,1,,AP+AL+VF
2011_01_24,1,1,1,,AP+AL+VF
2011_01_25,1,1,1,,AP+AL+VF
2011_01_26,1,1,1,,AP+AL+VF
2011_01_27,1,1,1,,AP+AL+VF
2011_01_28,1,1,1,,AP+AL+VF
2011_01_29,1,1,1,,AP+AL+VF
2011_01_30,1,1,1,,AP+AL+VF
2011_01_31,1,1,1,,AP+AL+VF
2011_02_01,1,1,1,,AP+AL+VF
2011_02_02,1,1,1,,AP+AL+VF
2011_02_03,1,1,1,,AP+AL+VF
2011_02_04,1,1,1,,AP+AL+VF
2011_02_05,1,1,1,,AP+AL+VF
2011_02_06,1,1,1,,AP+AL+VF
2011_02_07,1,1,1,,AP+AL+VF
2011_02_08,1,1,1,,AP+AL+VF
2011_02_09,1,1,1,,AP+AL+VF
2011_02_10,1,1,1,,AP+AL+VF
2011_02_11,1,1,1,,AP+AL+VF
2011_02_12,1,1,1,,AP+AL+VF
2011_02_13,1,1,1,,AP+AL+VF
2011_02_14,1,1,1,,AP+AL+VF
2011_02_15,1,1,1,,AP+AL+VF
2011_02_16,1,1,1,,AP+AL+VF
2011_02_17,1,1,1,,AP+AL+VF
2011_02_18,1,1,1,,AP+AL+VF
2011_02_19,1,1,1,,AP+AL+VF
2011_02_20,1,1,1,,AP+AL+VF
2011_02_21,1,1,1,,AP+AL+VF
2011_02_22,1,1,1,,AP+AL+VF
2011_02_23,1,1,1,,AP+AL+VF
2011_02_24,1,1,1,,AP+AL+VF
2011_02_25,1,1,1,,AP+AL+VF
2011_02_26,1,1,1,,AP+AL+VF
2011_02_27,1,1,1,,AP+AL+VF
2011_02_28,1,1,1,,AP+AL+VF
2011_03_01,1,1,1,,AP+AL+VF
2011_03_02,1,1,1,,AP+AL+VF
2011_03_03,1,1,1,,AP+AL+VF
2011_03_04,1,1,1,,AP+AL+VF
2011_03_05,1,1,1,,AP+AL+VF
2011_03_06,1,1,1,,AP+AL+VF
2011_03_07,1,1,1,,AP+AL+VF
2011_03_08,0,0,0,AP+AL+VF,
2011_03_09,0,0,0,AP+AL+VF,
2011_03_10,0,0,0,AP+AL+VF,
2011_03_11,0,0,0,AP+AL+VF,
2011_03_12,0,0,0,AP+AL+VF,
2011_03_13,0,0,0,AP+AL+VF,
2011_03_14,1,1,1,,AP+AL+VF
2011_03_15,1,1,1,,AP+AL+VF
2011_03_16,1,1,1,,AP+AL+VF
2011_03_17,1,1,1,,AP+AL+VF
2011_03_18,1,1,1,,AP+AL+VF
2011_03_19,1,1,1,,AP+AL+VF
2011_03_20,1,1,1,,AP+AL+VF
2011_03_21,1,1,1,,AP+AL+VF
2011_03_22,1,1,1,,AP+AL+VF
2011_03_23,1,1,1,,AP+AL+VF
2011_03_24,1,1,1,,AP+AL+VF
2011_03_25,1,1,1,,AP+AL+VF
2011_03_26,1,1,1,,AP+AL+VF
2011_03_27,1,1,1,,AP+AL+VF
2011_03_28,1,1,1,,AP+AL+VF
2011_03_29,1,1,1,,AP+AL+VF
2011_03_30,1,1,1,,AP+AL+VF
2011_03_31,1,1,1,,AP+AL+VF
2011_04_01,1,1,1,,AP+AL+VF
2011_04_02,1,1,1,,AP+AL+VF
2011_04_03,1,1,1,,AP+AL+VF
2011_04_04,1,1,1,,AP+AL+VF
2011_04_05,1,1,1,,AP+AL+VF
2011_04_06,1,1,1,,AP+AL+VF
2011_04_07,1,1,1,,AP+AL+VF
2011_04_08,1,1,1,,AP+AL+VF
2011_04_09,1,1,1,,AP+AL+VF
2011_04_10,1,1,1,,AP+AL+VF
2011_04_11,1,1,1,,AP+AL+VF
2011_04_12,1,1,1,,AP+AL+VF
2011_04_13,1,1,1,,AP+AL+VF
2011_04_14,1,1,1,,AP+AL+VF
2011_04_15,1,1,1,,AP+AL+VF
2011_04_16,1,1,1,,AP+AL+VF
2011_04_17,1,1,1,,AP+AL+VF
2011_04_18,1,1,1,,AP+AL+VF
2011_04_19,1,1,1,,AP+AL+VF
2011_04_20,1,1,1,,AP+AL+VF
2011_04_21,1,1,1,,AP+AL+VF
2011_04_22,1,1,1,,AP+AL+VF
2011_04_23,1,1,1,,AP+AL+VF
2011_04_24,1,1,1,,AP+AL+VF
2011_04_25,1,1,1,,AP+AL+VF
2011_04_26,1,1,1,,AP+AL+VF
2011_04_27,1,1,1,,AP+AL+VF
2011_04_28,1,1,1,,AP+AL+VF
2011_04_29,1,1,1,,AP+AL+VF
2011_04_30,1,1,1,,AP+AL+VF
2011_05_01,1,1,1,,AP+AL+VF
2011_05_02,1,1,1,,AP+AL+VF
2011_05_03,1,1,1,,AP+AL+VF
2011_05_04,1,1,1,,AP+AL+VF
2011_05_05,1,1,1,,AP+AL+VF
2011_05_06,1,1,1,,AP+AL+VF
2011_05_07,1,1,1,,AP+AL+VF
2011_05_08,1,1,1,,AP+AL+VF
2011_05_09,1,1,1,,AP+AL+VF
2011_05_10,1,1,1,,AP+AL+VF
2011_05_11,1,1,1,,AP+AL+VF
2011_05_12,1,1,1,,AP+AL+VF
2011_05_13,1,1,1,,AP+AL+VF
2011_05_14,1,1,1,,AP+AL+VF
2011_05_15,1,1,1,,AP+AL+VF
2011_05_16,1,1,1,,AP+AL+VF
2011_05_17,1,1,1,,AP+AL+VF
2011_05_18,1,1,1,,AP+AL+VF
2011_05_19,1,1,1,,AP+AL+VF
2011_05_20,1,1,1,,AP+AL+VF
2011_05_21,1,1,1,,AP+AL+VF
2011_05_22,1,1,1,,AP+AL+VF
2011_05_23,1,1,1,,AP+AL+VF
2011_05_24,1,1,1,,AP+AL+VF
2011_05_25,1,1,1,,AP+AL+VF
2011_05_26,1,1,1,,AP+AL+VF
2011_05_27,1,1,1,,AP+AL+VF
2011_05_28,1,1,1,,AP+AL+VF
2011_05_29,1,1,1,,AP+AL+VF
2011_05_30,1,1,1,,AP+AL+VF
2011_05_31,1,1,1,,AP+AL+VF
2011_06_01,1,1,1,,AP+AL+VF
2011_06_02,1,1,1,,AP+AL+VF
2011_06_03,1,1,1,,AP+AL+VF
2011_06_04,0,0,0,AP+AL+VF,
2011_06_05,1,1,1,,AP+AL+VF
2011_06_06,1,0,0,AL+VF,AP
2011_06_07,0,0,0,AP+AL+VF,
2011_06_08,0,0,0,AP+AL+VF,
2011_06_09,0,0,0,AP+AL+VF,
2011_06_10,0,0,0,AP+AL+VF,
2011_06_11,0,0,0,AP+AL+VF,
2011_06_12,0,0,0,AP+AL+VF,
2011_06_13,0,0,0,AP+AL+VF,
2011_06_14,0,0,0,AP+AL+VF,
2011_06_15,1,1,1,,AP+AL+VF
2011_06_16,1,1,1,,AP+AL+VF
2011_06_17,1,1,1,,AP+AL+VF
2011_06_18,1,1,1,,AP+AL+VF
2011_06_19,1,1,1,,AP+AL+VF
2011_06_20,1,1,1,,AP+AL+VF
2011_06_21,1,1,1,,AP+AL+VF
2011_06_22,1,1,1,,AP+AL+VF
2011_06_23,1,1,1,,AP+AL+VF
2011_06_24,1,1,1,,AP+AL+VF
2011_06_25,1,1,1,,AP+AL+VF
2011_06_26,1,1,1,,AP+AL+VF
2011_06_27,1,1,1,,AP+AL+VF
2011_06_28,1,1,1,,AP+AL+VF
2011_06_29,1,1,1,,AP+AL+VF
2011_06_30,1,1,1,,AP+AL+VF
2011_07_01,1,1,1,,AP+AL+VF
2011_07_02,1,1,1,,AP+AL+VF
2011_07_03,1,1,1,,AP+AL+VF
2011_07_04,1,1,1,,AP+AL+VF
2011_07_05,1,1,1,,AP+AL+VF
2011_07_06,1,1,1,,AP+AL+VF
2011_07_07,1,1,1,,AP+AL+VF
2011_07_08,1,1,1,,AP+AL+VF
2011_07_09,1,1,1,,AP+AL+VF
2011_07_10,1,1,1,,AP+AL+VF
2011_07_11,1,1,1,,AP+AL+VF
2011_07_12,1,1,1,,AP+AL+VF
2011_07_13,1,1,1,,AP+AL+VF
2011_07_14,1,1,1,,AP+AL+VF
2011_07_15,1,1,1,,AP+AL+VF
2011_07_16,1,1,1,,AP+AL+VF
2011_07_17,1,1,1,,AP+AL+VF
2011_07_18,1,1,1,,AP+AL+VF
2011_07_19,1,1,1,,AP+AL+VF
2011_07_20,1,1,1,,AP+AL+VF
2011_07_21,1,1,1,,AP+AL+VF
2011_07_22,1,1,1,,AP+AL+VF
2011_07_23,1,1,1,,AP+AL+VF
2011_07_24,1,1,1,,AP+AL+VF
2011_07_25,1,1,1,,AP+AL+VF
2011_07_26,1,1,1,,AP+AL+VF
2011_07_27,1,1,1,,AP+AL+VF
2011_07_28,1,1,1,,AP+AL+VF
2011_07_29,1,1,1,,AP+AL+VF
2011_07_30,1,1,1,,AP+AL+VF
2011_07_31,1,1,1,,AP+AL+VF
2011_08_01,1,1,1,,AP+AL+VF
2011_08_02,1,1,1,,AP+AL+VF
2011_08_03,1,1,1,,AP+AL+VF
2011_08_04,0,0,0,AP+AL+VF,
2011_08_05,0,0,0,AP+AL+VF,
2011_08_06,0,0,0,AP+AL+VF,
2011_08_07,0,0,0,AP+AL+VF,
2011_08_08,0,0,0,AP+AL+VF,
2011_08_09,0,0,0,AP+AL+VF,
2011_08_10,1,1,1,,AP+AL+VF
2011_08_11,1,1,1,,AP+AL+VF
2011_08_12,1,1,1,,AP+AL+VF
2011_08_13,1,1,1,,AP+AL+VF
2011_08_14,1,1,1,,AP+AL+VF
2011_08_15,1,1,1,,AP+AL+VF
2011_08_16,1,1,1,,AP+AL+VF
2011_08_17,1,1,1,,AP+AL+VF
2011_08_18,1,1,1,,AP+AL+VF
2011_08_19,1,1,1,,AP+AL+VF
2011_08_20,1,1,1,,AP+AL+VF
2011_08_21,1,1,1,,AP+AL+VF
2011_08_22,1,1,1,,AP+AL+VF
2011_08_23,1,1,1,,AP+AL+VF
2011_08_24,1,1,1,,AP+AL+VF
2011_08_25,1,1,1,,AP+AL+VF
2011_08_26,1,1,1,,AP+AL+VF
2011_08_27,1,1,1,,AP+AL+VF
2011_08_28,1,1,1,,AP+AL+VF
2011_08_29,1,1,1,,AP+AL+VF
2011_08_30,1,1,1,,AP+AL+VF
2011_08_31,1,1,1,,AP+AL+VF
2011_09_01,1,1,1,,AP+AL+VF
2011_09_02,1,1,1,,AP+AL+VF
2011_09_03,1,1,1,,AP+AL+VF
2011_09_04,1,1,1,,AP+AL+VF
2011_09_05,1,1,1,,AP+AL+VF
2011_09_06,1,1,1,,AP+AL+VF
2011_09_07,1,1,1,,AP+AL+VF
2011_09_08,1,1,1,,AP+AL+VF
2011_09_09,1,1,1,,AP+AL+VF
2011_09_10,1,1,1,,AP+AL+VF
2011_09_11,1,1,1,,AP+AL+VF
2011_09_12,1,1,1,,AP+AL+VF
2011_09_13,1,1,1,,AP+AL+VF
2011_09_14,1,1,1,,AP+AL+VF
2011_09_15,1,1,1,,AP+AL+VF
2011_09_16,1,1,1,,AP+AL+VF
2011_09_17,1,1,1,,AP+AL+VF
2011_09_18,1,1,1,,AP+AL+VF
2011_09_19,1,1,1,,AP+AL+VF
2011_09_20,1,1,1,,AP+AL+VF
2011_09_21,1,1,1,,AP+AL+VF
2011_09_22,1,1,1,,AP+AL+VF
2011_09_23,0,0,0,AP+AL+VF,
2011_09_24,0,0,0,AP+AL+VF,
2011_09_25,0,0,0,AP+AL+VF,
2011_09_26,0,0,0,AP+AL+VF,
2011_09_27,0,0,0,AP+AL+VF,
2011_09_28,0,0,0,AP+AL+VF,
2011_09_29,1,1,1,,AP+AL+VF
2011_09_30,1,1,1,,AP+AL+VF
2011_10_01,1,1,1,,AP+AL+VF
2011_10_02,1,1,1,,AP+AL+VF
2011_10_03,1,1,1,,AP+AL+VF
2011_10_04,1,1,1,,AP+AL+VF
2011_10_05,1,1,1,,AP+AL+VF
2011_10_06,1,1,1,,AP+AL+VF
2011_10_07,1,1,1,,AP+AL+VF
2011_10_08,1,1,1,,AP+AL+VF
2011_10_09,1,1,1,,AP+AL+VF
2011_10_10,1,1,1,,AP+AL+VF
2011_10_11,1,1,1,,AP+AL+VF
2011_10_12,1,1,1,,AP+AL+VF
2011_10_13,1,1,1,,AP+AL+VF
2011_10_14,1,1,1,,AP+AL+VF
2011_10_15,1,1,1,,AP+AL+VF
2011_10_16,1,1,1,,AP+AL+VF
2011_10_17,1,1,1,,AP+AL+VF
2011_10_18,1,1,1,,AP+AL+VF
2011_10_19,1,1,1,,AP+AL+VF
2011_10_20,1,1,1,,AP+AL+VF
2011_10_21,1,1,1,,AP+AL+VF
2011_10_22,1,1,1,,AP+AL+VF
2011_10_23,1,1,1,,AP+AL+VF
2011_10_24,1,1,1,,AP+AL+VF
2011_10_25,1,1,1,,AP+AL+VF
2011_10_26,1,1,1,,AP+AL+VF
2011_10_27,1,1,1,,AP+AL+VF
2011_10_28,1,1,1,,AP+AL+VF
2011_10_29,1,1,1,,AP+AL+VF
2011_10_30,1,1,1,,AP+AL+VF
2011_10_31,1,1,1,,AP+AL+VF
2011_11_01,1,1,1,,AP+AL+VF
2011_11_02,1,1,1,,AP+AL+VF
2011_11_03,1,1,1,,AP+AL+VF
2011_11_04,1,1,1,,AP+AL+VF
2011_11_05,1,1,1,,AP+AL+VF
2011_11_06,1,1,1,,AP+AL+VF
2011_11_07,1,1,1,,AP+AL+VF
2011_11_08,1,1,1,,AP+AL+VF
2011_11_09,1,1,1,,AP+AL+VF
2011_11_10,1,1,1,,AP+AL+VF
2011_11_11,1,1,1,,AP+AL+VF
2011_11_12,1,1,1,,AP+AL+VF
2011_11_13,1,1,1,,AP+AL+VF
2011_11_14,1,1,1,,AP+AL+VF
2011_11_15,1,1,1,,AP+AL+VF
2011_11_16,1,1,1,,AP+AL+VF
2011_11_17,1,1,1,,AP+AL+VF
2011_11_18,1,1,1,,AP+AL+VF
2011_11_19,1,1,1,,AP+AL+VF
2011_11_20,1,1,1,,AP+AL+VF
2011_11_21,1,1,1,,AP+AL+VF
2011_11_22,1,1,1,,AP+AL+VF
2011_11_23,1,1,1,,AP+AL+VF
2011_11_24,1,1,1,,AP+AL+VF
2011_11_25,1,1,1,,AP+AL+VF
2011_11_26,1,1,1,,AP+AL+VF
2011_11_27,1,1,1,,AP+AL+VF
2011_11_28,0,0,0,AP+AL+VF,
2011_11_29,1,1,1,,AP+AL+VF
2011_11_30,1,1,1,,AP+AL+VF
2011_12_01,1,1,1,,AP+AL+VF
2011_12_02,1,1,1,,AP+AL+VF
2011_12_03,1,1,1,,AP+AL+VF
2011_12_04,1,1,1,,AP+AL+VF
2011_12_05,1,1,1,,AP+AL+VF
2011_12_06,1,1,1,,AP+AL+VF
2011_12_07,1,1,1,,AP+AL+VF
2011_12_08,1,1,1,,AP+AL+VF
2011_12_09,1,1,1,,AP+AL+VF
2011_12_10,1,1,1,,AP+AL+VF
2011_12_11,1,1,1,,AP+AL+VF
2011_12_12,1,1,1,,AP+AL+VF
2011_12_13,1,1,1,,AP+AL+VF
2011_12_14,1,1,1,,AP+AL+VF
2011_12_15,1,1,1,,AP+AL+VF
2011_12_16,1,1,1,,AP+AL+VF
2011_12_17,1,1,1,,AP+AL+VF
2011_12_18,1,1,1,,AP+AL+VF
2011_12_19,1,1,1,,AP+AL+VF
2011_12_20,1,1,1,,AP+AL+VF
2011_12_21,1,1,1,,AP+AL+VF
2011_12_22,1,1,1,,AP+AL+VF
2011_12_23,1,1,1,,AP+AL+VF
2011_12_24,1,1,1,,AP+AL+VF
2011_12_25,1,1,1,,AP+AL+VF
2011_12_26,1,1,1,,AP+AL+VF
2011_12_27,1,1,1,,AP+AL+VF
2011_12_28,1,1,1,,AP+AL+VF
2011_12_29,1,1,1,,AP+AL+VF
2011_12_30,1,1,1,,AP+AL+VF
2011_12_31,1,1,1,,AP+AL+VF
2012_01_01,1,1,1,,AP+AL+VF
2012_01_02,1,1,1,,AP+AL+VF
2012_01_03,1,1,1,,AP+AL+VF
2012_01_04,1,1,1,,AP+AL+VF
2012_01_05,1,1,1,,AP+AL+VF
2012_01_06,1,1,1,,AP+AL+VF
2012_01_07,1,1,1,,AP+AL+VF
2012_01_08,1,1,1,,AP+AL+VF
2012_01_09,1,1,1,,AP+AL+VF
2012_01_10,1,1,1,,AP+AL+VF
2012_01_11,1,1,1,,AP+AL+VF
2012_01_12,1,1,1,,AP+AL+VF
2012_01_13,1,1,1,,AP+AL+VF
2012_01_14,1,1,1,,AP+AL+VF
2012_01_15,1,1,1,,AP+AL+VF
2012_01_16,1,1,1,,AP+AL+VF
2012_01_17,1,1,1,,AP+AL+VF
2012_01_18,1,1,1,,AP+AL+VF
2012_01_19,1,1,1,,AP+AL+VF
2012_01_20,1,1,1,,AP+AL+VF
2012_01_21,1,1,1,,AP+AL+VF
2012_01_22,1,1,1,,AP+AL+VF
2012_01_23,0,0,0,AP+AL+VF,
2012_01_24,0,0,0,AP+AL+VF,
2012_01_25,0,0,0,AP+AL+VF,
2012_01_26,0,0,0,AP+AL+VF,
2012_01_27,0,0,0,AP+AL+VF,
2012_01_28,0,0,0,AP+AL+VF,
2012_01_29,0,0,0,AP+AL+VF,
2012_01_30,0,0,0,AP+AL+VF,
2012_01_31,0,0,0,AP+AL+VF,
2012_02_01,0,0,0,AP+AL+VF,
2012_02_02,0,0,0,AP+AL+VF,
2012_02_03,1,1,1,,AP+AL+VF
2012_02_04,1,1,1,,AP+AL+VF
2012_02_05,1,1,1,,AP+AL+VF
2012_02_06,1,1,1,,AP+AL+VF
2012_02_07,1,1,1,,AP+AL+VF
2012_02_08,1,1,1,,AP+AL+VF
2012_02_09,1,1,1,,AP+AL+VF
2012_02_10,1,1,1,,AP+AL+VF
2012_02_11,1,1,1,,AP+AL+VF
2012_02_12,1,1,1,,AP+AL+VF
2012_02_13,1,1,1,,AP+AL+VF
2012_02_14,1,1,1,,AP+AL+VF
2012_02_15,1,1,1,,AP+AL+VF
2012_02_16,1,1,1,,AP+AL+VF
2012_02_17,1,1,1,,AP+AL+VF
2012_02_18,1,1,1,,AP+AL+VF
2012_02_19,1,1,1,,AP+AL+VF
2012_02_20,1,1,1,,AP+AL+VF
2012_02_21,1,1,1,,AP+AL+VF
2012_02_22,1,1,1,,AP+AL+VF
2012_02_23,1,1,1,,AP+AL+VF
2012_02_24,1,1,1,,AP+AL+VF
2012_02_25,1,1,1,,AP+AL+VF
2012_02_26,1,1,1,,AP+AL+VF
2012_02_27,1,1,1,,AP+AL+VF
2012_02_28,1,1,1,,AP+AL+VF
2012_02_29,1,1,1,,AP+AL+VF
2012_03_01,1,1,1,,AP+AL+VF
2012_03_02,1,1,1,,AP+AL+VF
2012_03_03,1,1,1,,AP+AL+VF
2012_03_04,1,1,1,,AP+AL+VF
2012_03_05,1,1,1,,AP+AL+VF
2012_03_06,1,1,1,,AP+AL+VF
2012_03_07,0,0,0,AP+AL+VF,
2012_03_08,0,0,0,AP+AL+VF,
2012_03_09,0,0,0,AP+AL+VF,
2012_03_10,0,0,0,AP+AL+VF,
2012_03_11,0,0,0,AP+AL+VF,
2012_03_12,0,0,0,AP+AL+VF,
2012_03_13,0,0,0,AP+AL+VF,
2012_03_14,0,0,0,AP+AL+VF,
2012_03_15,0,0,0,AP+AL+VF,
2012_03_16,0,0,0,AP+AL+VF,
2012_03_17,0,0,0,AP+AL+VF,
2012_03_18,0,0,0,AP+AL+VF,
2012_03_19,0,0,0,AP+AL+VF,
2012_03_20,1,1,1,,AP+AL+VF
2012_03_21,1,1,1,,AP+AL+VF
2012_03_22,1,1,1,,AP+AL+VF
2012_03_23,1,1,1,,AP+AL+VF
2012_03_24,1,1,1,,AP+AL+VF
2012_03_25,1,1,1,,AP+AL+VF
2012_03_26,1,1,1,,AP+AL+VF
2012_03_27,1,1,1,,AP+AL+VF
2012_03_28,1,1,1,,AP+AL+VF
2012_03_29,1,1,1,,AP+AL+VF
2012_03_30,1,1,1,,AP+AL+VF
2012_03_31,1,1,1,,AP+AL+VF
2012_04_01,1,1,1,,AP+AL+VF
2012_04_02,1,1,1,,AP+AL+VF
2012_04_03,1,1,1,,AP+AL+VF
2012_04_04,1,1,1,,AP+AL+VF
2012_04_05,1,1,1,,AP+AL+VF
2012_04_06,1,1,1,,AP+AL+VF
2012_04_07,1,1,1,,AP+AL+VF
2012_04_08,1,1,1,,AP+AL+VF
2012_04_09,1,1,1,,AP+AL+VF
2012_04_10,1,1,1,,AP+AL+VF
2012_04_11,1,1,1,,AP+AL+VF
2012_04_12,1,1,1,,AP+AL+VF
2012_04_13,1,1,1,,AP+AL+VF
2012_04_14,1,1,1,,AP+AL+VF
2012_04_15,1,1,1,,AP+AL+VF
2012_04_16,1,1,1,,AP+AL+VF
2012_04_17,1,1,1,,AP+AL+VF
2012_04_18,1,1,1,,AP+AL+VF
2012_04_19,1,1,1,,AP+AL+VF
2012_04_20,1,1,1,,AP+AL+VF
2012_04_21,1,1,1,,AP+AL+VF
2012_04_22,1,1,1,,AP+AL+VF
2012_04_23,1,1,1,,AP+AL+VF
2012_04_24,1,1,1,,AP+AL+VF
2012_04_25,1,1,1,,AP+AL+VF
2012_04_26,1,1,1,,AP+AL+VF
2012_04_27,1,1,1,,AP+AL+VF
2012_04_28,1,1,1,,AP+AL+VF
2012_04_29,1,1,1,,AP+AL+VF
2012_04_30,1,1,1,,AP+AL+VF
2012_05_01,1,1,1,,AP+AL+VF
2012_05_02,1,1,1,,AP+AL+VF
2012_05_03,1,1,1,,AP+AL+VF
2012_05_04,1,1,1,,AP+AL+VF
2012_05_05,1,1,1,,AP+AL+VF
2012_05_06,1,1,1,,AP+AL+VF
2012_05_07,1,1,1,,AP+AL+VF
2012_05_08,1,1,1,,AP+AL+VF
2012_05_09,1,1,0,VF,AP+AL
2012_05_10,1,1,0,VF,AP+AL
2012_05_11,1,1,0,VF,AP+AL
2012_05_12,1,1,0,VF,AP+AL
2012_05_13,1,1,0,VF,AP+AL
2012_05_14,1,1,0,VF,AP+AL
2012_05_15,1,1,0,VF,AP+AL
2012_05_16,1,1,0,VF,AP+AL
2012_05_17,0,0,0,AP+AL+VF,
2012_05_18,0,0,0,AP+AL+VF,
2012_05_19,0,0,0,AP+AL+VF,
2012_05_20,0,0,0,AP+AL+VF,
2012_05_21,0,0,0,AP+AL+VF,
2012_05_22,1,1,0,VF,AP+AL
2012_05_23,1,1,0,VF,AP+AL
2012_05_24,1,1,0,VF,AP+AL
2012_05_25,1,1,0,VF,AP+AL
2012_05_26,1,1,0,VF,AP+AL
2012_05_27,1,1,0,VF,AP+AL
2012_05_28,1,1,0,VF,AP+AL
2012_05_29,1,1,0,VF,AP+AL
2012_05_30,1,1,0,VF,AP+AL
2012_05_31,1,1,0,VF,AP+AL
2012_06_01,1,1,0,VF,AP+AL
2012_06_02,1,1,0,VF,AP+AL
2012_06_03,1,1,0,VF,AP+AL
2012_06_04,1,1,0,VF,AP+AL
2012_06_05,1,1,0,VF,AP+AL
2012_06_06,1,1,0,VF,AP+AL
2012_06_07,1,1,0,VF,AP+AL
2012_06_08,1,1,0,VF,AP+AL
2012_06_09,1,1,0,VF,AP+AL
2012_06_10,1,1,0,VF,AP+AL
2012_06_11,1,1,0,VF,AP+AL
2012_06_12,1,1,0,VF,AP+AL
2012_06_13,1,1,0,VF,AP+AL
2012_06_14,1,1,0,VF,AP+AL
2012_06_15,1,1,0,VF,AP+AL
2012_06_16,1,1,0,VF,AP+AL
2012_06_17,1,1,0,VF,AP+AL
2012_06_18,1,1,0,VF,AP+AL
2012_06_19,1,1,0,VF,AP+AL
2012_06_20,1,1,0,VF,AP+AL
2012_06_21,1,1,0,VF,AP+AL
2012_06_22,1,1,0,VF,AP+AL
2012_06_23,1,1,0,VF,AP+AL
2012_06_24,1,1,0,VF,AP+AL
2012_06_25,1,1,0,VF,AP+AL
2012_06_26,1,1,0,VF,AP+AL
2012_06_27,1,1,0,VF,AP+AL
2012_06_28,1,1,0,VF,AP+AL
2012_06_29,1,1,0,VF,AP+AL
2012_06_30,1,1,0,VF,AP+AL
2012_07_01,1,1,0,VF,AP+AL
2012_07_02,1,1,0,VF,AP+AL
2012_07_03,1,1,0,VF,AP+AL
2012_07_04,1,1,0,VF,AP+AL
2012_07_05,1,1,0,VF,AP+AL
2012_07_06,1,1,0,VF,AP+AL
2012_07_07,1,1,0,VF,AP+AL
2012_07_08,1,1,0,VF,AP+AL
2012_07_09,1,1,0,VF,AP+AL
2012_07_10,1,1,0,VF,AP+AL
2012_07_11,1,1,0,VF,AP+AL
2012_07_12,1,1,0,VF,AP+AL
2012_07_13,1,1,0,VF,AP+AL
2012_07_14,0,0,0,AP+AL+VF,
2012_07_15,0,0,0,AP+AL+VF,
2012_07_16,0,0,0,AP+AL+VF,
2012_07_17,1,1,0,VF,AP+AL
2012_07_18,1,1,0,VF,AP+AL
2012_07_19,0,0,0,AP+AL+VF,
2012_07_20,0,0,0,AP+AL+VF,
2012_07_21,0,0,0,AP+AL+VF,
2012_07_22,0,0,0,AP+AL+VF,
2012_07_23,1,1,0,VF,AP+AL
2012_07_24,1,1,0,VF,AP+AL
2012_07_25,1,1,0,VF,AP+AL
2012_07_26,0,0,0,AP+AL+VF,
2012_07_27,0,0,0,AP+AL+VF,
2012_07_28,1,1,0,VF,AP+AL
2012_07_29,1,1,0,VF,AP+AL
2012_07_30,1,1,0,VF,AP+AL
2012_07_31,1,1,0,VF,AP+AL
2012_08_01,1,1,0,VF,AP+AL
2012_08_02,1,1,0,VF,AP+AL
2012_08_03,1,1,0,VF,AP+AL
2012_08_04,1,1,0,VF,AP+AL
2012_08_05,1,1,0,VF,AP+AL
2012_08_06,1,1,0,VF,AP+AL
2012_08_07,1,1,0,VF,AP+AL
2012_08_08,1,1,0,VF,AP+AL
2012_08_09,1,1,0,VF,AP+AL
2012_08_10,1,1,0,VF,AP+AL
2012_08_11,1,1,0,VF,AP+AL
2012_08_12,1,1,0,VF,AP+AL
2012_08_13,1,1,0,VF,AP+AL
2012_08_14,1,1,0,VF,AP+AL
2012_08_15,1,1,0,VF,AP+AL
2012_08_16,1,1,0,VF,AP+AL
2012_08_17,1,1,0,VF,AP+AL
2012_08_18,1,1,0,VF,AP+AL
2012_08_19,1,1,0,VF,AP+AL
2012_08_20,1,1,0,VF,AP+AL
2012_08_21,1,1,0,VF,AP+AL
2012_08_22,1,1,0,VF,AP+AL
2012_08_23,1,1,0,VF,AP+AL
2012_08_24,1,1,0,VF,AP+AL
2012_08_25,1,1,0,VF,AP+AL
2012_08_26,1,1,0,VF,AP+AL
2012_08_27,1,1,0,VF,AP+AL
2012_08_28,1,1,0,VF,AP+AL
2012_08_29,1,1,0,VF,AP+AL
2012_08_30,1,1,0,VF,AP+AL
2012_08_31,1,1,0,VF,AP+AL
2012_09_01,1,1,0,VF,AP+AL
2012_09_02,1,1,0,VF,AP+AL
2012_09_03,1,1,0,VF,AP+AL
2012_09_04,0,0,0,AP+AL+VF,
2012_09_05,1,1,0,VF,AP+AL
2012_09_06,1,1,0,VF,AP+AL
2012_09_07,1,1,0,VF,AP+AL
2012_09_08,1,1,0,VF,AP+AL
2012_09_09,1,1,0,VF,AP+AL
2012_09_10,1,1,0,VF,AP+AL
2012_09_11,1,1,0,VF,AP+AL
2012_09_12,1,1,0,VF,AP+AL
2012_09_13,1,1,0,VF,AP+AL
2012_09_14,1,1,0,VF,AP+AL
2012_09_15,1,1,0,VF,AP+AL
2012_09_16,1,1,0,VF,AP+AL
2012_09_17,1,1,0,VF,AP+AL
2012_09_18,1,1,0,VF,AP+AL
2012_09_19,1,1,0,VF,AP+AL
2012_09_20,1,1,0,VF,AP+AL
2012_09_21,1,1,0,VF,AP+AL
2012_09_22,1,1,0,VF,AP+AL
2012_09_23,1,1,0,VF,AP+AL
2012_09_24,1,1,0,VF,AP+AL
2012_09_25,1,1,0,VF,AP+AL
2012_09_26,1,1,0,VF,AP+AL
2012_09_27,1,1,0,VF,AP+AL
2012_09_28,1,1,0,VF,AP+AL
2012_09_29,1,1,0,VF,AP+AL
2012_09_30,1,1,0,VF,AP+AL
2012_10_01,1,1,0,VF,AP+AL
2012_10_02,1,1,0,VF,AP+AL
2012_10_03,1,1,0,VF,AP+AL
2012_10_04,1,1,0,VF,AP+AL
2012_10_05,1,1,0,VF,AP+AL
2012_10_06,1,1,0,VF,AP+AL
2012_10_07,1,1,0,VF,AP+AL
2012_10_08,1,1,0,VF,AP+AL
2012_10_09,1,1,0,VF,AP+AL
2012_10_10,1,1,0,VF,AP+AL
2012_10_11,1,1,0,VF,AP+AL
2012_10_12,1,1,0,VF,AP+AL
2012_10_13,1,1,0,VF,AP+AL
2012_10_14,1,1,0,VF,AP+AL
2012_10_15,1,1,0,VF,AP+AL
2012_10_16,1,1,0,VF,AP+AL
2012_10_17,1,1,0,VF,AP+AL
2012_10_18,1,1,0,VF,AP+AL
2012_10_19,1,1,0,VF,AP+AL
2012_10_20,1,1,0,VF,AP+AL
2012_10_21,1,1,0,VF,AP+AL
2012_10_22,1,1,0,VF,AP+AL
2012_10_23,1,1,0,VF,AP+AL
2012_10_24,1,1,0,VF,AP+AL
2012_10_25,1,1,0,VF,AP+AL
2012_10_26,1,1,0,VF,AP+AL
2012_10_27,1,1,0,VF,AP+AL
2012_10_28,1,1,0,VF,AP+AL
2012_10_29,1,1,0,VF,AP+AL
2012_10_30,1,1,0,VF,AP+AL
2012_10_31,1,1,0,VF,AP+AL
2012_11_01,1,1,0,VF,AP+AL
2012_11_02,1,1,0,VF,AP+AL
2012_11_03,1,1,0,VF,AP+AL
2012_11_04,1,1,0,VF,AP+AL
2012_11_05,1,1,0,VF,AP+AL
2012_11_06,1,1,0,VF,AP+AL
2012_11_07,1,1,0,VF,AP+AL
2012_11_08,1,1,0,VF,AP+AL
2012_11_09,1,1,0,VF,AP+AL
2012_11_10,1,1,0,VF,AP+AL
2012_11_11,1,1,0,VF,AP+AL
2012_11_12,1,1,0,VF,AP+AL
2012_11_13,1,1,0,VF,AP+AL
2012_11_14,1,1,0,VF,AP+AL
2012_11_15,1,1,0,VF,AP+AL
2012_11_16,1,1,0,VF,AP+AL
2012_11_17,1,1,0,VF,AP+AL
2012_11_18,1,1,0,VF,AP+AL
2012_11_19,1,1,0,VF,AP+AL
2012_11_20,1,1,0,VF,AP+AL
2012_11_21,1,1,0,VF,AP+AL
2012_11_22,1,1,0,VF,AP+AL
2012_11_23,1,1,0,VF,AP+AL
2012_11_24,1,1,0,VF,AP+AL
2012_11_25,1,1,0,VF,AP+AL
2012_11_26,1,1,0,VF,AP+AL
2012_11_27,1,1,0,VF,AP+AL
2012_11_28,1,1,0,VF,AP+AL
2012_11_29,1,1,0,VF,AP+AL
2012_11_30,1,1,0,VF,AP+AL
2012_12_01,1,1,0,VF,AP+AL
2012_12_02,1,1,0,VF,AP+AL
2012_12_03,1,1,0,VF,AP+AL
2012_12_04,1,1,0,VF,AP+AL
2012_12_05,1,1,0,VF,AP+AL
2012_12_06,1,1,0,VF,AP+AL
2012_12_07,1,1,0,VF,AP+AL
2012_12_08,1,1,0,VF,AP+AL
2012_12_09,1,1,0,VF,AP+AL
2012_12_10,1,1,0,VF,AP+AL
2012_12_11,1,1,0,VF,AP+AL
2012_12_12,1,1,0,VF,AP+AL
2012_12_13,1,1,0,VF,AP+AL
2012_12_14,1,1,0,VF,AP+AL
2012_12_15,1,1,0,VF,AP+AL
2012_12_16,1,1,0,VF,AP+AL
2012_12_17,1,1,0,VF,AP+AL
2012_12_18,1,1,0,VF,AP+AL
2012_12_19,1,1,0,VF,AP+AL
2012_12_20,1,1,0,VF,AP+AL
2012_12_21,1,1,0,VF,AP+AL
2012_12_22,1,1,0,VF,AP+AL
2012_12_23,1,1,0,VF,AP+AL
2012_12_24,1,1,0,VF,AP+AL
2012_12_25,1,1,0,VF,AP+AL
2012_12_26,1,1,0,VF,AP+AL
2012_12_27,1,1,0,VF,AP+AL
2012_12_28,1,1,0,VF,AP+AL
2012_12_29,1,1,0,VF,AP+AL
2012_12_30,1,1,0,VF,AP+AL
2012_12_31,1,1,0,VF,AP+AL
2013_01_01,1,1,1,,AP+AL+VF
2013_01_02,1,1,1,,AP+AL+VF
2013_01_03,1,1,1,,AP+AL+VF
2013_01_04,0,0,0,AP+AL+VF,
2013_01_05,0,0,0,AP+AL+VF,
2013_01_06,0,0,0,AP+AL+VF,
2013_01_07,1,1,1,,AP+AL+VF
2013_01_08,1,1,1,,AP+AL+VF
2013_01_09,1,1,1,,AP+AL+VF
2013_01_10,1,1,1,,AP+AL+VF
2013_01_11,1,1,1,,AP+AL+VF
2013_01_12,1,1,1,,AP+AL+VF
2013_01_13,1,1,1,,AP+AL+VF
2013_01_14,1,1,1,,AP+AL+VF
2013_01_15,1,1,1,,AP+AL+VF
2013_01_16,1,1,1,,AP+AL+VF
2013_01_17,1,1,1,,AP+AL+VF
2013_01_18,1,1,1,,AP+AL+VF
2013_01_19,1,1,1,,AP+AL+VF
2013_01_20,1,1,1,,AP+AL+VF
2013_01_21,1,1,1,,AP+AL+VF
2013_01_22,1,1,1,,AP+AL+VF
2013_01_23,1,1,1,,AP+AL+VF
2013_01_24,1,1,1,,AP+AL+VF
2013_01_25,1,1,1,,AP+AL+VF
2013_01_26,1,1,1,,AP+AL+VF
2013_01_27,1,1,1,,AP+AL+VF
2013_01_28,1,1,1,,AP+AL+VF
2013_01_29,1,1,1,,AP+AL+VF
2013_01_30,1,1,1,,AP+AL+VF
2013_01_31,1,1,1,,AP+AL+VF
2013_02_01,1,1,1,,AP+AL+VF
2013_02_02,1,1,1,,AP+AL+VF
2013_02_03,1,1,1,,AP+AL+VF
2013_02_04,1,1,1,,AP+AL+VF
2013_02_05,1,1,1,,AP+AL+VF
2013_02_06,1,1,1,,AP+AL+VF
2013_02_07,1,1,1,,AP+AL+VF
2013_02_08,1,1,1,,AP+AL+VF
2013_02_09,1,1,1,,AP+AL+VF
2013_02_10,1,1,1,,AP+AL+VF
2013_02_11,1,1,1,,AP+AL+VF
2013_02_12,1,1,1,,AP+AL+VF
2013_02_13,1,1,1,,AP+AL+VF
2013_02_14,1,1,1,,AP+AL+VF
2013_02_15,1,1,1,,AP+AL+VF
2013_02_16,1,1,1,,AP+AL+VF
2013_02_17,1,1,1,,AP+AL+VF
2013_02_18,1,1,1,,AP+AL+VF
2013_02_19,1,1,1,,AP+AL+VF
2013_02_20,1,1,1,,AP+AL+VF
2013_02_21,1,1,1,,AP+AL+VF
2013_02_22,1,1,1,,AP+AL+VF
2013_02_23,1,1,1,,AP+AL+VF
2013_02_24,1,1,1,,AP+AL+VF
2013_02_25,1,1,1,,AP+AL+VF
2013_02_26,1,1,1,,AP+AL+VF
2013_02_27,1,1,1,,AP+AL+VF
2013_02_28,1,1,1,,AP+AL+VF
2013_03_01,1,1,1,,AP+AL+VF
2013_03_02,1,1,1,,AP+AL+VF
2013_03_03,1,1,1,,AP+AL+VF
2013_03_04,1,1,1,,AP+AL+VF
2013_03_05,1,1,1,,AP+AL+VF
2013_03_06,1,1,1,,AP+AL+VF
2013_03_07,1,1,1,,AP+AL+VF
2013_03_08,1,1,1,,AP+AL+VF
2013_03_09,1,1,1,,AP+AL+VF
2013_03_10,1,1,1,,AP+AL+VF
2013_03_11,1,1,1,,AP+AL+VF
2013_03_12,1,1,1,,AP+AL+VF
2013_03_13,1,1,1,,AP+AL+VF
2013_03_14,1,1,1,,AP+AL+VF
2013_03_15,1,1,1,,AP+AL+VF
2013_03_16,1,1,1,,AP+AL+VF
2013_03_17,1,1,1,,AP+AL+VF
2013_03_18,1,1,1,,AP+AL+VF
2013_03_19,1,1,1,,AP+AL+VF
2013_03_20,0,0,0,AP+AL+VF,
2013_03_21,1,1,1,,AP+AL+VF
2013_03_22,1,1,1,,AP+AL+VF
2013_03_23,1,1,1,,AP+AL+VF
2013_03_24,1,1,1,,AP+AL+VF
2013_03_25,1,1,1,,AP+AL+VF
2013_03_26,1,1,1,,AP+AL+VF
2013_03_27,1,1,1,,AP+AL+VF
2013_03_28,1,1,1,,AP+AL+VF
2013_03_29,1,1,1,,AP+AL+VF
2013_03_30,1,1,1,,AP+AL+VF
2013_03_31,1,1,1,,AP+AL+VF
2013_04_01,1,1,1,,AP+AL+VF
2013_04_02,1,1,1,,AP+AL+VF
2013_04_03,1,1,1,,AP+AL+VF
2013_04_04,1,1,1,,AP+AL+VF
2013_04_05,1,1,1,,AP+AL+VF
2013_04_06,1,1,1,,AP+AL+VF
2013_04_07,1,1,1,,AP+AL+VF
2013_04_08,1,1,1,,AP+AL+VF
2013_04_09,1,1,1,,AP+AL+VF
2013_04_10,0,0,0,AP+AL+VF,
2013_04_11,0,0,0,AP+AL+VF,
2013_04_12,0,0,0,AP+AL+VF,
2013_04_13,0,0,0,AP+AL+VF,
2013_04_14,0,0,0,AP+AL+VF,
2013_04_15,0,0,0,AP+AL+VF,
2013_04_16,1,1,1,,AP+AL+VF
2013_04_17,1,1,1,,AP+AL+VF
2013_04_18,1,1,1,,AP+AL+VF
2013_04_19,1,1,1,,AP+AL+VF
2013_04_20,1,1,1,,AP+AL+VF
2013_04_21,1,1,1,,AP+AL+VF
2013_04_22,1,1,1,,AP+AL+VF
2013_04_23,1,1,1,,AP+AL+VF
2013_04_24,1,1,1,,AP+AL+VF
2013_04_25,1,1,1,,AP+AL+VF
2013_04_26,1,1,1,,AP+AL+VF
2013_04_27,1,1,1,,AP+AL+VF
2013_04_28,1,1,1,,AP+AL+VF
2013_04_29,1,1,1,,AP+AL+VF
2013_04_30,1,1,1,,AP+AL+VF
2013_05_01,1,1,1,,AP+AL+VF
2013_05_02,1,1,1,,AP+AL+VF
2013_05_03,1,1,1,,AP+AL+VF
2013_05_04,1,1,1,,AP+AL+VF
2013_05_05,1,1,1,,AP+AL+VF
2013_05_06,1,1,1,,AP+AL+VF
2013_05_07,1,1,1,,AP+AL+VF
2013_05_08,1,1,1,,AP+AL+VF
2013_05_09,1,1,1,,AP+AL+VF
2013_05_10,1,1,1,,AP+AL+VF
2013_05_11,1,1,1,,AP+AL+VF
2013_05_12,1,1,1,,AP+AL+VF
2013_05_13,1,1,1,,AP+AL+VF
2013_05_14,1,1,1,,AP+AL+VF
2013_05_15,1,1,1,,AP+AL+VF
2013_05_16,0,0,0,AP+AL+VF,
2013_05_17,0,0,0,AP+AL+VF,
2013_05_18,0,0,0,AP+AL+VF,
2013_05_19,0,0,0,AP+AL+VF,
2013_05_20,0,0,0,AP+AL+VF,
2013_05_21,1,1,1,,AP+AL+VF
2013_05_22,0,0,0,AP+AL+VF,
2013_05_23,0,0,0,AP+AL+VF,
2013_05_24,0,0,0,AP+AL+VF,
2013_05_25,0,0,0,AP+AL+VF,
2013_05_26,0,0,0,AP+AL+VF,
2013_05_27,0,0,0,AP+AL+VF,
2013_05_28,1,1,1,,AP+AL+VF
2013_05_29,1,1,1,,AP+AL+VF
2013_05_30,1,1,1,,AP+AL+VF
2013_05_31,1,1,1,,AP+AL+VF
2013_06_01,1,1,1,,AP+AL+VF
2013_06_02,1,1,1,,AP+AL+VF
2013_06_03,1,1,1,,AP+AL+VF
2013_06_04,1,1,1,,AP+AL+VF
2013_06_05,1,1,1,,AP+AL+VF
2013_06_06,1,1,1,,AP+AL+VF
2013_06_07,1,1,1,,AP+AL+VF
2013_06_08,1,1,1,,AP+AL+VF
2013_06_09,1,1,1,,AP+AL+VF
2013_06_10,1,1,1,,AP+AL+VF
2013_06_11,1,1,1,,AP+AL+VF
2013_06_12,1,1,1,,AP+AL+VF
2013_06_13,1,1,1,,AP+AL+VF
2013_06_14,1,1,1,,AP+AL+VF
2013_06_15,1,1,1,,AP+AL+VF
2013_06_16,1,1,1,,AP+AL+VF
2013_06_17,1,1,1,,AP+AL+VF
2013_06_18,1,1,1,,AP+AL+VF
2013_06_19,1,1,1,,AP+AL+VF
2013_06_20,1,1,1,,AP+AL+VF
2013_06_21,1,1,1,,AP+AL+VF
2013_06_22,1,1,1,,AP+AL+VF
2013_06_23,1,1,1,,AP+AL+VF
2013_06_24,1,1,1,,AP+AL+VF
2013_06_25,1,1,1,,AP+AL+VF
2013_06_26,1,1,1,,AP+AL+VF
2013_06_27,1,1,1,,AP+AL+VF
2013_06_28,1,1,1,,AP+AL+VF
2013_06_29,1,1,1,,AP+AL+VF
2013_06_30,1,1,1,,AP+AL+VF
2013_07_01,1,1,1,,AP+AL+VF
2013_07_02,1,1,1,,AP+AL+VF
2013_07_03,1,1,1,,AP+AL+VF
2013_07_04,1,1,1,,AP+AL+VF
2013_07_05,1,1,1,,AP+AL+VF
2013_07_06,1,1,1,,AP+AL+VF
2013_07_07,1,1,1,,AP+AL+VF
2013_07_08,1,1,1,,AP+AL+VF
2013_07_09,1,1,1,,AP+AL+VF
2013_07_10,1,1,1,,AP+AL+VF
2013_07_11,1,1,1,,AP+AL+VF
2013_07_12,1,1,1,,AP+AL+VF
2013_07_13,1,1,1,,AP+AL+VF
2013_07_14,1,1,1,,AP+AL+VF
2013_07_15,1,1,1,,AP+AL+VF
2013_07_16,1,1,1,,AP+AL+VF
2013_07_17,1,1,1,,AP+AL+VF
2013_07_18,1,1,1,,AP+AL+VF
2013_07_19,1,1,1,,AP+AL+VF
2013_07_20,1,1,1,,AP+AL+VF
2013_07_21,1,1,1,,AP+AL+VF
2013_07_22,1,1,1,,AP+AL+VF
2013_07_23,1,1,1,,AP+AL+VF
2013_07_24,1,1,1,,AP+AL+VF
2013_07_25,1,1,1,,AP+AL+VF
2013_07_26,1,1,1,,AP+AL+VF
2013_07_27,1,1,1,,AP+AL+VF
2013_07_28,1,1,1,,AP+AL+VF
2013_07_29,1,1,1,,AP+AL+VF
2013_07_30,1,1,1,,AP+AL+VF
2013_07_31,1,1,1,,AP+AL+VF
2013_08_01,1,1,1,,AP+AL+VF
2013_08_02,1,1,1,,AP+AL+VF
2013_08_03,1,1,1,,AP+AL+VF
2013_08_04,1,1,1,,AP+AL+VF
2013_08_05,1,1,1,,AP+AL+VF
2013_08_06,1,1,1,,AP+AL+VF
2013_08_07,1,1,1,,AP+AL+VF
2013_08_08,1,1,1,,AP+AL+VF
2013_08_09,1,1,1,,AP+AL+VF
2013_08_10,1,1,1,,AP+AL+VF
2013_08_11,1,1,1,,AP+AL+VF
2013_08_12,1,1,1,,AP+AL+VF
2013_08_13,1,1,1,,AP+AL+VF
2013_08_14,1,1,1,,AP+AL+VF
2013_08_15,1,1,1,,AP+AL+VF
2013_08_16,1,1,1,,AP+AL+VF
2013_08_17,1,1,1,,AP+AL+VF
2013_08_18,1,1,1,,AP+AL+VF
2013_08_19,1,1,1,,AP+AL+VF
2013_08_20,1,1,1,,AP+AL+VF
2013_08_21,1,1,1,,AP+AL+VF
2013_08_22,1,1,1,,AP+AL+VF
2013_08_23,1,1,1,,AP+AL+VF
2013_08_24,1,1,1,,AP+AL+VF
2013_08_25,1,1,1,,AP+AL+VF
2013_08_26,1,1,1,,AP+AL+VF
2013_08_27,1,1,1,,AP+AL+VF
2013_08_28,1,1,1,,AP+AL+VF
2013_08_29,1,1,1,,AP+AL+VF
2013_08_30,1,1,1,,AP+AL+VF
2013_08_31,1,1,1,,AP+AL+VF
2013_09_01,1,1,1,,AP+AL+VF
2013_09_02,1,1,1,,AP+AL+VF
2013_09_03,1,1,1,,AP+AL+VF
2013_09_04,1,1,1,,AP+AL+VF
2013_09_05,1,1,1,,AP+AL+VF
2013_09_06,1,1,1,,AP+AL+VF
2013_09_07,1,1,1,,AP+AL+VF
2013_09_08,1,1,1,,AP+AL+VF
2013_09_09,1,1,1,,AP+AL+VF
2013_09_10,1,1,1,,AP+AL+VF
2013_09_11,1,1,1,,AP+AL+VF
2013_09_12,1,1,1,,AP+AL+VF
2013_09_13,1,1,1,,AP+AL+VF
2013_09_14,1,1,1,,AP+AL+VF
2013_09_15,1,1,1,,AP+AL+VF
2013_09_16,1,1,1,,AP+AL+VF
2013_09_17,1,1,1,,AP+AL+VF
2013_09_18,1,1,1,,AP+AL+VF
2013_09_19,1,1,1,,AP+AL+VF
2013_09_20,1,1,1,,AP+AL+VF
2013_09_21,1,1,1,,AP+AL+VF
2013_09_22,1,1,1,,AP+AL+VF
2013_09_23,1,1,1,,AP+AL+VF
2013_09_24,1,1,1,,AP+AL+VF
2013_09_25,1,1,1,,AP+AL+VF
2013_09_26,1,1,1,,AP+AL+VF
2013_09_27,1,1,1,,AP+AL+VF
2013_09_28,1,1,1,,AP+AL+VF
2013_09_29,1,1,1,,AP+AL+VF
2013_09_30,1,1,1,,AP+AL+VF
2013_10_01,0,0,0,AP+AL+VF,
2013_10_02,0,0,0,AP+AL+VF,
2013_10_03,1,1,1,,AP+AL+VF
2013_10_04,1,1,1,,AP+AL+VF
2013_10_05,1,1,1,,AP+AL+VF
2013_10_06,1,1,1,,AP+AL+VF
2013_10_07,1,1,1,,AP+AL+VF
2013_10_08,1,1,1,,AP+AL+VF
2013_10_09,1,1,1,,AP+AL+VF
2013_10_10,1,1,1,,AP+AL+VF
2013_10_11,1,1,1,,AP+AL+VF
2013_10_12,1,1,1,,AP+AL+VF
2013_10_13,1,1,1,,AP+AL+VF
2013_10_14,1,1,1,,AP+AL+VF
2013_10_15,1,1,1,,AP+AL+VF
2013_10_16,1,1,1,,AP+AL+VF
2013_10_17,1,1,1,,AP+AL+VF
2013_10_18,1,1,1,,AP+AL+VF
2013_10_19,1,1,1,,AP+AL+VF
2013_10_20,1,1,1,,AP+AL+VF
2013_10_21,1,1,1,,AP+AL+VF
2013_10_22,1,1,1,,AP+AL+VF
2013_10_23,1,1,1,,AP+AL+VF
2013_10_24,1,1,1,,AP+AL+VF
2013_10_25,1,1,1,,AP+AL+VF
2013_10_26,1,1,1,,AP+AL+VF
2013_10_27,1,1,1,,AP+AL+VF
2013_10_28,1,1,1,,AP+AL+VF
2013_10_29,1,1,1,,AP+AL+VF
2013_10_30,1,1,1,,AP+AL+VF
2013_10_31,0,0,0,AP+AL+VF,
2013_11_01,1,1,1,,AP+AL+VF
2013_11_02,1,1,1,,AP+AL+VF
2013_11_03,1,1,1,,AP+AL+VF
2013_11_04,1,1,1,,AP+AL+VF
2013_11_05,1,1,1,,AP+AL+VF
2013_11_06,1,1,1,,AP+AL+VF
2013_11_07,1,1,1,,AP+AL+VF
2013_11_08,1,1,1,,AP+AL+VF
2013_11_09,1,1,1,,AP+AL+VF
2013_11_10,1,1,1,,AP+AL+VF
2013_11_11,1,1,1,,AP+AL+VF
2013_11_12,1,1,1,,AP+AL+VF
2013_11_13,1,1,1,,AP+AL+VF
2013_11_14,1,1,1,,AP+AL+VF
2013_11_15,1,1,1,,AP+AL+VF
2013_11_16,1,1,1,,AP+AL+VF
2013_11_17,1,1,1,,AP+AL+VF
2013_11_18,1,1,1,,AP+AL+VF
2013_11_19,1,1,1,,AP+AL+VF
2013_11_20,1,1,1,,AP+AL+VF
2013_11_21,1,1,1,,AP+AL+VF
2013_11_22,1,1,1,,AP+AL+VF
2013_11_23,1,1,1,,AP+AL+VF
2013_11_24,1,1,1,,AP+AL+VF
2013_11_25,1,1,1,,AP+AL+VF
2013_11_26,1,1,1,,AP+AL+VF
2013_11_27,1,1,1,,AP+AL+VF
2013_11_28,1,1,1,,AP+AL+VF
2013_11_29,1,1,1,,AP+AL+VF
2013_11_30,1,1,1,,AP+AL+VF
2013_12_01,1,1,1,,AP+AL+VF
2013_12_02,1,1,1,,AP+AL+VF
2013_12_03,1,1,1,,AP+AL+VF
2013_12_04,1,1,1,,AP+AL+VF
2013_12_05,1,1,1,,AP+AL+VF
2013_12_06,1,1,1,,AP+AL+VF
2013_12_07,1,1,1,,AP+AL+VF
2013_12_08,1,1,1,,AP+AL+VF
2013_12_09,1,1,1,,AP+AL+VF
2013_12_10,1,1,1,,AP+AL+VF
2013_12_11,1,1,1,,AP+AL+VF
2013_12_12,1,1,1,,AP+AL+VF
2013_12_13,1,1,1,,AP+AL+VF
2013_12_14,1,1,1,,AP+AL+VF
2013_12_15,1,1,1,,AP+AL+VF
2013_12_16,1,1,1,,AP+AL+VF
2013_12_17,1,1,1,,AP+AL+VF
2013_12_18,1,1,1,,AP+AL+VF
2013_12_19,1,1,1,,AP+AL+VF
2013_12_20,1,1,1,,AP+AL+VF
2013_12_21,1,1,1,,AP+AL+VF
2013_12_22,1,1,1,,AP+AL+VF
2013_12_23,1,1,1,,AP+AL+VF
2013_12_24,1,1,1,,AP+AL+VF
2013_12_25,1,1,1,,AP+AL+VF
2013_12_26,1,1,1,,AP+AL+VF
2013_12_27,1,1,1,,AP+AL+VF
2013_12_28,1,1,1,,AP+AL+VF
2013_12_29,1,1,1,,AP+AL+VF
2013_12_30,1,1,1,,AP+AL+VF
2013_12_31,1,1,1,,AP+AL+VF
2014_01_01,1,1,1,,AP+AL+VF
2014_01_02,1,1,1,,AP+AL+VF
2014_01_03,1,1,1,,AP+AL+VF
2014_01_04,1,1,1,,AP+AL+VF
2014_01_05,1,1,1,,AP+AL+VF
2014_01_06,0,0,0,AP+AL+VF,
2014_01_07,0,0,0,AP+AL+VF,
2014_01_08,0,0,0,AP+AL+VF,
2014_01_09,0,0,0,AP+AL+VF,
2014_01_10,0,0,0,AP+AL+VF,
2014_01_11,0,0,0,AP+AL+VF,
2014_01_12,0,0,0,AP+AL+VF,
2014_01_13,0,0,0,AP+AL+VF,
2014_01_14,1,1,1,,AP+AL+VF
2014_01_15,1,1,1,,AP+AL+VF
2014_01_16,1,1,1,,AP+AL+VF
2014_01_17,1,1,1,,AP+AL+VF
2014_01_18,1,1,1,,AP+AL+VF
2014_01_19,1,1,1,,AP+AL+VF
2014_01_20,1,1,1,,AP+AL+VF
2014_01_21,1,1,1,,AP+AL+VF
2014_01_22,1,1,1,,AP+AL+VF
2014_01_23,1,1,1,,AP+AL+VF
2014_01_24,1,1,1,,AP+AL+VF
2014_01_25,1,1,1,,AP+AL+VF
2014_01_26,1,1,1,,AP+AL+VF
2014_01_27,1,1,1,,AP+AL+VF
2014_01_28,1,1,1,,AP+AL+VF
2014_01_29,1,1,1,,AP+AL+VF
2014_01_30,1,1,1,,AP+AL+VF
2014_01_31,1,1,1,,AP+AL+VF
2014_02_01,1,1,1,,AP+AL+VF
2014_02_02,1,1,1,,AP+AL+VF
2014_02_03,1,1,1,,AP+AL+VF
2014_02_04,1,1,1,,AP+AL+VF
2014_02_05,1,1,1,,AP+AL+VF
2014_02_06,1,1,1,,AP+AL+VF
2014_02_07,1,1,1,,AP+AL+VF
2014_02_08,1,1,1,,AP+AL+VF
2014_02_09,1,1,1,,AP+AL+VF
2014_02_10,1,1,1,,AP+AL+VF
2014_02_11,1,1,1,,AP+AL+VF
2014_02_12,1,1,1,,AP+AL+VF
2014_02_13,1,1,1,,AP+AL+VF
2014_02_14,1,1,1,,AP+AL+VF
2014_02_15,1,1,1,,AP+AL+VF
2014_02_16,1,1,1,,AP+AL+VF
2014_02_17,1,1,1,,AP+AL+VF
2014_02_18,1,1,1,,AP+AL+VF
2014_02_19,1,1,1,,AP+AL+VF
2014_02_20,1,1,1,,AP+AL+VF
2014_02_21,0,0,0,AP+AL+VF,
2014_02_22,0,0,0,AP+AL+VF,
2014_02_23,0,0,0,AP+AL+VF,
2014_02_24,1,1,1,,AP+AL+VF
2014_02_25,0,0,0,AP+AL+VF,
2014_02_26,0,0,0,AP+AL+VF,
2014_02_27,0,0,0,AP+AL+VF,
2014_02_28,0,0,0,AP+AL+VF,
2014_03_01,0,0,0,AP+AL+VF,
2014_03_02,0,0,0,AP+AL+VF,
2014_03_03,1,1,1,,AP+AL+VF
2014_03_04,1,1,1,,AP+AL+VF
2014_03_05,1,1,1,,AP+AL+VF
2014_03_06,1,1,1,,AP+AL+VF
2014_03_07,1,1,1,,AP+AL+VF
2014_03_08,1,1,1,,AP+AL+VF
2014_03_09,1,1,1,,AP+AL+VF
2014_03_10,1,1,1,,AP+AL+VF
2014_03_11,1,1,1,,AP+AL+VF
2014_03_12,1,1,1,,AP+AL+VF
2014_03_13,1,1,1,,AP+AL+VF
2014_03_14,1,1,1,,AP+AL+VF
2014_03_15,1,1,1,,AP+AL+VF
2014_03_16,1,1,1,,AP+AL+VF
2014_03_17,1,1,1,,AP+AL+VF
2014_03_18,1,1,1,,AP+AL+VF
2014_03_19,1,1,1,,AP+AL+VF
2014_03_20,1,1,1,,AP+AL+VF
2014_03_21,1,1,1,,AP+AL+VF
2014_03_22,1,1,1,,AP+AL+VF
2014_03_23,1,1,1,,AP+AL+VF
2014_03_24,1,1,1,,AP+AL+VF
2014_03_25,1,1,1,,AP+AL+VF
2014_03_26,1,1,1,,AP+AL+VF
2014_03_27,1,1,1,,AP+AL+VF
2014_03_28,1,1,1,,AP+AL+VF
2014_03_29,1,1,1,,AP+AL+VF
2014_03_30,1,1,1,,AP+AL+VF
2014_03_31,1,1,1,,AP+AL+VF
2014_04_01,1,1,1,,AP+AL+VF
2014_04_02,1,1,1,,AP+AL+VF
2014_04_03,1,1,1,,AP+AL+VF
2014_04_04,1,1,1,,AP+AL+VF
2014_04_05,1,1,1,,AP+AL+VF
2014_04_06,1,1,1,,AP+AL+VF
2014_04_07,1,1,1,,AP+AL+VF
2014_04_08,1,1,1,,AP+AL+VF
2014_04_09,1,1,1,,AP+AL+VF
2014_04_10,1,1,1,,AP+AL+VF
2014_04_11,1,1,1,,AP+AL+VF
2014_04_12,1,1,1,,AP+AL+VF
2014_04_13,1,1,1,,AP+AL+VF
2014_04_14,1,1,1,,AP+AL+VF
2014_04_15,1,1,1,,AP+AL+VF
2014_04_16,1,1,1,,AP+AL+VF
2014_04_17,1,1,1,,AP+AL+VF
2014_04_18,1,1,1,,AP+AL+VF
2014_04_19,1,1,1,,AP+AL+VF
2014_04_20,0,0,0,AP+AL+VF,
2014_04_21,0,0,0,AP+AL+VF,
2014_04_22,1,1,1,,AP+AL+VF
2014_04_23,1,1,1,,AP+AL+VF
2014_04_24,1,1,1,,AP+AL+VF
2014_04_25,1,1,1,,AP+AL+VF
2014_04_26,1,1,1,,AP+AL+VF
2014_04_27,1,1,1,,AP+AL+VF
2014_04_28,1,1,1,,AP+AL+VF
2014_04_29,1,1,1,,AP+AL+VF
2014_04_30,1,1,1,,AP+AL+VF
2014_05_01,1,1,1,,AP+AL+VF
2014_05_02,1,1,1,,AP+AL+VF
2014_05_03,1,1,1,,AP+AL+VF
2014_05_04,1,1,1,,AP+AL+VF
2014_05_05,1,1,1,,AP+AL+VF
2014_05_06,1,1,1,,AP+AL+VF
2014_05_07,1,1,1,,AP+AL+VF
2014_05_08,1,1,1,,AP+AL+VF
2014_05_09,1,1,1,,AP+AL+VF
2014_05_10,1,1,1,,AP+AL+VF
2014_05_11,1,1,1,,AP+AL+VF
2014_05_12,1,1,1,,AP+AL+VF
2014_05_13,1,1,1,,AP+AL+VF
2014_05_14,1,1,1,,AP+AL+VF
2014_05_15,1,1,1,,AP+AL+VF
2014_05_16,1,1,1,,AP+AL+VF
2014_05_17,1,1,1,,AP+AL+VF
2014_05_18,1,1,1,,AP+AL+VF
2014_05_19,1,1,1,,AP+AL+VF
2014_05_20,1,1,1,,AP+AL+VF
2014_05_21,1,1,1,,AP+AL+VF
2014_05_22,1,1,1,,AP+AL+VF
2014_05_23,1,1,1,,AP+AL+VF
2014_05_24,1,1,1,,AP+AL+VF
2014_05_25,1,1,1,,AP+AL+VF
2014_05_26,1,1,1,,AP+AL+VF
2014_05_27,1,1,1,,AP+AL+VF
2014_05_28,1,1,1,,AP+AL+VF
2014_05_29,1,1,1,,AP+AL+VF
2014_05_30,1,1,1,,AP+AL+VF
2014_05_31,1,1,1,,AP+AL+VF
2014_06_01,1,1,1,,AP+AL+VF
2014_06_02,1,1,1,,AP+AL+VF
2014_06_03,1,1,1,,AP+AL+VF
2014_06_04,1,1,1,,AP+AL+VF
2014_06_05,1,1,1,,AP+AL+VF
2014_06_06,1,1,1,,AP+AL+VF
2014_06_07,1,1,1,,AP+AL+VF
2014_06_08,1,1,1,,AP+AL+VF
2014_06_09,1,1,1,,AP+AL+VF
2014_06_10,1,1,1,,AP+AL+VF
2014_06_11,1,1,1,,AP+AL+VF
2014_06_12,1,1,1,,AP+AL+VF
2014_06_13,1,1,1,,AP+AL+VF
2014_06_14,1,1,1,,AP+AL+VF
2014_06_15,1,1,1,,AP+AL+VF
2014_06_16,1,1,1,,AP+AL+VF
2014_06_17,1,1,1,,AP+AL+VF
2014_06_18,1,0,1,AL,AP+VF
2014_06_19,1,0,1,AL,AP+VF
2014_06_20,1,0,1,AL,AP+VF
2014_06_21,1,0,1,AL,AP+VF
2014_06_22,1,0,1,AL,AP+VF
2014_06_23,1,0,1,AL,AP+VF
2014_06_24,1,0,1,AL,AP+VF
2014_06_25,1,0,1,AL,AP+VF
2014_06_26,1,0,1,AL,AP+VF
2014_06_27,1,0,1,AL,AP+VF
2014_06_28,1,0,1,AL,AP+VF
2014_06_29,1,0,1,AL,AP+VF
2014_06_30,1,0,1,AL,AP+VF
2014_07_01,1,0,1,AL,AP+VF
2014_07_02,1,0,1,AL,AP+VF
2014_07_03,1,0,1,AL,AP+VF
2014_07_04,1,0,1,AL,AP+VF
2014_07_05,1,0,1,AL,AP+VF
2014_07_06,1,0,1,AL,AP+VF
2014_07_07,1,0,1,AL,AP+VF
2014_07_08,1,0,1,AL,AP+VF
2014_07_09,1,0,1,AL,AP+VF
2014_07_10,1,0,1,AL,AP+VF
2014_07_11,1,0,1,AL,AP+VF
2014_07_12,1,0,1,AL,AP+VF
2014_07_13,1,0,1,AL,AP+VF
2014_07_14,1,0,1,AL,AP+VF
2014_07_15,1,0,1,AL,AP+VF
2014_07_16,1,0,1,AL,AP+VF
2014_07_17,1,0,1,AL,AP+VF
2014_07_18,1,0,1,AL,AP+VF
2014_07_19,1,0,1,AL,AP+VF
2014_07_20,1,0,1,AL,AP+VF
2014_07_21,1,0,1,AL,AP+VF
2014_07_22,1,0,1,AL,AP+VF
2014_07_23,1,0,1,AL,AP+VF
2014_07_24,1,0,1,AL,AP+VF
2014_07_25,1,0,1,AL,AP+VF
2014_07_26,1,0,1,AL,AP+VF
2014_07_27,1,0,1,AL,AP+VF
2014_07_28,1,0,1,AL,AP+VF
2014_07_29,1,0,1,AL,AP+VF
2014_07_30,1,0,1,AL,AP+VF
2014_07_31,1,0,1,AL,AP+VF
2014_08_01,1,0,1,AL,AP+VF
2014_08_02,1,0,1,AL,AP+VF
2014_08_03,1,0,1,AL,AP+VF
2014_08_04,1,0,1,AL,AP+VF
2014_08_05,1,0,1,AL,AP+VF
2014_08_06,1,0,1,AL,AP+VF
2014_08_07,1,0,1,AL,AP+VF
2014_08_08,1,0,1,AL,AP+VF
2014_08_09,1,0,1,AL,AP+VF
2014_08_10,1,0,1,AL,AP+VF
2014_08_11,1,0,1,AL,AP+VF
2014_08_12,1,0,1,AL,AP+VF
2014_08_13,1,0,1,AL,AP+VF
2014_08_14,1,0,1,AL,AP+VF
2014_08_15,1,0,1,AL,AP+VF
2014_08_16,1,0,1,AL,AP+VF
2014_08_17,1,0,1,AL,AP+VF
2014_08_18,1,0,1,AL,AP+VF
2014_08_19,1,0,1,AL,AP+VF
2014_08_20,1,0,1,AL,AP+VF
2014_08_21,1,0,1,AL,AP+VF
2014_08_22,1,0,1,AL,AP+VF
2014_08_23,1,0,1,AL,AP+VF
2014_08_24,1,0,1,AL,AP+VF
2014_08_25,1,0,1,AL,AP+VF
2014_08_26,1,0,1,AL,AP+VF
2014_08_27,1,0,1,AL,AP+VF
2014_08_28,1,0,1,AL,AP+VF
2014_08_29,1,0,1,AL,AP+VF
2014_08_30,1,0,1,AL,AP+VF
2014_08_31,1,0,1,AL,AP+VF
2014_09_01,1,0,1,AL,AP+VF
2014_09_02,1,0,1,AL,AP+VF
2014_09_03,1,0,1,AL,AP+VF
2014_09_04,1,0,1,AL,AP+VF
2014_09_05,1,0,1,AL,AP+VF
2014_09_06,1,0,1,AL,AP+VF
2014_09_07,1,0,1,AL,AP+VF
2014_09_08,1,0,1,AL,AP+VF
2014_09_09,1,0,1,AL,AP+VF
2014_09_10,1,0,1,AL,AP+VF
2014_09_11,1,0,1,AL,AP+VF
2014_09_12,0,0,0,AP+AL+VF,
2014_09_13,0,0,0,AP+AL+VF,
2014_09_14,0,0,0,AP+AL+VF,
2014_09_15,1,0,1,AL,AP+VF
2014_09_16,1,0,1,AL,AP+VF
2014_09_17,1,0,1,AL,AP+VF
2014_09_18,1,0,1,AL,AP+VF
2014_09_19,1,0,1,AL,AP+VF
2014_09_20,1,0,1,AL,AP+VF
2014_09_21,1,0,1,AL,AP+VF
2014_09_22,1,0,1,AL,AP+VF
2014_09_23,1,0,1,AL,AP+VF
2014_09_24,1,0,1,AL,AP+VF
2014_09_25,1,0,1,AL,AP+VF
2014_09_26,1,0,1,AL,AP+VF
2014_09_27,1,0,1,AL,AP+VF
2014_09_28,1,0,1,AL,AP+VF
2014_09_29,1,0,1,AL,AP+VF
2014_09_30,1,0,1,AL,AP+VF
2014_10_01,1,0,1,AL,AP+VF
2014_10_02,1,0,1,AL,AP+VF
2014_10_03,1,0,1,AL,AP+VF
2014_10_04,1,0,1,AL,AP+VF
2014_10_05,1,0,1,AL,AP+VF
2014_10_06,1,0,1,AL,AP+VF
2014_10_07,1,0,1,AL,AP+VF
2014_10_08,1,0,1,AL,AP+VF
2014_10_09,1,0,1,AL,AP+VF
2014_10_10,1,0,1,AL,AP+VF
2014_10_11,1,0,1,AL,AP+VF
2014_10_12,1,0,1,AL,AP+VF
2014_10_13,1,0,1,AL,AP+VF
2014_10_14,1,0,1,AL,AP+VF
2014_10_15,1,0,1,AL,AP+VF
2014_10_16,1,0,1,AL,AP+VF
2014_10_17,1,0,1,AL,AP+VF
2014_10_18,1,0,1,AL,AP+VF
2014_10_19,1,0,1,AL,AP+VF
2014_10_20,1,0,1,AL,AP+VF
2014_10_21,1,0,1,AL,AP+VF
2014_10_22,1,0,1,AL,AP+VF
2014_10_23,1,0,1,AL,AP+VF
2014_10_24,1,0,1,AL,AP+VF
2014_10_25,1,0,1,AL,AP+VF
2014_10_26,1,0,1,AL,AP+VF
2014_10_27,1,0,1,AL,AP+VF
2014_10_28,1,0,1,AL,AP+VF
2014_10_29,1,0,1,AL,AP+VF
2014_10_30,1,0,1,AL,AP+VF
2014_10_31,1,0,1,AL,AP+VF
2014_11_01,1,0,1,AL,AP+VF
2014_11_02,1,0,1,AL,AP+VF
2014_11_03,1,0,1,AL,AP+VF
2014_11_04,1,0,1,AL,AP+VF
2014_11_05,1,0,1,AL,AP+VF
2014_11_06,1,0,1,AL,AP+VF
2014_11_07,1,0,1,AL,AP+VF
2014_11_08,1,0,1,AL,AP+VF
2014_11_09,1,0,1,AL,AP+VF
2014_11_10,1,0,1,AL,AP+VF
2014_11_11,1,0,1,AL,AP+VF
2014_11_12,1,0,1,AL,AP+VF
2014_11_13,1,0,1,AL,AP+VF
2014_11_14,1,0,1,AL,AP+VF
2014_11_15,1,0,1,AL,AP+VF
2014_11_16,1,0,1,AL,AP+VF
2014_11_17,1,0,1,AL,AP+VF
2014_11_18,1,0,1,AL,AP+VF
2014_11_19,1,0,1,AL,AP+VF
2014_11_20,1,0,1,AL,AP+VF
2014_11_21,1,0,1,AL,AP+VF
2014_11_22,1,0,1,AL,AP+VF
2014_11_23,1,0,1,AL,AP+VF
2014_11_24,1,0,1,AL,AP+VF
2014_11_25,1,0,1,AL,AP+VF
2014_11_26,1,0,1,AL,AP+VF
2014_11_27,1,0,1,AL,AP+VF
2014_11_28,1,0,1,AL,AP+VF
2014_11_29,1,0,1,AL,AP+VF
2014_11_30,1,0,1,AL,AP+VF
2014_12_01,1,0,1,AL,AP+VF
2014_12_02,1,0,1,AL,AP+VF
2014_12_03,1,0,1,AL,AP+VF
2014_12_04,1,0,1,AL,AP+VF
2014_12_05,1,0,1,AL,AP+VF
2014_12_06,1,0,1,AL,AP+VF
2014_12_07,1,0,1,AL,AP+VF
2014_12_08,1,0,1,AL,AP+VF
2014_12_09,1,0,1,AL,AP+VF
2014_12_10,1,0,1,AL,AP+VF
2014_12_11,1,0,1,AL,AP+VF
2014_12_12,1,0,1,AL,AP+VF
2014_12_13,1,0,1,AL,AP+VF
2014_12_14,1,0,1,AL,AP+VF
2014_12_15,1,0,1,AL,AP+VF
2014_12_16,1,0,1,AL,AP+VF
2014_12_17,1,0,1,AL,AP+VF
2014_12_18,1,0,1,AL,AP+VF
2014_12_19,1,0,1,AL,AP+VF
2014_12_20,1,0,1,AL,AP+VF
2014_12_21,1,0,1,AL,AP+VF
2014_12_22,1,0,1,AL,AP+VF
2014_12_23,1,0,1,AL,AP+VF
2014_12_24,1,0,1,AL,AP+VF
2014_12_25,1,0,1,AL,AP+VF
2014_12_26,1,0,1,AL,AP+VF
2014_12_27,1,0,1,AL,AP+VF
2014_12_28,1,0,1,AL,AP+VF
2014_12_29,1,0,1,AL,AP+VF
2014_12_30,1,0,1,AL,AP+VF
2014_12_31,1,0,1,AL,AP+VF
2015_01_01,1,1,1,,AP+AL+VF
2015_01_02,1,1,1,,AP+AL+VF
2015_01_03,1,1,1,,AP+AL+VF
2015_01_04,1,1,1,,AP+AL+VF
2015_01_05,1,1,1,,AP+AL+VF
2015_01_06,1,1,1,,AP+AL+VF
2015_01_07,1,1,1,,AP+AL+VF
2015_01_08,1,1,1,,AP+AL+VF
2015_01_09,1,1,1,,AP+AL+VF
2015_01_10,1,1,1,,AP+AL+VF
2015_01_11,1,1,1,,AP+AL+VF
2015_01_12,1,1,1,,AP+AL+VF
2015_01_13,1,1,1,,AP+AL+VF
2015_01_14,1,1,1,,AP+AL+VF
2015_01_15,1,1,1,,AP+AL+VF
2015_01_16,1,1,1,,AP+AL+VF
2015_01_17,1,1,1,,AP+AL+VF
2015_01_18,1,1,1,,AP+AL+VF
2015_01_19,1,1,1,,AP+AL+VF
2015_01_20,1,1,1,,AP+AL+VF
2015_01_21,1,1,1,,AP+AL+VF
2015_01_22,1,1,1,,AP+AL+VF
2015_01_23,1,1,1,,AP+AL+VF
2015_01_24,1,1,1,,AP+AL+VF
2015_01_25,1,1,1,,AP+AL+VF
2015_01_26,1,1,1,,AP+AL+VF
2015_01_27,1,1,1,,AP+AL+VF
2015_01_28,1,1,1,,AP+AL+VF
2015_01_29,1,1,1,,AP+AL+VF
2015_01_30,1,1,1,,AP+AL+VF
2015_01_31,1,1,1,,AP+AL+VF
2015_02_01,1,1,1,,AP+AL+VF
2015_02_02,1,1,1,,AP+AL+VF
2015_02_03,1,1,1,,AP+AL+VF
2015_02_04,1,1,1,,AP+AL+VF
2015_02_05,1,1,1,,AP+AL+VF
2015_02_06,1,1,1,,AP+AL+VF
2015_02_07,1,1,1,,AP+AL+VF
2015_02_08,1,1,1,,AP+AL+VF
2015_02_09,1,1,1,,AP+AL+VF
2015_02_10,1,1,1,,AP+AL+VF
2015_02_11,1,1,1,,AP+AL+VF
2015_02_12,1,1,1,,AP+AL+VF
2015_02_13,1,1,1,,AP+AL+VF
2015_02_14,1,1,1,,AP+AL+VF
2015_02_15,1,1,1,,AP+AL+VF
2015_02_16,1,1,1,,AP+AL+VF
2015_02_17,1,1,1,,AP+AL+VF
2015_02_18,1,1,1,,AP+AL+VF
2015_02_19,1,1,1,,AP+AL+VF
2015_02_20,1,1,1,,AP+AL+VF
2015_02_21,1,1,1,,AP+AL+VF
2015_02_22,1,1,1,,AP+AL+VF
2015_02_23,1,1,1,,AP+AL+VF
2015_02_24,1,1,1,,AP+AL+VF
2015_02_25,1,1,1,,AP+AL+VF
2015_02_26,1,1,1,,AP+AL+VF
2015_02_27,1,1,1,,AP+AL+VF
2015_02_28,1,1,1,,AP+AL+VF
2015_03_01,1,1,1,,AP+AL+VF
2015_03_02,1,1,1,,AP+AL+VF
2015_03_03,1,1,1,,AP+AL+VF
2015_03_04,1,1,1,,AP+AL+VF
2015_03_05,1,1,1,,AP+AL+VF
2015_03_06,1,1,1,,AP+AL+VF
2015_03_07,1,1,1,,AP+AL+VF
2015_03_08,1,1,1,,AP+AL+VF
2015_03_09,1,1,1,,AP+AL+VF
2015_03_10,1,1,1,,AP+AL+VF
2015_03_11,1,1,1,,AP+AL+VF
2015_03_12,1,1,1,,AP+AL+VF
2015_03_13,1,1,1,,AP+AL+VF
2015_03_14,1,1,1,,AP+AL+VF
2015_03_15,1,1,1,,AP+AL+VF
2015_03_16,1,1,1,,AP+AL+VF
2015_03_17,1,1,1,,AP+AL+VF
2015_03_18,1,1,1,,AP+AL+VF
2015_03_19,1,1,1,,AP+AL+VF
2015_03_20,1,1,1,,AP+AL+VF
2015_03_21,1,1,1,,AP+AL+VF
2015_03_22,1,1,1,,AP+AL+VF
2015_03_23,1,1,1,,AP+AL+VF
2015_03_24,1,1,1,,AP+AL+VF
2015_03_25,1,1,1,,AP+AL+VF
2015_03_26,1,1,1,,AP+AL+VF
2015_03_27,1,1,1,,AP+AL+VF
2015_03_28,1,1,1,,AP+AL+VF
2015_03_29,1,1,1,,AP+AL+VF
2015_03_30,1,1,1,,AP+AL+VF
2015_03_31,1,1,1,,AP+AL+VF
2015_04_01,1,1,1,,AP+AL+VF
2015_04_02,1,1,1,,AP+AL+VF
2015_04_03,1,1,1,,AP+AL+VF
2015_04_04,1,1,1,,AP+AL+VF
2015_04_05,1,1,1,,AP+AL+VF
2015_04_06,1,1,1,,AP+AL+VF
2015_04_07,1,1,1,,AP+AL+VF
2015_04_08,1,1,1,,AP+AL+VF
2015_04_09,1,1,1,,AP+AL+VF
2015_04_10,1,1,1,,AP+AL+VF
2015_04_11,1,1,1,,AP+AL+VF
2015_04_12,1,1,1,,AP+AL+VF
2015_04_13,1,1,1,,AP+AL+VF
2015_04_14,1,1,1,,AP+AL+VF
2015_04_15,1,1,1,,AP+AL+VF
2015_04_16,1,1,1,,AP+AL+VF
2015_04_17,1,1,1,,AP+AL+VF
2015_04_18,1,1,1,,AP+AL+VF
2015_04_19,1,1,1,,AP+AL+VF
2015_04_20,1,1,1,,AP+AL+VF
2015_04_21,1,1,1,,AP+AL+VF
2015_04_22,1,1,1,,AP+AL+VF
2015_04_23,1,1,1,,AP+AL+VF
2015_04_24,1,1,1,,AP+AL+VF
2015_04_25,1,1,1,,AP+AL+VF
2015_04_26,1,1,1,,AP+AL+VF
2015_04_27,1,1,1,,AP+AL+VF
2015_04_28,1,1,1,,AP+AL+VF
2015_04_29,1,1,1,,AP+AL+VF
2015_04_30,1,1,1,,AP+AL+VF
2015_05_01,1,1,1,,AP+AL+VF
2015_05_02,1,1,1,,AP+AL+VF
2015_05_03,1,1,1,,AP+AL+VF
2015_05_04,1,1,1,,AP+AL+VF
2015_05_05,1,1,1,,AP+AL+VF
2015_05_06,1,1,1,,AP+AL+VF
2015_05_07,1,1,1,,AP+AL+VF
2015_05_08,1,1,1,,AP+AL+VF
2015_05_09,1,1,1,,AP+AL+VF
2015_05_10,1,1,1,,AP+AL+VF
2015_05_11,1,1,1,,AP+AL+VF
2015_05_12,1,1,1,,AP+AL+VF
2015_05_13,1,1,1,,AP+AL+VF
2015_05_14,1,1,1,,AP+AL+VF
2015_05_15,1,1,1,,AP+AL+VF
2015_05_16,1,1,1,,AP+AL+VF
2015_05_17,1,1,1,,AP+AL+VF
2015_05_18,1,1,1,,AP+AL+VF
2015_05_19,1,1,1,,AP+AL+VF
2015_05_20,1,1,1,,AP+AL+VF
2015_05_21,1,1,1,,AP+AL+VF
2015_05_22,1,1,1,,AP+AL+VF
2015_05_23,1,1,1,,AP+AL+VF
2015_05_24,1,1,1,,AP+AL+VF
2015_05_25,1,1,1,,AP+AL+VF
2015_05_26,1,1,1,,AP+AL+VF
2015_05_27,1,1,1,,AP+AL+VF
2015_05_28,1,1,1,,AP+AL+VF
2015_05_29,1,1,1,,AP+AL+VF
2015_05_30,1,1,1,,AP+AL+VF
2015_05_31,1,1,1,,AP+AL+VF
2015_06_01,1,1,1,,AP+AL+VF
2015_06_02,1,1,1,,AP+AL+VF
2015_06_03,1,1,1,,AP+AL+VF
2015_06_04,1,1,1,,AP+AL+VF
2015_06_05,1,1,1,,AP+AL+VF
2015_06_06,1,1,1,,AP+AL+VF
2015_06_07,1,1,1,,AP+AL+VF
2015_06_08,1,1,1,,AP+AL+VF
2015_06_09,1,1,1,,AP+AL+VF
2015_06_10,1,1,1,,AP+AL+VF
2015_06_11,1,1,1,,AP+AL+VF
2015_06_12,1,1,1,,AP+AL+VF
2015_06_13,1,1,1,,AP+AL+VF
2015_06_14,1,1,1,,AP+AL+VF
2015_06_15,1,1,1,,AP+AL+VF
2015_06_16,1,1,1,,AP+AL+VF
2015_06_17,1,1,1,,AP+AL+VF
2015_06_18,1,1,1,,AP+AL+VF
2015_06_19,0,0,0,AP+AL+VF,
2015_06_20,0,0,0,AP+AL+VF,
2015_06_21,0,0,0,AP+AL+VF,
2015_06_22,0,0,0,AP+AL+VF,
2015_06_23,0,0,0,AP+AL+VF,
2015_06_24,0,0,0,AP+AL+VF,
2015_06_25,0,0,0,AP+AL+VF,
2015_06_26,0,0,0,AP+AL+VF,
2015_06_27,0,0,0,AP+AL+VF,
2015_06_28,0,0,0,AP+AL+VF,
2015_06_29,1,1,1,,AP+AL+VF
2015_06_30,1,1,1,,AP+AL+VF
2015_07_01,1,1,1,,AP+AL+VF
2015_07_02,1,1,1,,AP+AL+VF
2015_07_03,1,1,1,,AP+AL+VF
2015_07_04,1,1,1,,AP+AL+VF
2015_07_05,1,1,1,,AP+AL+VF
2015_07_06,1,1,1,,AP+AL+VF
2015_07_07,1,1,1,,AP+AL+VF
2015_07_08,1,1,1,,AP+AL+VF
2015_07_09,1,1,1,,AP+AL+VF
2015_07_10,1,1,1,,AP+AL+VF
2015_07_11,1,1,1,,AP+AL+VF
2015_07_12,1,1,1,,AP+AL+VF
2015_07_13,1,1,1,,AP+AL+VF
2015_07_14,1,1,1,,AP+AL+VF
2015_07_15,1,1,1,,AP+AL+VF
2015_07_16,1,1,1,,AP+AL+VF
2015_07_17,1,1,1,,AP+AL+VF
2015_07_18,1,1,1,,AP+AL+VF
2015_07_19,1,1,1,,AP+AL+VF
2015_07_20,1,1,1,,AP+AL+VF
2015_07_21,1,1,1,,AP+AL+VF
2015_07_22,1,1,1,,AP+AL+VF
2015_07_23,1,1,1,,AP+AL+VF
2015_07_24,1,1,1,,AP+AL+VF
2015_07_25,1,1,1,,AP+AL+VF
2015_07_26,1,1,1,,AP+AL+VF
2015_07_27,1,1,1,,AP+AL+VF
2015_07_28,1,1,1,,AP+AL+VF
2015_07_29,1,1,1,,AP+AL+VF
2015_07_30,1,1,1,,AP+AL+VF
2015_07_31,1,1,1,,AP+AL+VF
2015_08_01,1,1,1,,AP+AL+VF
2015_08_02,1,1,1,,AP+AL+VF
2015_08_03,1,1,1,,AP+AL+VF
2015_08_04,1,1,1,,AP+AL+VF
2015_08_05,1,1,1,,AP+AL+VF
2015_08_06,1,1,1,,AP+AL+VF
2015_08_07,1,1,1,,AP+AL+VF
2015_08_08,1,1,1,,AP+AL+VF
2015_08_09,1,1,1,,AP+AL+VF
2015_08_10,1,1,1,,AP+AL+VF
2015_08_11,1,1,1,,AP+AL+VF
2015_08_12,1,1,1,,AP+AL+VF
2015_08_13,1,1,1,,AP+AL+VF
2015_08_14,1,1,1,,AP+AL+VF
2015_08_15,1,1,1,,AP+AL+VF
2015_08_16,1,1,1,,AP+AL+VF
2015_08_17,1,1,1,,AP+AL+VF
2015_08_18,1,1,1,,AP+AL+VF
2015_08_19,1,1,1,,AP+AL+VF
2015_08_20,1,1,1,,AP+AL+VF
2015_08_21,1,1,1,,AP+AL+VF
2015_08_22,1,1,1,,AP+AL+VF
2015_08_23,1,1,1,,AP+AL+VF
2015_08_24,1,1,1,,AP+AL+VF
2015_08_25,1,1,1,,AP+AL+VF
2015_08_26,1,1,1,,AP+AL+VF
2015_08_27,1,1,1,,AP+AL+VF
2015_08_28,1,1,1,,AP+AL+VF
2015_08_29,1,1,1,,AP+AL+VF
2015_08_30,1,1,1,,AP+AL+VF
2015_08_31,1,1,1,,AP+AL+VF
2015_09_01,1,1,1,,AP+AL+VF
2015_09_02,1,1,1,,AP+AL+VF
2015_09_03,1,1,1,,AP+AL+VF
2015_09_04,1,1,1,,AP+AL+VF
2015_09_05,1,1,1,,AP+AL+VF
2015_09_06,1,1,1,,AP+AL+VF
2015_09_07,1,1,1,,AP+AL+VF
2015_09_08,1,1,1,,AP+AL+VF
2015_09_09,1,1,1,,AP+AL+VF
2015_09_10,1,1,1,,AP+AL+VF
2015_09_11,1,1,1,,AP+AL+VF
2015_09_12,1,1,1,,AP+AL+VF
2015_09_13,1,1,1,,AP+AL+VF
2015_09_14,1,1,1,,AP+AL+VF
2015_09_15,1,1,1,,AP+AL+VF
2015_09_16,1,1,1,,AP+AL+VF
2015_09_17,1,1,1,,AP+AL+VF
2015_09_18,1,1,1,,AP+AL+VF
2015_09_19,1,1,1,,AP+AL+VF
2015_09_20,1,1,1,,AP+AL+VF
2015_09_21,1,1,1,,AP+AL+VF
2015_09_22,1,1,1,,AP+AL+VF
2015_09_23,1,1,1,,AP+AL+VF
2015_09_24,1,1,1,,AP+AL+VF
2015_09_25,1,1,1,,AP+AL+VF
2015_09_26,1,1,1,,AP+AL+VF
2015_09_27,1,1,1,,AP+AL+VF
2015_09_28,1,1,1,,AP+AL+VF
2015_09_29,1,1,1,,AP+AL+VF
2015_09_30,1,1,1,,AP+AL+VF
2015_10_01,1,1,1,,AP+AL+VF
2015_10_02,1,1,1,,AP+AL+VF
2015_10_03,1,1,1,,AP+AL+VF
2015_10_04,1,1,1,,AP+AL+VF
2015_10_05,1,1,1,,AP+AL+VF
2015_10_06,1,1,1,,AP+AL+VF
2015_10_07,1,1,1,,AP+AL+VF
2015_10_08,1,1,1,,AP+AL+VF
2015_10_09,1,1,1,,AP+AL+VF
2015_10_10,1,1,1,,AP+AL+VF
2015_10_11,1,1,1,,AP+AL+VF
2015_10_12,1,1,1,,AP+AL+VF
2015_10_13,1,1,1,,AP+AL+VF
2015_10_14,1,1,1,,AP+AL+VF
2015_10_15,1,1,1,,AP+AL+VF
2015_10_16,1,1,1,,AP+AL+VF
2015_10_17,1,1,1,,AP+AL+VF
2015_10_18,1,1,1,,AP+AL+VF
2015_10_19,1,1,1,,AP+AL+VF
2015_10_20,1,1,1,,AP+AL+VF
2015_10_21,1,1,1,,AP+AL+VF
2015_10_22,1,1,1,,AP+AL+VF
2015_10_23,1,1,1,,AP+AL+VF
2015_10_24,1,1,1,,AP+AL+VF
2015_10_25,1,1,1,,AP+AL+VF
2015_10_26,1,1,1,,AP+AL+VF
2015_10_27,1,1,1,,AP+AL+VF
2015_10_28,1,1,1,,AP+AL+VF
2015_10_29,0,0,0,AP+AL+VF,
2015_10_30,0,0,0,AP+AL+VF,
2015_10_31,0,0,0,AP+AL+VF,
2015_11_01,0,0,0,AP+AL+VF,
2015_11_02,0,0,0,AP+AL+VF,
2015_11_03,1,1,1,,AP+AL+VF
2015_11_04,1,1,1,,AP+AL+VF
2015_11_05,1,1,1,,AP+AL+VF
2015_11_06,1,1,1,,AP+AL+VF
2015_11_07,1,1,1,,AP+AL+VF
2015_11_08,1,1,1,,AP+AL+VF
2015_11_09,1,1,1,,AP+AL+VF
2015_11_10,1,1,1,,AP+AL+VF
2015_11_11,1,1,1,,AP+AL+VF
2015_11_12,1,1,1,,AP+AL+VF
2015_11_13,1,1,1,,AP+AL+VF
2015_11_14,1,1,1,,AP+AL+VF
2015_11_15,1,1,1,,AP+AL+VF
2015_11_16,1,1,1,,AP+AL+VF
2015_11_17,1,1,1,,AP+AL+VF
2015_11_18,1,1,1,,AP+AL+VF
2015_11_19,1,1,1,,AP+AL+VF
2015_11_20,1,1,1,,AP+AL+VF
2015_11_21,1,1,1,,AP+AL+VF
2015_11_22,0,0,0,AP+AL+VF,
2015_11_23,1,1,1,,AP+AL+VF
2015_11_24,1,1,1,,AP+AL+VF
2015_11_25,1,1,1,,AP+AL+VF
2015_11_26,1,1,1,,AP+AL+VF
2015_11_27,1,1,1,,AP+AL+VF
2015_11_28,1,1,1,,AP+AL+VF
2015_11_29,1,1,1,,AP+AL+VF
2015_11_30,1,1,1,,AP+AL+VF
2015_12_01,1,1,1,,AP+AL+VF
2015_12_02,1,1,1,,AP+AL+VF
2015_12_03,1,1,1,,AP+AL+VF
2015_12_04,1,1,1,,AP+AL+VF
2015_12_05,1,1,1,,AP+AL+VF
2015_12_06,1,1,1,,AP+AL+VF
2015_12_07,1,1,1,,AP+AL+VF
2015_12_08,1,1,1,,AP+AL+VF
2015_12_09,1,1,1,,AP+AL+VF
2015_12_10,1,1,1,,AP+AL+VF
2015_12_11,1,1,1,,AP+AL+VF
2015_12_12,1,1,1,,AP+AL+VF
2015_12_13,0,0,0,AP+AL+VF,
2015_12_14,1,1,1,,AP+AL+VF
2015_12_15,1,1,1,,AP+AL+VF
2015_12_16,1,1,1,,AP+AL+VF
2015_12_17,1,1,1,,AP+AL+VF
2015_12_18,1,1,1,,AP+AL+VF
2015_12_19,1,1,1,,AP+AL+VF
2015_12_20,1,1,1,,AP+AL+VF
2015_12_21,1,1,1,,AP+AL+VF
2015_12_22,1,1,1,,AP+AL+VF
2015_12_23,1,1,1,,AP+AL+VF
2015_12_24,1,1,1,,AP+AL+VF
2015_12_25,1,1,1,,AP+AL+VF
2015_12_26,1,1,1,,AP+AL+VF
2015_12_27,1,1,1,,AP+AL+VF
2015_12_28,1,1,1,,AP+AL+VF
2015_12_29,1,1,1,,AP+AL+VF
2015_12_30,1,1,1,,AP+AL+VF
2015_12_31,1,1,1,,AP+AL+VF
2016_01_01,1,1,1,,AP+AL+VF
2016_01_02,1,1,1,,AP+AL+VF
2016_01_03,1,1,1,,AP+AL+VF
2016_01_04,1,1,1,,AP+AL+VF
2016_01_05,1,1,1,,AP+AL+VF
2016_01_06,1,1,1,,AP+AL+VF
2016_01_07,1,1,1,,AP+AL+VF
2016_01_08,1,1,1,,AP+AL+VF
2016_01_09,1,1,1,,AP+AL+VF
2016_01_10,1,1,1,,AP+AL+VF
2016_01_11,1,1,1,,AP+AL+VF
2016_01_12,1,1,1,,AP+AL+VF
2016_01_13,1,1,1,,AP+AL+VF
2016_01_14,1,1,1,,AP+AL+VF
2016_01_15,1,1,1,,AP+AL+VF
2016_01_16,1,1,1,,AP+AL+VF
2016_01_17,1,1,1,,AP+AL+VF
2016_01_18,1,1,1,,AP+AL+VF
2016_01_19,1,1,1,,AP+AL+VF
2016_01_20,1,1,1,,AP+AL+VF
2016_01_21,1,1,1,,AP+AL+VF
2016_01_22,1,1,1,,AP+AL+VF
2016_01_23,1,1,1,,AP+AL+VF
2016_01_24,1,1,1,,AP+AL+VF
2016_01_25,1,1,1,,AP+AL+VF
2016_01_26,1,1,1,,AP+AL+VF
2016_01_27,1,1,1,,AP+AL+VF
2016_01_28,0,0,0,AP+AL+VF,
2016_01_29,0,0,0,AP+AL+VF,
2016_01_30,0,0,0,AP+AL+VF,
2016_01_31,0,0,0,AP+AL+VF,
2016_02_01,0,0,0,AP+AL+VF,
2016_02_02,0,0,0,AP+AL+VF,
2016_02_03,0,0,0,AP+AL+VF,
2016_02_04,0,0,0,AP+AL+VF,
2016_02_05,0,0,0,AP+AL+VF,
2016_02_06,0,0,0,AP+AL+VF,
2016_02_07,0,0,0,AP+AL+VF,
2016_02_08,0,0,0,AP+AL+VF,
2016_02_09,0,0,0,AP+AL+VF,
2016_02_10,0,0,0,AP+AL+VF,
2016_02_11,0,0,0,AP+AL+VF,
2016_02_12,0,0,0,AP+AL+VF,
2016_02_13,0,0,0,AP+AL+VF,
2016_02_14,0,0,0,AP+AL+VF,
2016_02_15,0,0,0,AP+AL+VF,
2016_02_16,0,0,0,AP+AL+VF,
2016_02_17,0,0,0,AP+AL+VF,
2016_02_18,0,0,0,AP+AL+VF,
2016_02_19,0,0,0,AP+AL+VF,
2016_02_20,0,0,0,AP+AL+VF,
2016_02_21,0,0,0,AP+AL+VF,
2016_02_22,0,0,0,AP+AL+VF,
2016_02_23,0,0,0,AP+AL+VF,
2016_02_24,0,0,0,AP+AL+VF,
2016_02_25,0,0,0,AP+AL+VF,
2016_02_26,0,0,0,AP+AL+VF,
2016_02_27,0,0,0,AP+AL+VF,
2016_02_28,0,0,0,AP+AL+VF,
2016_02_29,0,0,0,AP+AL+VF,
2016_03_01,0,0,0,AP+AL+VF,
2016_03_02,0,0,0,AP+AL+VF,
2016_03_03,0,0,0,AP+AL+VF,
2016_03_04,0,0,0,AP+AL+VF,
2016_03_05,0,0,0,AP+AL+VF,
2016_03_06,0,0,0,AP+AL+VF,
2016_03_07,0,0,0,AP+AL+VF,
2016_03_08,0,0,0,AP+AL+VF,
2016_03_09,0,0,0,AP+AL+VF,
2016_03_10,0,0,0,AP+AL+VF,
2016_03_11,0,0,0,AP+AL+VF,
2016_03_12,0,0,0,AP+AL+VF,
2016_03_13,0,0,0,AP+AL+VF,
2016_03_14,1,1,1,,AP+AL+VF
2016_03_15,1,1,1,,AP+AL+VF
2016_03_16,1,1,1,,AP+AL+VF
2016_03_17,1,1,1,,AP+AL+VF
2016_03_18,1,1,1,,AP+AL+VF
2016_03_19,1,1,1,,AP+AL+VF
2016_03_20,1,1,1,,AP+AL+VF
2016_03_21,1,1,1,,AP+AL+VF
2016_03_22,1,1,1,,AP+AL+VF
2016_03_23,1,1,1,,AP+AL+VF
2016_03_24,1,1,1,,AP+AL+VF
2016_03_25,1,1,1,,AP+AL+VF
2016_03_26,1,1,1,,AP+AL+VF
2016_03_27,1,1,1,,AP+AL+VF
2016_03_28,1,1,1,,AP+AL+VF
2016_03_29,1,1,1,,AP+AL+VF
2016_03_30,1,1,1,,AP+AL+VF
2016_03_31,1,1,1,,AP+AL+VF
2016_04_01,1,1,1,,AP+AL+VF
2016_04_02,1,1,1,,AP+AL+VF
2016_04_03,1,1,1,,AP+AL+VF
2016_04_04,1,1,1,,AP+AL+VF
2016_04_05,1,1,1,,AP+AL+VF
2016_04_06,1,1,1,,AP+AL+VF
2016_04_07,1,1,1,,AP+AL+VF
2016_04_08,1,1,1,,AP+AL+VF
2016_04_09,1,1,1,,AP+AL+VF
2016_04_10,1,1,1,,AP+AL+VF
2016_04_11,1,1,1,,AP+AL+VF
2016_04_12,1,1,1,,AP+AL+VF
2016_04_13,1,1,1,,AP+AL+VF
2016_04_14,1,1,1,,AP+AL+VF
2016_04_15,1,1,1,,AP+AL+VF
2016_04_16,1,1,1,,AP+AL+VF
2016_04_17,1,1,1,,AP+AL+VF
2016_04_18,1,1,1,,AP+AL+VF
2016_04_19,1,1,1,,AP+AL+VF
2016_04_20,1,1,1,,AP+AL+VF
2016_04_21,1,1,1,,AP+AL+VF
2016_04_22,1,1,1,,AP+AL+VF
2016_04_23,1,1,1,,AP+AL+VF
2016_04_24,1,1,1,,AP+AL+VF
2016_04_25,1,1,1,,AP+AL+VF
2016_04_26,1,1,1,,AP+AL+VF
2016_04_27,1,1,1,,AP+AL+VF
2016_04_28,1,1,1,,AP+AL+VF
2016_04_29,1,1,1,,AP+AL+VF
2016_04_30,1,1,1,,AP+AL+VF
2016_05_01,1,1,1,,AP+AL+VF
2016_05_02,1,1,1,,AP+AL+VF
2016_05_03,1,1,1,,AP+AL+VF
2016_05_04,1,1,1,,AP+AL+VF
2016_05_05,1,1,1,,AP+AL+VF
2016_05_06,1,1,1,,AP+AL+VF
2016_05_07,1,1,1,,AP+AL+VF
2016_05_08,1,1,1,,AP+AL+VF
2016_05_09,1,1,1,,AP+AL+VF
2016_05_10,1,1,1,,AP+AL+VF
2016_05_11,1,1,1,,AP+AL+VF
2016_05_12,1,1,1,,AP+AL+VF
2016_05_13,1,1,1,,AP+AL+VF
2016_05_14,1,1,1,,AP+AL+VF
2016_05_15,1,1,1,,AP+AL+VF
2016_05_16,1,1,1,,AP+AL+VF
2016_05_17,1,1,1,,AP+AL+VF
2016_05_18,1,1,1,,AP+AL+VF
2016_05_19,1,1,1,,AP+AL+VF
2016_05_20,1,1,1,,AP+AL+VF
2016_05_21,1,1,1,,AP+AL+VF
2016_05_22,1,1,1,,AP+AL+VF
2016_05_23,1,1,1,,AP+AL+VF
2016_05_24,1,1,1,,AP+AL+VF
2016_05_25,1,1,1,,AP+AL+VF
2016_05_26,1,1,1,,AP+AL+VF
2016_05_27,1,1,1,,AP+AL+VF
2016_05_28,1,1,1,,AP+AL+VF
2016_05_29,1,1,1,,AP+AL+VF
2016_05_30,1,1,1,,AP+AL+VF
2016_05_31,1,1,1,,AP+AL+VF
2016_06_01,1,1,1,,AP+AL+VF
2016_06_02,1,1,1,,AP+AL+VF
2016_06_03,1,1,1,,AP+AL+VF
2016_06_04,1,1,1,,AP+AL+VF
2016_06_05,1,1,1,,AP+AL+VF
2016_06_06,1,1,1,,AP+AL+VF
2016_06_07,1,1,1,,AP+AL+VF
2016_06_08,1,1,1,,AP+AL+VF
2016_06_09,1,1,1,,AP+AL+VF
2016_06_10,1,1,1,,AP+AL+VF
2016_06_11,1,1,1,,AP+AL+VF
2016_06_12,1,1,1,,AP+AL+VF
2016_06_13,1,1,1,,AP+AL+VF
2016_06_14,1,1,1,,AP+AL+VF
2016_06_15,1,1,1,,AP+AL+VF
2016_06_16,1,1,1,,AP+AL+VF
2016_06_17,1,1,1,,AP+AL+VF
2016_06_18,1,1,1,,AP+AL+VF
2016_06_19,1,1,1,,AP+AL+VF
2016_06_20,1,1,1,,AP+AL+VF
2016_06_21,1,1,1,,AP+AL+VF
2016_06_22,1,1,1,,AP+AL+VF
2016_06_23,1,1,1,,AP+AL+VF
2016_06_24,1,1,1,,AP+AL+VF
2016_06_25,1,1,1,,AP+AL+VF
2016_06_26,1,1,1,,AP+AL+VF
2016_06_27,1,1,1,,AP+AL+VF
2016_06_28,1,1,1,,AP+AL+VF
2016_06_29,1,1,1,,AP+AL+VF
2016_06_30,1,1,1,,AP+AL+VF
2016_07_01,1,1,1,,AP+AL+VF
2016_07_02,1,1,1,,AP+AL+VF
2016_07_03,1,1,1,,AP+AL+VF
2016_07_04,1,1,1,,AP+AL+VF
2016_07_05,1,1,1,,AP+AL+VF
2016_07_06,1,1,1,,AP+AL+VF
2016_07_07,1,1,1,,AP+AL+VF
2016_07_08,1,1,1,,AP+AL+VF
2016_07_09,1,1,1,,AP+AL+VF
2016_07_10,1,1,1,,AP+AL+VF
2016_07_11,1,1,1,,AP+AL+VF
2016_07_12,1,1,1,,AP+AL+VF
2016_07_13,1,1,1,,AP+AL+VF
2016_07_14,1,1,1,,AP+AL+VF
2016_07_15,1,1,1,,AP+AL+VF
2016_07_16,1,1,1,,AP+AL+VF
2016_07_17,1,1,1,,AP+AL+VF
2016_07_18,1,1,1,,AP+AL+VF
2016_07_19,1,1,1,,AP+AL+VF
2016_07_20,1,1,1,,AP+AL+VF
2016_07_21,1,1,1,,AP+AL+VF
2016_07_22,1,1,1,,AP+AL+VF
2016_07_23,1,1,1,,AP+AL+VF
2016_07_24,1,1,1,,AP+AL+VF
2016_07_25,1,1,1,,AP+AL+VF
2016_07_26,1,1,1,,AP+AL+VF
2016_07_27,1,1,1,,AP+AL+VF
2016_07_28,1,1,1,,AP+AL+VF
2016_07_29,1,1,1,,AP+AL+VF
2016_07_30,1,1,1,,AP+AL+VF
2016_07_31,1,1,1,,AP+AL+VF
2016_08_01,1,1,1,,AP+AL+VF
2016_08_02,1,1,1,,AP+AL+VF
2016_08_03,1,1,1,,AP+AL+VF
2016_08_04,1,1,1,,AP+AL+VF
2016_08_05,1,1,1,,AP+AL+VF
2016_08_06,1,1,1,,AP+AL+VF
2016_08_07,1,1,1,,AP+AL+VF
2016_08_08,1,1,1,,AP+AL+VF
2016_08_09,1,1,1,,AP+AL+VF
2016_08_10,1,1,1,,AP+AL+VF
2016_08_11,1,1,1,,AP+AL+VF
2016_08_12,1,1,1,,AP+AL+VF
2016_08_13,1,1,1,,AP+AL+VF
2016_08_14,1,1,1,,AP+AL+VF
2016_08_15,1,1,1,,AP+AL+VF
2016_08_16,1,1,1,,AP+AL+VF
2016_08_17,1,1,1,,AP+AL+VF
2016_08_18,1,1,1,,AP+AL+VF
2016_08_19,1,1,1,,AP+AL+VF
2016_08_20,1,1,1,,AP+AL+VF
2016_08_21,1,1,1,,AP+AL+VF
2016_08_22,1,1,1,,AP+AL+VF
2016_08_23,1,1,1,,AP+AL+VF
2016_08_24,1,1,1,,AP+AL+VF
2016_08_25,1,1,1,,AP+AL+VF
2016_08_26,1,1,1,,AP+AL+VF
2016_08_27,1,1,1,,AP+AL+VF
2016_08_28,1,1,1,,AP+AL+VF
2016_08_29,1,1,1,,AP+AL+VF
2016_08_30,1,1,1,,AP+AL+VF
2016_08_31,1,1,1,,AP+AL+VF
2016_09_01,1,1,1,,AP+AL+VF
2016_09_02,1,1,1,,AP+AL+VF
2016_09_03,1,1,1,,AP+AL+VF
2016_09_04,1,1,1,,AP+AL+VF
2016_09_05,1,1,1,,AP+AL+VF
2016_09_06,1,1,1,,AP+AL+VF
2016_09_07,1,1,1,,AP+AL+VF
2016_09_08,1,1,1,,AP+AL+VF
2016_09_09,1,1,1,,AP+AL+VF
2016_09_10,1,1,1,,AP+AL+VF
2016_09_11,1,1,1,,AP+AL+VF
2016_09_12,1,1,1,,AP+AL+VF
2016_09_13,1,1,1,,AP+AL+VF
2016_09_14,1,1,1,,AP+AL+VF
2016_09_15,1,1,1,,AP+AL+VF
2016_09_16,1,1,1,,AP+AL+VF
2016_09_17,1,1,1,,AP+AL+VF
2016_09_18,1,1,1,,AP+AL+VF
2016_09_19,1,1,1,,AP+AL+VF
2016_09_20,1,1,1,,AP+AL+VF
2016_09_21,1,1,1,,AP+AL+VF
2016_09_22,1,1,1,,AP+AL+VF
2016_09_23,1,1,1,,AP+AL+VF
2016_09_24,1,1,1,,AP+AL+VF
2016_09_25,1,1,1,,AP+AL+VF
2016_09_26,1,1,1,,AP+AL+VF
2016_09_27,1,1,1,,AP+AL+VF
2016_09_28,1,1,1,,AP+AL+VF
2016_09_29,1,1,1,,AP+AL+VF
2016_09_30,1,1,1,,AP+AL+VF
2016_10_01,1,1,1,,AP+AL+VF
2016_10_02,1,1,1,,AP+AL+VF
2016_10_03,1,1,1,,AP+AL+VF
2016_10_04,0,0,0,AP+AL+VF,
2016_10_05,0,0,0,AP+AL+VF,
2016_10_06,1,1,1,,AP+AL+VF
2016_10_07,1,1,1,,AP+AL+VF
2016_10_08,1,1,1,,AP+AL+VF
2016_10_09,1,1,1,,AP+AL+VF
2016_10_10,1,1,1,,AP+AL+VF
2016_10_11,1,1,1,,AP+AL+VF
2016_10_12,1,1,1,,AP+AL+VF
2016_10_13,1,1,1,,AP+AL+VF
2016_10_14,1,1,1,,AP+AL+VF
2016_10_15,1,1,1,,AP+AL+VF
2016_10_16,1,1,1,,AP+AL+VF
2016_10_17,1,1,1,,AP+AL+VF
2016_10_18,1,1,1,,AP+AL+VF
2016_10_19,1,1,1,,AP+AL+VF
2016_10_20,1,1,1,,AP+AL+VF
2016_10_21,1,1,1,,AP+AL+VF
2016_10_22,1,1,1,,AP+AL+VF
2016_10_23,1,1,1,,AP+AL+VF
2016_10_24,1,1,1,,AP+AL+VF
2016_10_25,1,1,1,,AP+AL+VF
2016_10_26,1,1,1,,AP+AL+VF
2016_10_27,1,1,1,,AP+AL+VF
2016_10_28,1,1,1,,AP+AL+VF
2016_10_29,1,1,1,,AP+AL+VF
2016_10_30,1,1,1,,AP+AL+VF
2016_10_31,1,1,1,,AP+AL+VF
2016_11_01,1,1,1,,AP+AL+VF
2016_11_02,1,1,1,,AP+AL+VF
2016_11_03,1,1,1,,AP+AL+VF
2016_11_04,1,1,1,,AP+AL+VF
2016_11_05,1,1,1,,AP+AL+VF
2016_11_06,1,1,1,,AP+AL+VF
2016_11_07,1,1,1,,AP+AL+VF
2016_11_08,1,1,1,,AP+AL+VF
2016_11_09,1,1,1,,AP+AL+VF
2016_11_10,1,1,1,,AP+AL+VF
2016_11_11,1,1,1,,AP+AL+VF
2016_11_12,1,1,1,,AP+AL+VF
2016_11_13,1,1,1,,AP+AL+VF
2016_11_14,1,1,1,,AP+AL+VF
2016_11_15,1,1,1,,AP+AL+VF
2016_11_16,1,1,1,,AP+AL+VF
2016_11_17,1,1,1,,AP+AL+VF
2016_11_18,1,1,1,,AP+AL+VF
2016_11_19,1,1,1,,AP+AL+VF
2016_11_20,1,1,1,,AP+AL+VF
2016_11_21,1,1,1,,AP+AL+VF
2016_11_22,1,1,1,,AP+AL+VF
2016_11_23,0,0,0,AP+AL+VF,
2016_11_24,0,0,0,AP+AL+VF,
2016_11_25,1,1,1,,AP+AL+VF
2016_11_26,1,1,1,,AP+AL+VF
2016_11_27,1,1,1,,AP+AL+VF
2016_11_28,1,1,1,,AP+AL+VF
2016_11_29,1,1,1,,AP+AL+VF
2016_11_30,1,1,1,,AP+AL+VF
2016_12_01,1,1,1,,AP+AL+VF
2016_12_02,1,1,1,,AP+AL+VF
2016_12_03,0,0,0,AP+AL+VF,
2016_12_04,1,1,1,,AP+AL+VF
2016_12_05,1,1,1,,AP+AL+VF
2016_12_06,1,1,1,,AP+AL+VF
2016_12_07,1,1,1,,AP+AL+VF
2016_12_08,1,1,1,,AP+AL+VF
2016_12_09,1,1,1,,AP+AL+VF
2016_12_10,1,1,1,,AP+AL+VF
2016_12_11,1,1,1,,AP+AL+VF
2016_12_12,1,1,1,,AP+AL+VF
2016_12_13,1,1,1,,AP+AL+VF
2016_12_14,1,1,1,,AP+AL+VF
2016_12_15,0,0,0,AP+AL+VF,
2016_12_16,1,1,1,,AP+AL+VF
2016_12_17,1,1,1,,AP+AL+VF
2016_12_18,1,1,1,,AP+AL+VF
2016_12_19,1,1,1,,AP+AL+VF
2016_12_20,1,1,1,,AP+AL+VF
2016_12_21,1,1,1,,AP+AL+VF
2016_12_22,1,1,1,,AP+AL+VF
2016_12_23,1,1,1,,AP+AL+VF
2016_12_24,1,1,1,,AP+AL+VF
2016_12_25,1,1,1,,AP+AL+VF
2016_12_26,1,1,1,,AP+AL+VF
2016_12_27,1,1,1,,AP+AL+VF
2016_12_28,1,1,1,,AP+AL+VF
2016_12_29,1,1,1,,AP+AL+VF
2016_12_30,1,1,1,,AP+AL+VF
2016_12_31,0,0,0,AP+AL+VF,
2017_01_01,1,1,1,,AP+AL+VF
2017_01_02,1,1,1,,AP+AL+VF
2017_01_03,1,1,1,,AP+AL+VF
2017_01_04,1,1,1,,AP+AL+VF
2017_01_05,1,1,1,,AP+AL+VF
2017_01_06,1,1,1,,AP+AL+VF
2017_01_07,1,1,1,,AP+AL+VF
2017_01_08,1,1,1,,AP+AL+VF
2017_01_09,1,1,1,,AP+AL+VF
2017_01_10,1,1,1,,AP+AL+VF
2017_01_11,1,1,1,,AP+AL+VF
2017_01_12,1,1,1,,AP+AL+VF
2017_01_13,1,1,1,,AP+AL+VF
2017_01_14,1,1,1,,AP+AL+VF
2017_01_15,1,1,1,,AP+AL+VF
2017_01_16,1,1,1,,AP+AL+VF
2017_01_17,1,1,1,,AP+AL+VF
2017_01_18,1,1,1,,AP+AL+VF
2017_01_19,1,1,1,,AP+AL+VF
2017_01_20,1,1,1,,AP+AL+VF
2017_01_21,1,1,1,,AP+AL+VF
2017_01_22,1,1,1,,AP+AL+VF
2017_01_23,1,1,1,,AP+AL+VF
2017_01_24,1,1,1,,AP+AL+VF
2017_01_25,1,1,1,,AP+AL+VF
2017_01_26,1,1,1,,AP+AL+VF
2017_01_27,1,1,1,,AP+AL+VF
2017_01_28,1,1,1,,AP+AL+VF
2017_01_29,1,1,1,,AP+AL+VF
2017_01_30,1,1,1,,AP+AL+VF
2017_01_31,1,1,1,,AP+AL+VF
2017_02_01,1,1,1,,AP+AL+VF
2017_02_02,1,1,1,,AP+AL+VF
2017_02_03,1,1,1,,AP+AL+VF
2017_02_04,1,1,1,,AP+AL+VF
2017_02_05,1,1,1,,AP+AL+VF
2017_02_06,1,1,1,,AP+AL+VF
2017_02_07,1,1,1,,AP+AL+VF
2017_02_08,1,1,1,,AP+AL+VF
2017_02_09,1,1,1,,AP+AL+VF
2017_02_10,1,1,1,,AP+AL+VF
2017_02_11,1,1,1,,AP+AL+VF
2017_02_12,1,1,1,,AP+AL+VF
2017_02_13,1,1,1,,AP+AL+VF
2017_02_14,1,1,1,,AP+AL+VF
2017_02_15,1,1,1,,AP+AL+VF
2017_02_16,1,1,1,,AP+AL+VF
2017_02_17,1,1,1,,AP+AL+VF
2017_02_18,1,1,1,,AP+AL+VF
2017_02_19,1,1,1,,AP+AL+VF
2017_02_20,1,1,1,,AP+AL+VF
2017_02_21,1,1,1,,AP+AL+VF
2017_02_22,1,1,1,,AP+AL+VF
2017_02_23,1,1,1,,AP+AL+VF
2017_02_24,1,1,1,,AP+AL+VF
2017_02_25,1,1,1,,AP+AL+VF
2017_02_26,1,1,1,,AP+AL+VF
2017_02_27,1,1,1,,AP+AL+VF
2017_02_28,1,1,1,,AP+AL+VF
2017_03_01,1,1,1,,AP+AL+VF
2017_03_02,1,1,1,,AP+AL+VF
2017_03_03,1,1,1,,AP+AL+VF
2017_03_04,1,1,1,,AP+AL+VF
2017_03_05,1,1,1,,AP+AL+VF
2017_03_06,1,1,1,,AP+AL+VF
2017_03_07,1,1,1,,AP+AL+VF
2017_03_08,1,1,1,,AP+AL+VF
2017_03_09,1,1,1,,AP+AL+VF
2017_03_10,1,1,1,,AP+AL+VF
2017_03_11,1,1,1,,AP+AL+VF
2017_03_12,1,1,1,,AP+AL+VF
2017_03_13,1,1,1,,AP+AL+VF
2017_03_14,1,1,1,,AP+AL+VF
2017_03_15,1,1,1,,AP+AL+VF
2017_03_16,1,1,1,,AP+AL+VF
2017_03_17,1,1,1,,AP+AL+VF
2017_03_18,1,1,1,,AP+AL+VF
2017_03_19,1,1,1,,AP+AL+VF
2017_03_20,1,1,1,,AP+AL+VF
2017_03_21,1,1,1,,AP+AL+VF
2017_03_22,1,1,1,,AP+AL+VF
2017_03_23,1,1,1,,AP+AL+VF
2017_03_24,1,1,1,,AP+AL+VF
2017_03_25,1,1,1,,AP+AL+VF
2017_03_26,1,1,1,,AP+AL+VF
2017_03_27,1,1,1,,AP+AL+VF
2017_03_28,1,1,1,,AP+AL+VF
2017_03_29,1,1,1,,AP+AL+VF
2017_03_30,1,1,1,,AP+AL+VF
2017_03_31,1,1,1,,AP+AL+VF
2017_04_01,1,1,1,,AP+AL+VF
2017_04_02,1,1,1,,AP+AL+VF
2017_04_03,1,1,1,,AP+AL+VF
2017_04_04,0,0,0,AP+AL+VF,
2017_04_05,0,0,0,AP+AL+VF,
2017_04_06,1,1,1,,AP+AL+VF
2017_04_07,1,1,1,,AP+AL+VF
2017_04_08,1,1,1,,AP+AL+VF
2017_04_09,1,1,1,,AP+AL+VF
2017_04_10,1,1,1,,AP+AL+VF
2017_04_11,1,1,1,,AP+AL+VF
2017_04_12,1,1,1,,AP+AL+VF
2017_04_13,0,0,0,AP+AL+VF,
2017_04_14,1,1,1,,AP+AL+VF
2017_04_15,1,1,1,,AP+AL+VF
2017_04_16,1,1,1,,AP+AL+VF
2017_04_17,1,1,1,,AP+AL+VF
2017_04_18,1,1,1,,AP+AL+VF
2017_04_19,1,1,1,,AP+AL+VF
2017_04_20,1,1,1,,AP+AL+VF
2017_04_21,1,1,1,,AP+AL+VF
2017_04_22,1,1,1,,AP+AL+VF
2017_04_23,1,1,1,,AP+AL+VF
2017_04_24,1,1,1,,AP+AL+VF
2017_04_25,1,1,1,,AP+AL+VF
2017_04_26,1,1,1,,AP+AL+VF
2017_04_27,1,1,1,,AP+AL+VF
2017_04_28,1,1,1,,AP+AL+VF
2017_04_29,1,1,1,,AP+AL+VF
2017_04_30,1,1,1,,AP+AL+VF
2017_05_01,1,1,1,,AP+AL+VF
2017_05_02,1,1,1,,AP+AL+VF
2017_05_03,1,1,1,,AP+AL+VF
2017_05_04,1,1,1,,AP+AL+VF
2017_05_05,1,1,1,,AP+AL+VF
2017_05_06,1,1,1,,AP+AL+VF
2017_05_07,1,1,1,,AP+AL+VF
2017_05_08,1,1,1,,AP+AL+VF
2017_05_09,1,1,1,,AP+AL+VF
2017_05_10,1,1,1,,AP+AL+VF
2017_05_11,1,1,1,,AP+AL+VF
2017_05_12,1,1,1,,AP+AL+VF
2017_05_13,1,1,1,,AP+AL+VF
2017_05_14,1,1,1,,AP+AL+VF
2017_05_15,1,1,1,,AP+AL+VF
2017_05_16,1,1,1,,AP+AL+VF
2017_05_17,1,1,1,,AP+AL+VF
2017_05_18,1,1,1,,AP+AL+VF
2017_05_19,1,1,1,,AP+AL+VF
2017_05_20,1,1,1,,AP+AL+VF
2017_05_21,1,1,1,,AP+AL+VF
2017_05_22,1,1,1,,AP+AL+VF
2017_05_23,1,1,1,,AP+AL+VF
2017_05_24,1,1,1,,AP+AL+VF
2017_05_25,1,1,1,,AP+AL+VF
2017_05_26,1,1,1,,AP+AL+VF
2017_05_27,1,1,1,,AP+AL+VF
2017_05_28,1,1,1,,AP+AL+VF
2017_05_29,1,1,1,,AP+AL+VF
2017_05_30,1,1,1,,AP+AL+VF
2017_05_31,1,1,1,,AP+AL+VF
2017_06_01,1,1,1,,AP+AL+VF
2017_06_02,1,1,1,,AP+AL+VF
2017_06_03,1,1,1,,AP+AL+VF
2017_06_04,1,1,1,,AP+AL+VF
2017_06_05,1,1,1,,AP+AL+VF
2017_06_06,1,1,1,,AP+AL+VF
2017_06_07,1,1,1,,AP+AL+VF
2017_06_08,1,1,1,,AP+AL+VF
2017_06_09,1,1,1,,AP+AL+VF
2017_06_10,1,1,1,,AP+AL+VF
2017_06_11,1,1,1,,AP+AL+VF
2017_06_12,1,1,1,,AP+AL+VF
2017_06_13,1,1,1,,AP+AL+VF
2017_06_14,1,1,1,,AP+AL+VF
2017_06_15,1,1,1,,AP+AL+VF
2017_06_16,1,1,1,,AP+AL+VF
2017_06_17,1,1,1,,AP+AL+VF
2017_06_18,1,1,1,,AP+AL+VF
2017_06_19,1,1,1,,AP+AL+VF
2017_06_20,1,1,1,,AP+AL+VF
2017_06_21,1,1,1,,AP+AL+VF
2017_06_22,1,1,1,,AP+AL+VF
2017_06_23,1,1,1,,AP+AL+VF
2017_06_24,1,1,1,,AP+AL+VF
2017_06_25,1,1,1,,AP+AL+VF
2017_06_26,1,1,1,,AP+AL+VF
2017_06_27,1,1,1,,AP+AL+VF
2017_06_28,1,1,1,,AP+AL+VF
2017_06_29,1,1,1,,AP+AL+VF
2017_06_30,1,1,1,,AP+AL+VF
2017_07_01,1,1,1,,AP+AL+VF
2017_07_02,1,1,1,,AP+AL+VF
2017_07_03,1,1,1,,AP+AL+VF
2017_07_04,1,1,1,,AP+AL+VF
2017_07_05,1,1,1,,AP+AL+VF
2017_07_06,1,1,1,,AP+AL+VF
2017_07_07,1,1,1,,AP+AL+VF
2017_07_08,1,1,1,,AP+AL+VF
2017_07_09,1,1,1,,AP+AL+VF
2017_07_10,1,1,1,,AP+AL+VF
2017_07_11,1,1,1,,AP+AL+VF
2017_07_12,1,1,1,,AP+AL+VF
2017_07_13,1,1,1,,AP+AL+VF
2017_07_14,1,1,1,,AP+AL+VF
2017_07_15,0,0,0,AP+AL+VF,
2017_07_16,0,0,0,AP+AL+VF,
2017_07_17,0,0,0,AP+AL+VF,
2017_07_18,0,0,0,AP+AL+VF,
2017_07_19,0,0,0,AP+AL+VF,
2017_07_20,0,0,0,AP+AL+VF,
2017_07_21,0,0,0,AP+AL+VF,
2017_07_22,0,0,0,AP+AL+VF,
2017_07_23,0,0,0,AP+AL+VF,
2017_07_24,0,0,0,AP+AL+VF,
2017_07_25,0,0,0,AP+AL+VF,
2017_07_26,0,0,0,AP+AL+VF,
2017_07_27,0,0,0,AP+AL+VF,
2017_07_28,0,0,0,AP+AL+VF,
2017_07_29,0,0,0,AP+AL+VF,
2017_07_30,0,0,0,AP+AL+VF,
2017_07_31,0,0,0,AP+AL+VF,
2017_08_01,0,0,0,AP+AL+VF,
2017_08_02,0,0,0,AP+AL+VF,
2017_08_03,0,0,0,AP+AL+VF,
2017_08_04,0,0,0,AP+AL+VF,
2017_08_05,1,1,1,,AP+AL+VF
2017_08_06,1,1,1,,AP+AL+VF
2017_08_07,1,1,1,,AP+AL+VF
2017_08_08,1,1,1,,AP+AL+VF
2017_08_09,1,1,1,,AP+AL+VF
2017_08_10,1,1,1,,AP+AL+VF
2017_08_11,1,1,1,,AP+AL+VF
2017_08_12,1,1,1,,AP+AL+VF
2017_08_13,1,1,1,,AP+AL+VF
2017_08_14,1,1,1,,AP+AL+VF
2017_08_15,1,1,1,,AP+AL+VF
2017_08_16,1,1,1,,AP+AL+VF
2017_08_17,1,1,1,,AP+AL+VF
2017_08_18,1,1,1,,AP+AL+VF
2017_08_19,1,1,1,,AP+AL+VF
2017_08_20,1,1,1,,AP+AL+VF
2017_08_21,1,1,1,,AP+AL+VF
2017_08_22,1,1,1,,AP+AL+VF
2017_08_23,1,1,1,,AP+AL+VF
2017_08_24,1,1,1,,AP+AL+VF
2017_08_25,1,1,1,,AP+AL+VF
2017_08_26,1,1,1,,AP+AL+VF
2017_08_27,1,1,1,,AP+AL+VF
2017_08_28,1,1,1,,AP+AL+VF
2017_08_29,1,1,1,,AP+AL+VF
2017_08_30,1,1,1,,AP+AL+VF
2017_08_31,1,1,1,,AP+AL+VF
2017_09_01,1,1,1,,AP+AL+VF
2017_09_02,1,1,1,,AP+AL+VF
2017_09_03,1,1,1,,AP+AL+VF
2017_09_04,1,1,1,,AP+AL+VF
2017_09_05,0,0,0,AP+AL+VF,
2017_09_06,0,0,0,AP+AL+VF,
2017_09_07,0,0,0,AP+AL+VF,
2017_09_08,0,0,0,AP+AL+VF,
2017_09_09,0,0,0,AP+AL+VF,
2017_09_10,0,0,0,AP+AL+VF,
2017_09_11,0,0,0,AP+AL+VF,
2017_09_12,0,0,0,AP+AL+VF,
2017_09_13,0,0,0,AP+AL+VF,
2017_09_14,0,0,0,AP+AL+VF,
2017_09_15,1,1,1,,AP+AL+VF
2017_09_16,1,1,1,,AP+AL+VF
2017_09_17,1,1,1,,AP+AL+VF
2017_09_18,1,1,1,,AP+AL+VF
2017_09_19,0,0,0,AP+AL+VF,
2017_09_20,1,1,1,,AP+AL+VF
2017_09_21,1,1,1,,AP+AL+VF
2017_09_22,1,1,1,,AP+AL+VF
2017_09_23,1,1,1,,AP+AL+VF
2017_09_24,1,1,1,,AP+AL+VF
2017_09_25,1,1,1,,AP+AL+VF
2017_09_26,1,1,1,,AP+AL+VF
2017_09_27,1,1,1,,AP+AL+VF
2017_09_28,1,1,1,,AP+AL+VF
2017_09_29,1,1,1,,AP+AL+VF
2017_09_30,1,1,1,,AP+AL+VF
2017_10_01,1,1,1,,AP+AL+VF
2017_10_02,1,1,1,,AP+AL+VF
2017_10_03,1,1,1,,AP+AL+VF
2017_10_04,1,1,1,,AP+AL+VF
2017_10_05,1,1,1,,AP+AL+VF
2017_10_06,1,1,1,,AP+AL+VF
2017_10_07,1,1,1,,AP+AL+VF
2017_10_08,1,1,1,,AP+AL+VF
2017_10_09,1,1,1,,AP+AL+VF
2017_10_10,1,1,1,,AP+AL+VF
2017_10_11,1,1,1,,AP+AL+VF
2017_10_12,1,1,1,,AP+AL+VF
2017_10_13,1,1,1,,AP+AL+VF
2017_10_14,1,1,1,,AP+AL+VF
2017_10_15,1,1,1,,AP+AL+VF
2017_10_16,1,1,1,,AP+AL+VF
2017_10_17,1,1,1,,AP+AL+VF
2017_10_18,1,1,1,,AP+AL+VF
2017_10_19,1,1,1,,AP+AL+VF
2017_10_20,1,1,1,,AP+AL+VF
2017_10_21,1,1,1,,AP+AL+VF
2017_10_22,1,1,1,,AP+AL+VF
2017_10_23,1,1,1,,AP+AL+VF
2017_10_24,1,1,1,,AP+AL+VF
2017_10_25,1,1,1,,AP+AL+VF
2017_10_26,1,1,1,,AP+AL+VF
2017_10_27,1,1,1,,AP+AL+VF
2017_10_28,1,1,1,,AP+AL+VF
2017_10_29,1,1,1,,AP+AL+VF
2017_10_30,1,1,1,,AP+AL+VF
2017_10_31,1,1,1,,AP+AL+VF
2017_11_01,1,1,1,,AP+AL+VF
2017_11_02,1,1,1,,AP+AL+VF
2017_11_03,1,1,1,,AP+AL+VF
2017_11_04,1,1,1,,AP+AL+VF
2017_11_05,1,1,1,,AP+AL+VF
2017_11_06,1,1,1,,AP+AL+VF
2017_11_07,1,1,1,,AP+AL+VF
2017_11_08,1,1,1,,AP+AL+VF
2017_11_09,1,1,1,,AP+AL+VF
2017_11_10,1,1,1,,AP+AL+VF
2017_11_11,1,1,1,,AP+AL+VF
2017_11_12,1,1,1,,AP+AL+VF
2017_11_13,1,1,1,,AP+AL+VF
2017_11_14,1,1,1,,AP+AL+VF
2017_11_15,1,1,1,,AP+AL+VF
2017_11_16,1,1,1,,AP+AL+VF
2017_11_17,1,1,1,,AP+AL+VF
2017_11_18,1,1,1,,AP+AL+VF
2017_11_19,1,1,1,,AP+AL+VF
2017_11_20,1,1,1,,AP+AL+VF
2017_11_21,1,1,1,,AP+AL+VF
2017_11_22,1,1,1,,AP+AL+VF
2017_11_23,1,1,1,,AP+AL+VF
2017_11_24,1,1,1,,AP+AL+VF
2017_11_25,1,1,1,,AP+AL+VF
2017_11_26,1,1,1,,AP+AL+VF
2017_11_27,1,1,1,,AP+AL+VF
2017_11_28,1,1,1,,AP+AL+VF
2017_11_29,1,1,1,,AP+AL+VF
2017_11_30,1,1,1,,AP+AL+VF
2017_12_01,1,1,1,,AP+AL+VF
2017_12_02,1,1,1,,AP+AL+VF
2017_12_03,1,1,1,,AP+AL+VF
2017_12_04,1,1,1,,AP+AL+VF
2017_12_05,1,1,1,,AP+AL+VF
2017_12_06,1,1,1,,AP+AL+VF
2017_12_07,1,1,1,,AP+AL+VF
2017_12_08,1,1,1,,AP+AL+VF
2017_12_09,1,1,1,,AP+AL+VF
2017_12_10,1,1,1,,AP+AL+VF
2017_12_11,1,1,1,,AP+AL+VF
2017_12_12,1,1,1,,AP+AL+VF
2017_12_13,1,1,1,,AP+AL+VF
2017_12_14,1,1,1,,AP+AL+VF
2017_12_15,1,1,1,,AP+AL+VF
2017_12_16,1,1,1,,AP+AL+VF
2017_12_17,1,1,1,,AP+AL+VF
2017_12_18,1,1,1,,AP+AL+VF
2017_12_19,1,1,1,,AP+AL+VF
2017_12_20,1,1,1,,AP+AL+VF
2017_12_21,1,1,1,,AP+AL+VF
2017_12_22,1,1,1,,AP+AL+VF
2017_12_23,1,1,1,,AP+AL+VF
2017_12_24,1,1,1,,AP+AL+VF
2017_12_25,1,1,1,,AP+AL+VF
2017_12_26,1,1,1,,AP+AL+VF
2017_12_27,1,1,1,,AP+AL+VF
2017_12_28,1,1,1,,AP+AL+VF
2017_12_29,1,1,1,,AP+AL+VF
2017_12_30,1,1,1,,AP+AL+VF
2017_12_31,1,1,1,,AP+AL+VF
2018_01_01,1,1,1,,AP+AL+VF
2018_01_02,1,1,1,,AP+AL+VF
2018_01_03,1,1,1,,AP+AL+VF
2018_01_04,1,1,1,,AP+AL+VF
2018_01_05,1,1,1,,AP+AL+VF
2018_01_06,1,1,1,,AP+AL+VF
2018_01_07,1,1,1,,AP+AL+VF
2018_01_08,1,1,1,,AP+AL+VF
2018_01_09,1,1,1,,AP+AL+VF
2018_01_10,1,1,1,,AP+AL+VF
2018_01_11,1,1,1,,AP+AL+VF
2018_01_12,1,1,1,,AP+AL+VF
2018_01_13,1,1,1,,AP+AL+VF
2018_01_14,1,1,1,,AP+AL+VF
2018_01_15,1,1,1,,AP+AL+VF
2018_01_16,1,1,1,,AP+AL+VF
2018_01_17,1,1,1,,AP+AL+VF
2018_01_18,1,1,1,,AP+AL+VF
2018_01_19,1,1,1,,AP+AL+VF
2018_01_20,1,1,1,,AP+AL+VF
2018_01_21,1,1,1,,AP+AL+VF
2018_01_22,1,1,1,,AP+AL+VF
2018_01_23,1,1,1,,AP+AL+VF
2018_01_24,1,1,1,,AP+AL+VF
2018_01_25,1,1,1,,AP+AL+VF
2018_01_26,1,1,1,,AP+AL+VF
2018_01_27,1,1,1,,AP+AL+VF
2018_01_28,1,1,1,,AP+AL+VF
2018_01_29,1,1,1,,AP+AL+VF
2018_01_30,1,1,1,,AP+AL+VF
2018_01_31,1,1,1,,AP+AL+VF
2018_02_01,1,1,1,,AP+AL+VF
2018_02_02,1,1,1,,AP+AL+VF
2018_02_03,1,1,1,,AP+AL+VF
2018_02_04,1,1,1,,AP+AL+VF
2018_02_05,1,1,1,,AP+AL+VF
2018_02_06,1,1,1,,AP+AL+VF
2018_02_07,1,1,1,,AP+AL+VF
2018_02_08,1,1,1,,AP+AL+VF
2018_02_09,1,1,1,,AP+AL+VF
2018_02_10,1,1,1,,AP+AL+VF
2018_02_11,1,1,1,,AP+AL+VF
2018_02_12,1,1,1,,AP+AL+VF
2018_02_13,1,1,1,,AP+AL+VF
2018_02_14,1,1,1,,AP+AL+VF
2018_02_15,1,1,1,,AP+AL+VF
2018_02_16,1,1,1,,AP+AL+VF
2018_02_17,1,1,1,,AP+AL+VF
2018_02_18,1,1,1,,AP+AL+VF
2018_02_19,1,1,1,,AP+AL+VF
2018_02_20,1,1,1,,AP+AL+VF
2018_02_21,1,1,1,,AP+AL+VF
2018_02_22,1,1,1,,AP+AL+VF
2018_02_23,1,1,1,,AP+AL+VF
2018_02_24,1,1,1,,AP+AL+VF
2018_02_25,1,1,1,,AP+AL+VF
2018_02_26,1,1,1,,AP+AL+VF
2018_02_27,1,1,1,,AP+AL+VF
2018_02_28,1,1,1,,AP+AL+VF
2018_03_01,1,1,1,,AP+AL+VF
2018_03_02,1,1,1,,AP+AL+VF
2018_03_03,1,1,1,,AP+AL+VF
2018_03_04,1,1,1,,AP+AL+VF
2018_03_05,1,1,1,,AP+AL+VF
2018_03_06,1,1,1,,AP+AL+VF
2018_03_07,1,1,1,,AP+AL+VF
2018_03_08,1,1,1,,AP+AL+VF
2018_03_09,1,1,1,,AP+AL+VF
2018_03_10,1,1,1,,AP+AL+VF
2018_03_11,1,1,1,,AP+AL+VF
2018_03_12,1,1,1,,AP+AL+VF
2018_03_13,1,1,1,,AP+AL+VF
2018_03_14,1,1,1,,AP+AL+VF
2018_03_15,1,1,1,,AP+AL+VF
2018_03_16,1,1,1,,AP+AL+VF
2018_03_17,1,1,1,,AP+AL+VF
2018_03_18,1,1,1,,AP+AL+VF
2018_03_19,1,1,1,,AP+AL+VF
2018_03_20,1,1,1,,AP+AL+VF
2018_03_21,1,1,1,,AP+AL+VF
2018_03_22,1,1,1,,AP+AL+VF
2018_03_23,1,1,1,,AP+AL+VF
2018_03_24,1,1,1,,AP+AL+VF
2018_03_25,1,1,1,,AP+AL+VF
2018_03_26,1,1,1,,AP+AL+VF
2018_03_27,1,1,1,,AP+AL+VF
2018_03_28,1,1,1,,AP+AL+VF
2018_03_29,1,1,1,,AP+AL+VF
2018_03_30,1,1,1,,AP+AL+VF
2018_03_31,1,1,1,,AP+AL+VF
2018_04_01,1,1,1,,AP+AL+VF
2018_04_02,1,1,1,,AP+AL+VF
2018_04_03,1,1,1,,AP+AL+VF
2018_04_04,1,1,1,,AP+AL+VF
2018_04_05,1,1,1,,AP+AL+VF
2018_04_06,1,1,1,,AP+AL+VF
2018_04_07,1,1,1,,AP+AL+VF
2018_04_08,1,1,1,,AP+AL+VF
2018_04_09,1,1,1,,AP+AL+VF
2018_04_10,1,1,1,,AP+AL+VF
2018_04_11,1,1,1,,AP+AL+VF
2018_04_12,1,1,1,,AP+AL+VF
2018_04_13,1,1,1,,AP+AL+VF
2018_04_14,1,1,1,,AP+AL+VF
2018_04_15,1,1,1,,AP+AL+VF
2018_04_16,1,1,1,,AP+AL+VF
2018_04_17,1,1,1,,AP+AL+VF
2018_04_18,1,1,1,,AP+AL+VF
2018_04_19,1,1,1,,AP+AL+VF
2018_04_20,1,1,1,,AP+AL+VF
2018_04_21,1,1,1,,AP+AL+VF
2018_04_22,1,1,1,,AP+AL+VF
2018_04_23,1,1,1,,AP+AL+VF
2018_04_24,1,1,1,,AP+AL+VF
2018_04_25,1,1,1,,AP+AL+VF
2018_04_26,1,1,1,,AP+AL+VF
2018_04_27,1,1,1,,AP+AL+VF
2018_04_28,1,1,1,,AP+AL+VF
2018_04_29,1,1,1,,AP+AL+VF
2018_04_30,1,1,1,,AP+AL+VF
2018_05_01,1,1,1,,AP+AL+VF
2018_05_02,1,1,1,,AP+AL+VF
2018_05_03,1,1,1,,AP+AL+VF
2018_05_04,1,1,1,,AP+AL+VF
2018_05_05,1,1,1,,AP+AL+VF
2018_05_06,1,1,1,,AP+AL+VF
2018_05_07,1,1,1,,AP+AL+VF
2018_05_08,1,1,1,,AP+AL+VF
2018_05_09,1,1,1,,AP+AL+VF
2018_05_10,1,1,1,,AP+AL+VF
2018_05_11,1,1,1,,AP+AL+VF
2018_05_12,1,1,1,,AP+AL+VF
2018_05_13,1,1,1,,AP+AL+VF
2018_05_14,1,1,1,,AP+AL+VF
2018_05_15,1,1,1,,AP+AL+VF
2018_05_16,1,1,1,,AP+AL+VF
2018_05_17,1,1,1,,AP+AL+VF
2018_05_18,1,1,1,,AP+AL+VF
2018_05_19,0,0,0,AP+AL+VF,
2018_05_20,0,0,0,AP+AL+VF,
2018_05_21,1,1,1,,AP+AL+VF
2018_05_22,1,1,1,,AP+AL+VF
2018_05_23,1,1,1,,AP+AL+VF
2018_05_24,1,1,1,,AP+AL+VF
2018_05_25,1,1,1,,AP+AL+VF
2018_05_26,1,1,1,,AP+AL+VF
2018_05_27,1,1,1,,AP+AL+VF
2018_05_28,1,1,1,,AP+AL+VF
2018_05_29,1,1,1,,AP+AL+VF
2018_05_30,1,1,1,,AP+AL+VF
2018_05_31,1,1,1,,AP+AL+VF
2018_06_01,1,1,1,,AP+AL+VF
2018_06_02,1,1,1,,AP+AL+VF
2018_06_03,1,1,1,,AP+AL+VF
2018_06_04,1,1,1,,AP+AL+VF
2018_06_05,1,1,1,,AP+AL+VF
2018_06_06,1,1,1,,AP+AL+VF
2018_06_07,1,1,1,,AP+AL+VF
2018_06_08,1,1,1,,AP+AL+VF
2018_06_09,1,1,1,,AP+AL+VF
2018_06_10,1,1,1,,AP+AL+VF
2018_06_11,1,1,1,,AP+AL+VF
2018_06_12,1,1,1,,AP+AL+VF
2018_06_13,1,1,1,,AP+AL+VF
2018_06_14,1,1,1,,AP+AL+VF
2018_06_15,1,1,1,,AP+AL+VF
2018_06_16,1,1,1,,AP+AL+VF
2018_06_17,1,1,1,,AP+AL+VF
2018_06_18,1,1,1,,AP+AL+VF
2018_06_19,1,1,1,,AP+AL+VF
2018_06_20,1,1,1,,AP+AL+VF
2018_06_21,1,1,1,,AP+AL+VF
2018_06_22,1,1,1,,AP+AL+VF
2018_06_23,1,1,1,,AP+AL+VF
2018_06_24,1,1,1,,AP+AL+VF
2018_06_25,1,1,1,,AP+AL+VF
2018_06_26,1,1,1,,AP+AL+VF
2018_06_27,1,1,1,,AP+AL+VF
2018_06_28,1,1,1,,AP+AL+VF
2018_06_29,1,1,1,,AP+AL+VF
2018_06_30,1,1,1,,AP+AL+VF
2018_07_01,1,1,1,,AP+AL+VF
2018_07_02,1,1,1,,AP+AL+VF
2018_07_03,1,1,1,,AP+AL+VF
2018_07_04,1,1,1,,AP+AL+VF
2018_07_05,1,1,1,,AP+AL+VF
2018_07_06,1,1,1,,AP+AL+VF
2018_07_07,1,1,1,,AP+AL+VF
2018_07_08,1,1,1,,AP+AL+VF
2018_07_09,1,1,1,,AP+AL+VF
2018_07_10,1,1,1,,AP+AL+VF
2018_07_11,1,1,1,,AP+AL+VF
2018_07_12,1,1,1,,AP+AL+VF
2018_07_13,1,1,1,,AP+AL+VF
2018_07_14,1,1,1,,AP+AL+VF
2018_07_15,1,1,1,,AP+AL+VF
2018_07_16,1,1,1,,AP+AL+VF
2018_07_17,1,1,1,,AP+AL+VF
2018_07_18,1,1,1,,AP+AL+VF
2018_07_19,1,1,1,,AP+AL+VF
2018_07_20,1,1,1,,AP+AL+VF
2018_07_21,1,1,1,,AP+AL+VF
2018_07_22,1,1,1,,AP+AL+VF
2018_07_23,1,1,1,,AP+AL+VF
2018_07_24,1,1,1,,AP+AL+VF
2018_07_25,1,1,1,,AP+AL+VF
2018_07_26,1,1,1,,AP+AL+VF
2018_07_27,1,1,1,,AP+AL+VF
2018_07_28,1,1,1,,AP+AL+VF
2018_07_29,1,1,1,,AP+AL+VF
2018_07_30,1,1,1,,AP+AL+VF
2018_07_31,1,1,1,,AP+AL+VF
2018_08_01,1,1,1,,AP+AL+VF
2018_08_02,1,1,1,,AP+AL+VF
2018_08_03,1,1,1,,AP+AL+VF
2018_08_04,1,1,1,,AP+AL+VF
2018_08_05,1,1,1,,AP+AL+VF
2018_08_06,1,1,1,,AP+AL+VF
2018_08_07,1,1,1,,AP+AL+VF
2018_08_08,1,1,1,,AP+AL+VF
2018_08_09,1,1,1,,AP+AL+VF
2018_08_10,1,1,1,,AP+AL+VF
2018_08_11,1,1,1,,AP+AL+VF
2018_08_12,1,1,1,,AP+AL+VF
2018_08_13,1,1,1,,AP+AL+VF
2018_08_14,1,1,1,,AP+AL+VF
2018_08_15,1,1,1,,AP+AL+VF
2018_08_16,1,1,1,,AP+AL+VF
2018_08_17,1,1,1,,AP+AL+VF
2018_08_18,1,1,1,,AP+AL+VF
2018_08_19,1,1,1,,AP+AL+VF
2018_08_20,1,1,1,,AP+AL+VF
2018_08_21,1,1,1,,AP+AL+VF
2018_08_22,1,1,1,,AP+AL+VF
2018_08_23,1,1,1,,AP+AL+VF
2018_08_24,1,1,1,,AP+AL+VF
2018_08_25,1,1,1,,AP+AL+VF
2018_08_26,1,1,1,,AP+AL+VF
2018_08_27,1,1,1,,AP+AL+VF
2018_08_28,1,1,1,,AP+AL+VF
2018_08_29,1,1,1,,AP+AL+VF
2018_08_30,1,1,1,,AP+AL+VF
2018_08_31,1,1,1,,AP+AL+VF
2018_09_01,1,1,1,,AP+AL+VF
2018_09_02,1,1,1,,AP+AL+VF
2018_09_03,1,1,1,,AP+AL+VF
2018_09_04,1,1,1,,AP+AL+VF
2018_09_05,1,1,1,,AP+AL+VF
2018_09_06,1,1,1,,AP+AL+VF
2018_09_07,1,1,1,,AP+AL+VF
2018_09_08,1,1,1,,AP+AL+VF
2018_09_09,1,1,1,,AP+AL+VF
2018_09_10,1,1,1,,AP+AL+VF
2018_09_11,1,1,1,,AP+AL+VF
2018_09_12,1,1,1,,AP+AL+VF
2018_09_13,0,0,0,AP+AL+VF,
2018_09_14,0,0,0,AP+AL+VF,
2018_09_15,0,0,0,AP+AL+VF,
2018_09_16,0,0,0,AP+AL+VF,
2018_09_17,0,0,0,AP+AL+VF,
2018_09_18,0,0,0,AP+AL+VF,
2018_09_19,0,0,0,AP+AL+VF,
2018_09_20,0,0,0,AP+AL+VF,
2018_09_21,0,0,0,AP+AL+VF,
2018_09_22,0,0,0,AP+AL+VF,
2018_09_23,0,0,0,AP+AL+VF,
2018_09_24,0,0,0,AP+AL+VF,
2018_09_25,1,1,1,,AP+AL+VF
2018_09_26,1,1,1,,AP+AL+VF
2018_09_27,1,1,1,,AP+AL+VF
2018_09_28,1,1,1,,AP+AL+VF
2018_09_29,1,1,1,,AP+AL+VF
2018_09_30,1,1,1,,AP+AL+VF
2018_10_01,1,1,1,,AP+AL+VF
2018_10_02,1,1,1,,AP+AL+VF
2018_10_03,1,1,1,,AP+AL+VF
2018_10_04,1,1,1,,AP+AL+VF
2018_10_05,1,1,1,,AP+AL+VF
2018_10_06,1,1,1,,AP+AL+VF
2018_10_07,1,1,1,,AP+AL+VF
2018_10_08,1,1,1,,AP+AL+VF
2018_10_09,1,1,1,,AP+AL+VF
2018_10_10,1,1,1,,AP+AL+VF
2018_10_11,1,1,1,,AP+AL+VF
2018_10_12,1,1,1,,AP+AL+VF
2018_10_13,1,1,1,,AP+AL+VF
2018_10_14,1,1,1,,AP+AL+VF
2018_10_15,0,0,0,AP+AL+VF,
2018_10_16,0,0,0,AP+AL+VF,
2018_10_17,0,0,0,AP+AL+VF,
2018_10_18,0,0,0,AP+AL+VF,
2018_10_19,1,1,1,,AP+AL+VF
2018_10_20,1,1,1,,AP+AL+VF
2018_10_21,1,1,1,,AP+AL+VF
2018_10_22,1,1,1,,AP+AL+VF
2018_10_23,1,1,1,,AP+AL+VF
2018_10_24,1,1,1,,AP+AL+VF
2018_10_25,1,1,1,,AP+AL+VF
2018_10_26,1,1,1,,AP+AL+VF
2018_10_27,1,1,1,,AP+AL+VF
2018_10_28,1,1,1,,AP+AL+VF
2018_10_29,1,1,1,,AP+AL+VF
2018_10_30,1,1,1,,AP+AL+VF
2018_10_31,1,1,1,,AP+AL+VF
2018_11_01,1,1,1,,AP+AL+VF
2018_11_02,1,1,1,,AP+AL+VF
2018_11_03,1,1,1,,AP+AL+VF
2018_11_04,1,1,1,,AP+AL+VF
2018_11_05,1,1,1,,AP+AL+VF
2018_11_06,1,1,1,,AP+AL+VF
2018_11_07,1,1,1,,AP+AL+VF
2018_11_08,1,1,1,,AP+AL+VF
2018_11_09,1,1,1,,AP+AL+VF
2018_11_10,1,1,1,,AP+AL+VF
2018_11_11,1,1,1,,AP+AL+VF
2018_11_12,1,1,1,,AP+AL+VF
2018_11_13,1,1,1,,AP+AL+VF
2018_11_14,1,1,1,,AP+AL+VF
2018_11_15,1,1,1,,AP+AL+VF
2018_11_16,1,1,1,,AP+AL+VF
2018_11_17,1,1,1,,AP+AL+VF
2018_11_18,1,1,1,,AP+AL+VF
2018_11_19,1,1,1,,AP+AL+VF
2018_11_20,1,1,1,,AP+AL+VF
2018_11_21,1,1,1,,AP+AL+VF
2018_11_22,1,1,1,,AP+AL+VF
2018_11_23,1,1,1,,AP+AL+VF
2018_11_24,1,1,1,,AP+AL+VF
2018_11_25,1,1,1,,AP+AL+VF
2018_11_26,1,1,1,,AP+AL+VF
2018_11_27,1,1,1,,AP+AL+VF
2018_11_28,1,1,1,,AP+AL+VF
2018_11_29,1,1,1,,AP+AL+VF
2018_11_30,1,1,1,,AP+AL+VF
2018_12_01,1,1,1,,AP+AL+VF
2018_12_02,1,1,1,,AP+AL+VF
2018_12_03,1,1,1,,AP+AL+VF
2018_12_04,1,1,1,,AP+AL+VF
2018_12_05,1,1,1,,AP+AL+VF
2018_12_06,1,1,1,,AP+AL+VF
2018_12_07,0,1,1,AP,AL+VF
2018_12_08,0,1,1,AP,AL+VF
2018_12_09,0,1,1,AP,AL+VF
2018_12_10,0,1,1,AP,AL+VF
2018_12_11,0,1,1,AP,AL+VF
2018_12_12,1,1,1,,AP+AL+VF
2018_12_13,1,1,1,,AP+AL+VF
2018_12_14,1,1,1,,AP+AL+VF
2018_12_15,1,1,1,,AP+AL+VF
2018_12_16,1,1,1,,AP+AL+VF
2018_12_17,1,1,1,,AP+AL+VF
2018_12_18,1,1,1,,AP+AL+VF
2018_12_19,1,1,1,,AP+AL+VF
2018_12_20,1,1,1,,AP+AL+VF
2018_12_21,1,1,1,,AP+AL+VF
2018_12_22,1,1,1,,AP+AL+VF
2018_12_23,1,1,1,,AP+AL+VF
2018_12_24,1,1,1,,AP+AL+VF
2018_12_25,1,1,1,,AP+AL+VF
2018_12_26,1,1,1,,AP+AL+VF
2018_12_27,1,1,1,,AP+AL+VF
2018_12_28,1,1,1,,AP+AL+VF
2018_12_29,1,1,1,,AP+AL+VF
2018_12_30,1,1,1,,AP+AL+VF
2018_12_31,1,1,1,,AP+AL+VF
2019_01_01,1,1,1,,AP+AL+VF
2019_01_02,1,1,1,,AP+AL+VF
2019_01_03,1,1,1,,AP+AL+VF
2019_01_04,1,1,1,,AP+AL+VF
2019_01_05,1,1,1,,AP+AL+VF
2019_01_06,1,1,1,,AP+AL+VF
2019_01_07,1,1,1,,AP+AL+VF
2019_01_08,1,1,1,,AP+AL+VF
2019_01_09,1,1,1,,AP+AL+VF
2019_01_10,1,1,1,,AP+AL+VF
2019_01_11,1,1,1,,AP+AL+VF
2019_01_12,1,1,1,,AP+AL+VF
2019_01_13,1,1,1,,AP+AL+VF
2019_01_14,1,1,1,,AP+AL+VF
2019_01_15,1,1,1,,AP+AL+VF
2019_01_16,1,1,1,,AP+AL+VF
2019_01_17,1,1,1,,AP+AL+VF
2019_01_18,1,1,1,,AP+AL+VF
2019_01_19,1,1,1,,AP+AL+VF
2019_01_20,1,1,1,,AP+AL+VF
2019_01_21,1,1,1,,AP+AL+VF
2019_01_22,1,1,1,,AP+AL+VF
2019_01_23,1,1,1,,AP+AL+VF
2019_01_24,1,1,1,,AP+AL+VF
2019_01_25,1,1,1,,AP+AL+VF
2019_01_26,1,1,1,,AP+AL+VF
2019_01_27,1,1,1,,AP+AL+VF
2019_01_28,1,1,1,,AP+AL+VF
2019_01_29,1,1,1,,AP+AL+VF
2019_01_30,1,1,1,,AP+AL+VF
2019_01_31,1,1,1,,AP+AL+VF
2019_02_01,1,1,1,,AP+AL+VF
2019_02_02,1,1,1,,AP+AL+VF
2019_02_03,1,1,1,,AP+AL+VF
2019_02_04,1,1,1,,AP+AL+VF
2019_02_05,1,1,1,,AP+AL+VF
2019_02_06,1,1,1,,AP+AL+VF
2019_02_07,1,1,1,,AP+AL+VF
2019_02_08,1,1,1,,AP+AL+VF
2019_02_09,1,1,1,,AP+AL+VF
2019_02_10,1,1,1,,AP+AL+VF
2019_02_11,1,1,1,,AP+AL+VF
2019_02_12,1,1,1,,AP+AL+VF
2019_02_13,1,1,1,,AP+AL+VF
2019_02_14,1,1,1,,AP+AL+VF
2019_02_15,1,1,1,,AP+AL+VF
2019_02_16,1,1,1,,AP+AL+VF
2019_02_17,1,1,1,,AP+AL+VF
2019_02_18,1,1,1,,AP+AL+VF
2019_02_19,1,1,1,,AP+AL+VF
2019_02_20,1,1,1,,AP+AL+VF
2019_02_21,1,1,1,,AP+AL+VF
2019_02_22,1,1,1,,AP+AL+VF
2019_02_23,1,1,1,,AP+AL+VF
2019_02_24,1,1,1,,AP+AL+VF
2019_02_25,1,1,1,,AP+AL+VF
2019_02_26,1,1,1,,AP+AL+VF
2019_02_27,1,1,1,,AP+AL+VF
2019_02_28,1,1,1,,AP+AL+VF
2019_03_01,1,1,1,,AP+AL+VF
2019_03_02,1,1,1,,AP+AL+VF
2019_03_03,1,1,1,,AP+AL+VF
2019_03_04,1,1,1,,AP+AL+VF
2019_03_05,1,1,1,,AP+AL+VF
2019_03_06,1,1,1,,AP+AL+VF
2019_03_07,1,1,1,,AP+AL+VF
2019_03_08,1,1,1,,AP+AL+VF
2019_03_09,0,0,0,AP+AL+VF,
2019_03_10,0,0,0,AP+AL+VF,
2019_03_11,1,1,1,,AP+AL+VF
2019_03_12,1,1,1,,AP+AL+VF
2019_03_13,1,1,1,,AP+AL+VF
2019_03_14,1,1,1,,AP+AL+VF
2019_03_15,1,1,1,,AP+AL+VF
2019_03_16,1,1,1,,AP+AL+VF
2019_03_17,1,1,1,,AP+AL+VF
2019_03_18,1,1,1,,AP+AL+VF
2019_03_19,1,1,1,,AP+AL+VF
2019_03_20,1,1,1,,AP+AL+VF
2019_03_21,1,1,1,,AP+AL+VF
2019_03_22,1,1,1,,AP+AL+VF
2019_03_23,1,1,1,,AP+AL+VF
2019_03_24,1,1,1,,AP+AL+VF
2019_03_25,1,1,1,,AP+AL+VF
2019_03_26,1,1,1,,AP+AL+VF
2019_03_27,1,1,1,,AP+AL+VF
2019_03_28,1,1,1,,AP+AL+VF
2019_03_29,1,1,1,,AP+AL+VF
2019_03_30,1,1,1,,AP+AL+VF
2019_03_31,1,1,1,,AP+AL+VF
2019_04_01,1,1,1,,AP+AL+VF
2019_04_02,1,1,1,,AP+AL+VF
2019_04_03,1,1,1,,AP+AL+VF
2019_04_04,1,1,1,,AP+AL+VF
2019_04_05,1,1,1,,AP+AL+VF
2019_04_06,1,1,1,,AP+AL+VF
2019_04_07,1,1,1,,AP+AL+VF
2019_04_08,1,1,1,,AP+AL+VF
2019_04_09,1,1,1,,AP+AL+VF
2019_04_10,1,1,1,,AP+AL+VF
2019_04_11,1,1,1,,AP+AL+VF
2019_04_12,1,1,1,,AP+AL+VF
2019_04_13,1,1,1,,AP+AL+VF
2019_04_14,1,1,1,,AP+AL+VF
2019_04_15,1,1,1,,AP+AL+VF
2019_04_16,1,1,1,,AP+AL+VF
2019_04_17,1,1,1,,AP+AL+VF
2019_04_18,1,1,1,,AP+AL+VF
2019_04_19,1,1,1,,AP+AL+VF
2019_04_20,1,1,1,,AP+AL+VF
2019_04_21,1,1,1,,AP+AL+VF
2019_04_22,1,1,1,,AP+AL+VF
2019_04_23,1,1,1,,AP+AL+VF
2019_04_24,1,1,1,,AP+AL+VF
2019_04_25,1,1,1,,AP+AL+VF
2019_04_26,1,1,1,,AP+AL+VF
2019_04_27,1,1,1,,AP+AL+VF
2019_04_28,1,1,1,,AP+AL+VF
2019_04_29,1,1,1,,AP+AL+VF
2019_04_30,1,1,1,,AP+AL+VF
2019_05_01,1,1,1,,AP+AL+VF
2019_05_02,1,1,1,,AP+AL+VF
2019_05_03,1,1,1,,AP+AL+VF
2019_05_04,1,1,1,,AP+AL+VF
2019_05_05,1,1,1,,AP+AL+VF
2019_05_06,1,1,1,,AP+AL+VF
2019_05_07,1,1,1,,AP+AL+VF
2019_05_08,1,1,1,,AP+AL+VF
2019_05_09,1,1,1,,AP+AL+VF
2019_05_10,1,1,1,,AP+AL+VF
2019_05_11,1,1,1,,AP+AL+VF
2019_05_12,1,1,1,,AP+AL+VF
2019_05_13,1,1,1,,AP+AL+VF
2019_05_14,1,1,1,,AP+AL+VF
2019_05_15,1,1,1,,AP+AL+VF
2019_05_16,1,1,1,,AP+AL+VF
2019_05_17,1,1,1,,AP+AL+VF
2019_05_18,1,1,1,,AP+AL+VF
2019_05_19,1,1,1,,AP+AL+VF
2019_05_20,1,1,1,,AP+AL+VF
2019_05_21,1,1,1,,AP+AL+VF
2019_05_22,1,1,1,,AP+AL+VF
2019_05_23,1,1,1,,AP+AL+VF
2019_05_24,1,1,1,,AP+AL+VF
2019_05_25,1,1,1,,AP+AL+VF
2019_05_26,1,1,1,,AP+AL+VF
2019_05_27,1,1,1,,AP+AL+VF
2019_05_28,1,1,1,,AP+AL+VF
2019_05_29,1,1,1,,AP+AL+VF
2019_05_30,1,1,1,,AP+AL+VF
2019_05_31,1,1,1,,AP+AL+VF
2019_06_01,1,1,1,,AP+AL+VF
2019_06_02,1,1,1,,AP+AL+VF
2019_06_03,1,1,1,,AP+AL+VF
2019_06_04,1,1,1,,AP+AL+VF
2019_06_05,1,1,1,,AP+AL+VF
2019_06_06,1,1,1,,AP+AL+VF
2019_06_07,1,1,1,,AP+AL+VF
2019_06_08,1,1,1,,AP+AL+VF
2019_06_09,1,1,1,,AP+AL+VF
2019_06_10,1,1,1,,AP+AL+VF
2019_06_11,1,1,1,,AP+AL+VF
2019_06_12,1,1,1,,AP+AL+VF
2019_06_13,1,1,1,,AP+AL+VF
2019_06_14,1,1,1,,AP+AL+VF
2019_06_15,1,1,1,,AP+AL+VF
2019_06_16,1,1,1,,AP+AL+VF
2019_06_17,1,1,1,,AP+AL+VF
2019_06_18,1,1,1,,AP+AL+VF
2019_06_19,1,1,1,,AP+AL+VF
2019_06_20,1,1,1,,AP+AL+VF
2019_06_21,1,1,1,,AP+AL+VF
2019_06_22,1,1,1,,AP+AL+VF
2019_06_23,1,1,1,,AP+AL+VF
2019_06_24,1,1,1,,AP+AL+VF
2019_06_25,1,1,1,,AP+AL+VF
2019_06_26,1,1,1,,AP+AL+VF
2019_06_27,1,1,1,,AP+AL+VF
2019_06_28,1,1,1,,AP+AL+VF
2019_06_29,1,1,1,,AP+AL+VF
2019_06_30,1,1,1,,AP+AL+VF
2019_07_01,1,1,1,,AP+AL+VF
2019_07_02,1,1,1,,AP+AL+VF
2019_07_03,1,1,1,,AP+AL+VF
2019_07_04,1,1,1,,AP+AL+VF
2019_07_05,1,1,1,,AP+AL+VF
2019_07_06,1,1,1,,AP+AL+VF
2019_07_07,1,1,1,,AP+AL+VF
2019_07_08,1,1,1,,AP+AL+VF
2019_07_09,1,1,1,,AP+AL+VF
2019_07_10,1,1,1,,AP+AL+VF
2019_07_11,1,1,1,,AP+AL+VF
2019_07_12,1,1,1,,AP+AL+VF
2019_07_13,1,1,1,,AP+AL+VF
2019_07_14,1,1,1,,AP+AL+VF
2019_07_15,1,1,1,,AP+AL+VF
2019_07_16,1,1,1,,AP+AL+VF
2019_07_17,1,1,1,,AP+AL+VF
2019_07_18,1,1,1,,AP+AL+VF
2019_07_19,1,1,1,,AP+AL+VF
2019_07_20,1,1,1,,AP+AL+VF
2019_07_21,1,1,1,,AP+AL+VF
2019_07_22,1,1,1,,AP+AL+VF
2019_07_23,1,1,1,,AP+AL+VF
2019_07_24,1,1,1,,AP+AL+VF
2019_07_25,1,1,1,,AP+AL+VF
2019_07_26,1,1,1,,AP+AL+VF
2019_07_27,1,1,1,,AP+AL+VF
2019_07_28,1,1,1,,AP+AL+VF
2019_07_29,1,1,1,,AP+AL+VF
2019_07_30,1,1,1,,AP+AL+VF
2019_07_31,1,1,1,,AP+AL+VF
2019_08_01,1,1,1,,AP+AL+VF
2019_08_02,1,1,1,,AP+AL+VF
2019_08_03,1,1,1,,AP+AL+VF
2019_08_04,1,1,1,,AP+AL+VF
2019_08_05,1,1,1,,AP+AL+VF
2019_08_06,1,1,1,,AP+AL+VF
2019_08_07,1,1,1,,AP+AL+VF
2019_08_08,1,1,1,,AP+AL+VF
2019_08_09,1,1,1,,AP+AL+VF
2019_08_10,1,1,1,,AP+AL+VF
2019_08_11,1,1,1,,AP+AL+VF
2019_08_12,1,1,1,,AP+AL+VF
2019_08_13,1,1,1,,AP+AL+VF
2019_08_14,1,1,1,,AP+AL+VF
2019_08_15,1,1,1,,AP+AL+VF
2019_08_16,1,1,1,,AP+AL+VF
2019_08_17,1,1,1,,AP+AL+VF
2019_08_18,1,1,1,,AP+AL+VF
2019_08_19,1,1,1,,AP+AL+VF
2019_08_20,1,1,1,,AP+AL+VF
2019_08_21,1,1,1,,AP+AL+VF
2019_08_22,1,1,1,,AP+AL+VF
2019_08_23,1,1,1,,AP+AL+VF
2019_08_24,1,1,1,,AP+AL+VF
2019_08_25,1,1,1,,AP+AL+VF
2019_08_26,1,1,1,,AP+AL+VF
2019_08_27,1,1,1,,AP+AL+VF
2019_08_28,0,0,0,AP+AL+VF,
2019_08_29,1,1,1,,AP+AL+VF
2019_08_30,1,1,1,,AP+AL+VF
2019_08_31,1,1,1,,AP+AL+VF
2019_09_01,1,1,1,,AP+AL+VF
2019_09_02,1,1,1,,AP+AL+VF
2019_09_03,1,1,1,,AP+AL+VF
2019_09_04,1,1,1,,AP+AL+VF
2019_09_05,1,1,1,,AP+AL+VF
2019_09_06,1,1,1,,AP+AL+VF
2019_09_07,1,1,1,,AP+AL+VF
2019_09_08,1,1,1,,AP+AL+VF
2019_09_09,1,1,1,,AP+AL+VF
2019_09_10,1,1,1,,AP+AL+VF
2019_09_11,1,1,1,,AP+AL+VF
2019_09_12,1,1,1,,AP+AL+VF
2019_09_13,1,1,1,,AP+AL+VF
2019_09_14,1,1,1,,AP+AL+VF
2019_09_15,1,1,1,,AP+AL+VF
2019_09_16,1,1,1,,AP+AL+VF
2019_09_17,1,1,1,,AP+AL+VF
2019_09_18,1,1,1,,AP+AL+VF
2019_09_19,1,1,1,,AP+AL+VF
2019_09_20,1,1,1,,AP+AL+VF
2019_09_21,1,1,1,,AP+AL+VF
2019_09_22,1,1,1,,AP+AL+VF
2019_09_23,1,1,1,,AP+AL+VF
2019_09_24,1,1,1,,AP+AL+VF
2019_09_25,1,1,1,,AP+AL+VF
2019_09_26,1,1,1,,AP+AL+VF
2019_09_27,1,1,1,,AP+AL+VF
2019_09_28,1,1,1,,AP+AL+VF
2019_09_29,1,1,1,,AP+AL+VF
2019_09_30,1,1,1,,AP+AL+VF
2019_10_01,1,1,1,,AP+AL+VF
2019_10_02,1,1,1,,AP+AL+VF
2019_10_03,1,1,1,,AP+AL+VF
2019_10_04,1,1,1,,AP+AL+VF
2019_10_05,1,1,1,,AP+AL+VF
2019_10_06,1,1,1,,AP+AL+VF
2019_10_07,1,1,1,,AP+AL+VF
2019_10_08,1,1,1,,AP+AL+VF
2019_10_09,1,1,1,,AP+AL+VF
2019_10_10,1,1,1,,AP+AL+VF
2019_10_11,1,1,1,,AP+AL+VF
2019_10_12,1,1,1,,AP+AL+VF
2019_10_13,1,1,1,,AP+AL+VF
2019_10_14,1,1,1,,AP+AL+VF
2019_10_15,1,1,1,,AP+AL+VF
2019_10_16,1,1,1,,AP+AL+VF
2019_10_17,1,1,1,,AP+AL+VF
2019_10_18,1,1,1,,AP+AL+VF
2019_10_19,1,1,1,,AP+AL+VF
2019_10_20,1,1,1,,AP+AL+VF
2019_10_21,1,1,1,,AP+AL+VF
2019_10_22,1,1,1,,AP+AL+VF
2019_10_23,1,1,1,,AP+AL+VF
2019_10_24,1,1,1,,AP+AL+VF
2019_10_25,1,1,1,,AP+AL+VF
2019_10_26,1,1,1,,AP+AL+VF
2019_10_27,1,1,1,,AP+AL+VF
2019_10_28,1,1,1,,AP+AL+VF
2019_10_29,1,1,1,,AP+AL+VF
2019_10_30,1,1,1,,AP+AL+VF
2019_10_31,1,1,1,,AP+AL+VF
2019_11_01,1,1,1,,AP+AL+VF
2019_11_02,1,1,1,,AP+AL+VF
2019_11_03,1,1,1,,AP+AL+VF
2019_11_04,1,1,1,,AP+AL+VF
2019_11_05,1,1,1,,AP+AL+VF
2019_11_06,1,1,1,,AP+AL+VF
2019_11_07,1,1,1,,AP+AL+VF
2019_11_08,1,1,1,,AP+AL+VF
2019_11_09,1,1,1,,AP+AL+VF
2019_11_10,1,1,1,,AP+AL+VF
2019_11_11,1,1,1,,AP+AL+VF
2019_11_12,1,1,1,,AP+AL+VF
2019_11_13,1,1,1,,AP+AL+VF
2019_11_14,1,1,1,,AP+AL+VF
2019_11_15,1,1,1,,AP+AL+VF
2019_11_16,1,1,1,,AP+AL+VF
2019_11_17,1,1,1,,AP+AL+VF
2019_11_18,1,1,1,,AP+AL+VF
2019_11_19,1,1,1,,AP+AL+VF
2019_11_20,1,1,1,,AP+AL+VF
2019_11_21,1,1,1,,AP+AL+VF
2019_11_22,1,1,1,,AP+AL+VF
2019_11_23,1,1,1,,AP+AL+VF
2019_11_24,1,1,1,,AP+AL+VF
2019_11_25,1,1,1,,AP+AL+VF
2019_11_26,1,1,1,,AP+AL+VF
2019_11_27,1,1,1,,AP+AL+VF
2019_11_28,1,1,1,,AP+AL+VF
2019_11_29,1,1,1,,AP+AL+VF
2019_11_30,1,1,1,,AP+AL+VF
2019_12_01,1,1,1,,AP+AL+VF
2019_12_02,1,1,1,,AP+AL+VF
2019_12_03,1,1,1,,AP+AL+VF
2019_12_04,1,1,1,,AP+AL+VF
2019_12_05,1,1,1,,AP+AL+VF
2019_12_06,1,1,1,,AP+AL+VF
2019_12_07,1,1,1,,AP+AL+VF
2019_12_08,1,1,1,,AP+AL+VF
2019_12_09,1,1,1,,AP+AL+VF
2019_12_10,1,1,1,,AP+AL+VF
2019_12_11,1,1,1,,AP+AL+VF
2019_12_12,1,1,1,,AP+AL+VF
2019_12_13,1,1,1,,AP+AL+VF
2019_12_14,1,1,1,,AP+AL+VF
2019_12_15,1,1,1,,AP+AL+VF
2019_12_16,1,1,1,,AP+AL+VF
2019_12_17,1,1,1,,AP+AL+VF
2019_12_18,1,1,1,,AP+AL+VF
2019_12_19,1,1,1,,AP+AL+VF
2019_12_20,1,1,1,,AP+AL+VF
2019_12_21,1,1,1,,AP+AL+VF
2019_12_22,1,1,1,,AP+AL+VF
2019_12_23,1,1,1,,AP+AL+VF
2019_12_24,1,1,1,,AP+AL+VF
2019_12_25,1,1,1,,AP+AL+VF
2019_12_26,1,1,1,,AP+AL+VF
2019_12_27,1,1,1,,AP+AL+VF
2019_12_28,1,1,1,,AP+AL+VF
2019_12_29,1,1,1,,AP+AL+VF
2019_12_30,1,1,1,,AP+AL+VF
2019_12_31,1,1,1,,AP+AL+VF
2020_01_01,1,1,1,,AP+AL+VF
2020_01_02,1,1,1,,AP+AL+VF
2020_01_03,1,0,1,AL,AP+VF
2020_01_04,1,1,1,,AP+AL+VF
2020_01_05,1,0,1,AL,AP+VF
2020_01_06,1,1,1,,AP+AL+VF
2020_01_07,1,0,1,AL,AP+VF
2020_01_08,1,0,1,AL,AP+VF
2020_01_09,1,0,1,AL,AP+VF
2020_01_10,0,1,1,AP,AL+VF
2020_01_11,0,1,1,AP,AL+VF
2020_01_12,0,1,1,AP,AL+VF
2020_01_13,0,0,1,AP+AL,VF
2020_01_14,0,0,1,AP+AL,VF
2020_01_15,1,1,1,,AP+AL+VF
2020_01_16,1,1,1,,AP+AL+VF
2020_01_17,1,0,1,AL,AP+VF
2020_01_18,1,0,1,AL,AP+VF
2020_01_19,1,0,1,AL,AP+VF
2020_01_20,1,1,1,,AP+AL+VF
2020_01_21,1,0,1,AL,AP+VF
2020_01_22,1,1,1,,AP+AL+VF
2020_01_23,1,1,1,,AP+AL+VF
2020_01_24,1,1,1,,AP+AL+VF
2020_01_25,1,0,1,AL,AP+VF
2020_01_26,1,0,1,AL,AP+VF
2020_01_27,1,0,1,AL,AP+VF
2020_01_28,1,0,1,AL,AP+VF
2020_01_29,1,0,1,AL,AP+VF
2020_01_30,1,0,1,AL,AP+VF
2020_01_31,1,1,1,,AP+AL+VF
2020_02_01,1,0,1,AL,AP+VF
2020_02_02,1,1,1,,AP+AL+VF
2020_02_03,1,1,1,,AP+AL+VF
2020_02_04,1,0,1,AL,AP+VF
2020_02_05,1,0,0,AL+VF,AP
2020_02_06,1,0,0,AL+VF,AP
2020_02_07,1,0,0,AL+VF,AP
2020_02_08,1,1,1,,AP+AL+VF
2020_02_09,1,1,1,,AP+AL+VF
2020_02_10,1,0,0,AL+VF,AP
2020_02_11,1,0,0,AL+VF,AP
2020_02_12,1,0,0,AL+VF,AP
2020_02_13,1,0,0,AL+VF,AP
2020_02_14,1,1,1,,AP+AL+VF
2020_02_15,1,0,0,AL+VF,AP
2020_02_16,1,1,1,,AP+AL+VF
2020_02_17,1,0,0,AL+VF,AP
2020_02_18,1,0,0,AL+VF,AP
2020_02_19,1,0,0,AL+VF,AP
2020_02_20,0,0,0,AP+AL+VF,
2020_02_21,0,0,0,AP+AL+VF,
2020_02_22,1,0,0,AL+VF,AP
2020_02_23,1,1,1,,AP+AL+VF
2020_02_24,1,0,0,AL+VF,AP
2020_02_25,1,0,0,AL+VF,AP
2020_02_26,1,1,1,,AP+AL+VF
2020_02_27,1,0,0,AL+VF,AP
2020_02_28,1,1,1,,AP+AL+VF
2020_02_29,1,1,1,,AP+AL+VF
2020_03_01,1,0,0,AL+VF,AP
2020_03_02,1,1,1,,AP+AL+VF
2020_03_03,1,1,1,,AP+AL+VF
2020_03_04,1,0,0,AL+VF,AP
2020_03_05,1,0,0,AL+VF,AP
2020_03_06,1,0,0,AL+VF,AP
2020_03_07,1,1,1,,AP+AL+VF
2020_03_08,1,0,0,AL+VF,AP
2020_03_09,1,0,0,AL+VF,AP
2020_03_10,1,1,1,,AP+AL+VF
2020_03_11,1,1,1,,AP+AL+VF
2020_03_12,1,0,0,AL+VF,AP
2020_03_13,1,0,0,AL+VF,AP
2020_03_14,1,0,0,AL+VF,AP
2020_03_15,1,0,0,AL+VF,AP
2020_03_16,1,1,1,,AP+AL+VF
2020_03_17,1,1,1,,AP+AL+VF
2020_03_18,1,1,1,,AP+AL+VF
2020_03_19,1,1,1,,AP+AL+VF
2020_03_20,1,1,1,,AP+AL+VF
2020_03_21,1,1,1,,AP+AL+VF
2020_03_22,1,0,0,AL+VF,AP
2020_03_23,1,0,0,AL+VF,AP
2020_03_24,1,0,0,AL+VF,AP
2020_03_25,1,1,1,,AP+AL+VF
2020_03_26,1,1,1,,AP+AL+VF
2020_03_27,1,1,1,,AP+AL+VF
2020_03_28,1,1,1,,AP+AL+VF
2020_03_29,1,0,0,AL+VF,AP
2020_03_30,1,1,1,,AP+AL+VF
2020_03_31,1,1,1,,AP+AL+VF
2020_04_01,1,0,0,AL+VF,AP
2020_04_02,1,1,1,,AP+AL+VF
2020_04_03,1,0,0,AL+VF,AP
2020_04_04,1,1,1,,AP+AL+VF
2020_04_05,1,1,1,,AP+AL+VF
2020_04_06,1,0,0,AL+VF,AP
2020_04_07,1,1,1,,AP+AL+VF
2020_04_08,1,0,0,AL+VF,AP
2020_04_09,1,1,1,,AP+AL+VF
2020_04_10,1,1,1,,AP+AL+VF
2020_04_11,1,0,0,AL+VF,AP
2020_04_12,1,0,0,AL+VF,AP
2020_04_13,1,1,1,,AP+AL+VF
2020_04_14,1,1,1,,AP+AL+VF
2020_04_15,1,1,1,,AP+AL+VF
2020_04_16,1,0,0,AL+VF,AP
2020_04_17,1,0,0,AL+VF,AP
2020_04_18,1,0,0,AL+VF,AP
2020_04_19,1,1,1,,AP+AL+VF
2020_04_20,1,1,1,,AP+AL+VF
2020_04_21,1,1,1,,AP+AL+VF
2020_04_22,1,1,1,,AP+AL+VF
2020_04_23,1,0,0,AL+VF,AP
2020_04_24,1,0,0,AL+VF,AP
2020_04_25,1,0,0,AL+VF,AP
2020_04_26,1,0,0,AL+VF,AP
2020_04_27,1,1,1,,AP+AL+VF
2020_04_28,1,1,1,,AP+AL+VF
2020_04_29,1,0,0,AL+VF,AP
2020_04_30,1,1,1,,AP+AL+VF
2020_05_01,1,1,1,,AP+AL+VF
2020_05_02,1,1,1,,AP+AL+VF
2020_05_03,1,0,0,AL+VF,AP
2020_05_04,1,1,1,,AP+AL+VF
2020_05_05,1,0,0,AL+VF,AP
2020_05_06,1,0,0,AL+VF,AP
2020_05_07,1,0,0,AL+VF,AP
2020_05_08,1,1,1,,AP+AL+VF
2020_05_09,1,0,0,AL+VF,AP
2020_05_10,1,1,1,,AP+AL+VF
2020_05_11,1,1,1,,AP+AL+VF
2020_05_12,1,1,1,,AP+AL+VF
2020_05_13,1,1,1,,AP+AL+VF
2020_05_14,1,0,0,AL+VF,AP
2020_05_15,1,0,0,AL+VF,AP
2020_05_16,1,0,0,AL+VF,AP
2020_05_17,1,1,1,,AP+AL+VF
2020_05_18,1,0,0,AL+VF,AP
2020_05_19,1,1,1,,AP+AL+VF
2020_05_20,1,0,0,AL+VF,AP
2020_05_21,1,0,0,AL+VF,AP
2020_05_22,1,1,1,,AP+AL+VF
2020_05_23,1,0,0,AL+VF,AP
2020_05_24,1,1,1,,AP+AL+VF
2020_05_25,1,1,1,,AP+AL+VF
2020_05_26,1,1,1,,AP+AL+VF
2020_05_27,1,0,0,AL+VF,AP
2020_05_28,1,1,1,,AP+AL+VF
2020_05_29,1,1,1,,AP+AL+VF
2020_05_30,0,0,0,AP+AL+VF,
2020_05_31,1,0,0,AL+VF,AP
2020_06_01,1,1,1,,AP+AL+VF
2020_06_02,1,0,1,AL,AP+VF
2020_06_03,1,0,1,AL,AP+VF
2020_06_04,1,0,0,AL+VF,AP
2020_06_05,1,0,0,AL+VF,AP
2020_06_06,1,0,0,AL+VF,AP
2020_06_07,1,0,0,AL+VF,AP
2020_06_08,1,0,1,AL,AP+VF
2020_06_09,1,0,1,AL,AP+VF
2020_06_10,1,0,1,AL,AP+VF
2020_06_11,1,0,0,AL+VF,AP
2020_06_12,1,0,0,AL+VF,AP
2020_06_13,1,0,0,AL+VF,AP
2020_06_14,1,0,0,AL+VF,AP
2020_06_15,1,0,1,AL,AP+VF
2020_06_16,1,0,1,AL,AP+VF
2020_06_17,1,0,1,AL,AP+VF
2020_06_18,1,0,1,AL,AP+VF
2020_06_19,1,0,1,AL,AP+VF
2020_06_20,1,0,1,AL,AP+VF
2020_06_21,1,0,0,AL+VF,AP
2020_06_22,1,0,0,AL+VF,AP
2020_06_23,1,0,0,AL+VF,AP
2020_06_24,1,0,0,AL+VF,AP
2020_06_25,1,0,0,AL+VF,AP
2020_06_26,1,0,1,AL,AP+VF
2020_06_27,1,0,0,AL+VF,AP
2020_06_28,1,0,1,AL,AP+VF
2020_06_29,1,0,1,AL,AP+VF
2020_06_30,1,0,1,AL,AP+VF
2020_07_01,1,0,1,AL,AP+VF
2020_07_02,1,0,0,AL+VF,AP
2020_07_03,1,0,1,AL,AP+VF
2020_07_04,1,0,1,AL,AP+VF
2020_07_05,1,0,0,AL+VF,AP
2020_07_06,1,0,1,AL,AP+VF
2020_07_07,1,0,0,AL+VF,AP
2020_07_08,1,0,1,AL,AP+VF
2020_07_09,1,0,1,AL,AP+VF
2020_07_10,1,0,1,AL,AP+VF
2020_07_11,1,0,0,AL+VF,AP
2020_07_12,1,0,1,AL,AP+VF
2020_07_13,1,0,1,AL,AP+VF
2020_07_14,1,0,0,AL+VF,AP
2020_07_15,1,0,1,AL,AP+VF
2020_07_16,1,0,0,AL+VF,AP
2020_07_17,1,0,0,AL+VF,AP
2020_07_18,1,0,1,AL,AP+VF
2020_07_19,1,0,0,AL+VF,AP
2020_07_20,1,0,0,AL+VF,AP
2020_07_21,0,0,0,AP+AL+VF,
2020_07_22,0,0,0,AP+AL+VF,
2020_07_23,0,0,0,AP+AL+VF,
2020_07_24,0,0,0,AP+AL+VF,
2020_07_25,0,0,0,AP+AL+VF,
2020_07_26,0,0,0,AP+AL+VF,
2020_07_27,1,0,1,AL,AP+VF
2020_07_28,1,0,0,AL+VF,AP
2020_07_29,1,0,1,AL,AP+VF
2020_07_30,1,0,0,AL+VF,AP
2020_07_31,1,0,1,AL,AP+VF
2020_08_01,1,0,1,AL,AP+VF
2020_08_02,1,0,1,AL,AP+VF
2020_08_03,1,0,0,AL+VF,AP
2020_08_04,1,0,1,AL,AP+VF
2020_08_05,1,0,0,AL+VF,AP
2020_08_06,1,0,0,AL+VF,AP
2020_08_07,1,0,1,AL,AP+VF
2020_08_08,1,0,1,AL,AP+VF
2020_08_09,1,0,1,AL,AP+VF
2020_08_10,1,0,0,AL+VF,AP
2020_08_11,1,0,0,AL+VF,AP
2020_08_12,1,0,1,AL,AP+VF
2020_08_13,1,0,1,AL,AP+VF
2020_08_14,1,0,0,AL+VF,AP
2020_08_15,1,0,0,AL+VF,AP
2020_08_16,1,0,0,AL+VF,AP
2020_08_17,1,0,1,AL,AP+VF
2020_08_18,1,0,0,AL+VF,AP
2020_08_19,1,0,1,AL,AP+VF
2020_08_20,1,0,1,AL,AP+VF
2020_08_21,1,0,1,AL,AP+VF
2020_08_22,1,0,1,AL,AP+VF
2020_08_23,1,0,0,AL+VF,AP
2020_08_24,1,0,1,AL,AP+VF
2020_08_25,1,0,1,AL,AP+VF
2020_08_26,1,0,0,AL+VF,AP
2020_08_27,1,0,0,AL+VF,AP
2020_08_28,1,0,1,AL,AP+VF
2020_08_29,1,0,1,AL,AP+VF
2020_08_30,1,0,1,AL,AP+VF
2020_08_31,1,0,1,AL,AP+VF
2020_09_01,1,0,0,AL+VF,AP
2020_09_02,1,0,1,AL,AP+VF
2020_09_03,1,0,0,AL+VF,AP
2020_09_04,1,0,0,AL+VF,AP
2020_09_05,1,0,0,AL+VF,AP
2020_09_06,1,0,0,AL+VF,AP
2020_09_07,1,0,1,AL,AP+VF
2020_09_08,1,0,0,AL+VF,AP
2020_09_09,1,0,0,AL+VF,AP
2020_09_10,1,0,1,AL,AP+VF
2020_09_11,1,0,1,AL,AP+VF
2020_09_12,1,0,0,AL+VF,AP
2020_09_13,1,0,1,AL,AP+VF
2020_09_14,1,0,0,AL+VF,AP
2020_09_15,1,0,0,AL+VF,AP
2020_09_16,1,0,1,AL,AP+VF
2020_09_17,1,0,0,AL+VF,AP
2020_09_18,1,0,0,AL+VF,AP
2020_09_19,1,0,0,AL+VF,AP
2020_09_20,1,0,1,AL,AP+VF
2020_09_21,1,0,0,AL+VF,AP
2020_09_22,1,0,0,AL+VF,AP
2020_09_23,1,0,0,AL+VF,AP
2020_09_24,1,0,0,AL+VF,AP
2020_09_25,1,0,1,AL,AP+VF
2020_09_26,1,0,1,AL,AP+VF
2020_09_27,1,0,0,AL+VF,AP
2020_09_28,1,0,1,AL,AP+VF
2020_09_29,1,0,0,AL+VF,AP
2020_09_30,1,0,1,AL,AP+VF
2020_10_01,1,0,0,AL+VF,AP
2020_10_02,1,0,1,AL,AP+VF
2020_10_03,1,0,1,AL,AP+VF
2020_10_04,1,0,1,AL,AP+VF
2020_10_05,1,0,1,AL,AP+VF
2020_10_06,1,0,1,AL,AP+VF
2020_10_07,1,0,1,AL,AP+VF
2020_10_08,1,0,1,AL,AP+VF
2020_10_09,1,0,0,AL+VF,AP
2020_10_10,1,0,0,AL+VF,AP
2020_10_11,1,0,1,AL,AP+VF
2020_10_12,1,0,0,AL+VF,AP
2020_10_13,1,0,0,AL+VF,AP
2020_10_14,1,0,0,AL+VF,AP
2020_10_15,1,0,1,AL,AP+VF
2020_10_16,1,0,1,AL,AP+VF
2020_10_17,0,0,0,AP+AL+VF,
2020_10_18,0,0,0,AP+AL+VF,
2020_10_19,1,0,1,AL,AP+VF
2020_10_20,1,0,1,AL,AP+VF
2020_10_21,1,0,0,AL+VF,AP
2020_10_22,1,0,1,AL,AP+VF
2020_10_23,1,0,0,AL+VF,AP
2020_10_24,1,0,0,AL+VF,AP
2020_10_25,1,0,0,AL+VF,AP
2020_10_26,1,0,1,AL,AP+VF
2020_10_27,1,0,0,AL+VF,AP
2020_10_28,1,0,1,AL,AP+VF
2020_10_29,1,0,0,AL+VF,AP
2020_10_30,1,0,1,AL,AP+VF
2020_10_31,1,0,0,AL+VF,AP
2020_11_01,1,0,0,AL+VF,AP
2020_11_02,1,0,0,AL+VF,AP
2020_11_03,1,0,1,AL,AP+VF
2020_11_04,1,0,0,AL+VF,AP
2020_11_05,1,0,1,AL,AP+VF
2020_11_06,1,0,1,AL,AP+VF
2020_11_07,1,0,0,AL+VF,AP
2020_11_08,1,0,0,AL+VF,AP
2020_11_09,1,0,0,AL+VF,AP
2020_11_10,1,0,0,AL+VF,AP
2020_11_11,1,0,0,AL+VF,AP
2020_11_12,1,0,1,AL,AP+VF
2020_11_13,1,0,1,AL,AP+VF
2020_11_14,1,0,1,AL,AP+VF
2020_11_15,1,0,1,AL,AP+VF
2020_11_16,1,0,1,AL,AP+VF
2020_11_17,1,0,1,AL,AP+VF
2020_11_18,1,0,1,AL,AP+VF
2020_11_19,1,0,1,AL,AP+VF
2020_11_20,1,0,1,AL,AP+VF
2020_11_21,1,0,1,AL,AP+VF
2020_11_22,1,0,1,AL,AP+VF
2020_11_23,1,0,1,AL,AP+VF
2020_11_24,1,0,1,AL,AP+VF
2020_11_25,1,0,1,AL,AP+VF
2020_11_26,1,0,1,AL,AP+VF
2020_11_27,1,0,1,AL,AP+VF
2020_11_28,1,0,1,AL,AP+VF
2020_11_29,1,0,1,AL,AP+VF
2020_11_30,1,0,1,AL,AP+VF
2020_12_01,1,0,1,AL,AP+VF
2020_12_02,1,0,1,AL,AP+VF
2020_12_03,1,0,1,AL,AP+VF
2020_12_04,1,0,1,AL,AP+VF
2020_12_05,1,0,1,AL,AP+VF
2020_12_06,1,0,1,AL,AP+VF
2020_12_07,1,0,1,AL,AP+VF
2020_12_08,1,0,1,AL,AP+VF
2020_12_09,1,0,1,AL,AP+VF
2020_12_10,1,0,1,AL,AP+VF
2020_12_11,1,0,1,AL,AP+VF
2020_12_12,1,0,1,AL,AP+VF
2020_12_13,1,0,1,AL,AP+VF
2020_12_14,1,0,1,AL,AP+VF
2020_12_15,1,0,1,AL,AP+VF
2020_12_16,1,0,1,AL,AP+VF
2020_12_17,1,0,1,AL,AP+VF
2020_12_18,1,0,1,AL,AP+VF
2020_12_19,1,0,1,AL,AP+VF
2020_12_20,1,0,1,AL,AP+VF
2020_12_21,1,0,1,AL,AP+VF
2020_12_22,1,0,1,AL,AP+VF
2020_12_23,1,0,1,AL,AP+VF
2020_12_24,1,0,1,AL,AP+VF
2020_12_25,1,0,1,AL,AP+VF
2020_12_26,1,0,1,AL,AP+VF
2020_12_27,1,0,1,AL,AP+VF
2020_12_28,1,0,1,AL,AP+VF
2020_12_29,1,0,1,AL,AP+VF
2020_12_30,1,0,1,AL,AP+VF
2020_12_31,1,0,1,AL,AP+VF
2021_01_01,1,1,1,,AP+AL+VF
2021_01_02,1,1,1,,AP+AL+VF
2021_01_03,1,1,1,,AP+AL+VF
2021_01_04,1,1,1,,AP+AL+VF
2021_01_05,1,1,1,,AP+AL+VF
2021_01_06,1,0,1,AL,AP+VF
2021_01_07,1,1,1,,AP+AL+VF
2021_01_08,1,1,1,,AP+AL+VF
2021_01_09,1,1,1,,AP+AL+VF
2021_01_10,1,0,1,AL,AP+VF
2021_01_11,1,1,1,,AP+AL+VF
2021_01_12,1,1,1,,AP+AL+VF
2021_01_13,1,1,1,,AP+AL+VF
2021_01_14,1,1,1,,AP+AL+VF
2021_01_15,1,1,1,,AP+AL+VF
2021_01_16,1,1,1,,AP+AL+VF
2021_01_17,1,0,1,AL,AP+VF
2021_01_18,1,1,1,,AP+AL+VF
2021_01_19,1,1,1,,AP+AL+VF
2021_01_20,1,1,1,,AP+AL+VF
2021_01_21,1,1,1,,AP+AL+VF
2021_01_22,1,1,1,,AP+AL+VF
2021_01_23,1,1,1,,AP+AL+VF
2021_01_24,1,1,1,,AP+AL+VF
2021_01_25,1,1,1,,AP+AL+VF
2021_01_26,1,1,1,,AP+AL+VF
2021_01_27,1,1,1,,AP+AL+VF
2021_01_28,1,1,1,,AP+AL+VF
2021_01_29,1,1,1,,AP+AL+VF
2021_01_30,1,1,1,,AP+AL+VF
2021_01_31,1,0,1,AL,AP+VF
2021_02_01,1,1,1,,AP+AL+VF
2021_02_02,1,1,1,,AP+AL+VF
2021_02_03,1,0,1,AL,AP+VF
2021_02_04,1,0,1,AL,AP+VF
2021_02_05,1,1,1,,AP+AL+VF
2021_02_06,1,1,1,,AP+AL+VF
2021_02_07,1,1,1,,AP+AL+VF
2021_02_08,1,1,1,,AP+AL+VF
2021_02_09,1,1,1,,AP+AL+VF
2021_02_10,1,1,1,,AP+AL+VF
2021_02_11,1,0,1,AL,AP+VF
2021_02_12,1,1,1,,AP+AL+VF
2021_02_13,1,0,1,AL,AP+VF
2021_02_14,1,1,1,,AP+AL+VF
2021_02_15,1,0,1,AL,AP+VF
2021_02_16,1,1,1,,AP+AL+VF
2021_02_17,1,0,1,AL,AP+VF
2021_02_18,1,0,1,AL,AP+VF
2021_02_19,1,1,1,,AP+AL+VF
2021_02_20,1,0,1,AL,AP+VF
2021_02_21,1,0,1,AL,AP+VF
2021_02_22,1,0,1,AL,AP+VF
2021_02_23,1,1,1,,AP+AL+VF
2021_02_24,1,0,1,AL,AP+VF
2021_02_25,1,1,1,,AP+AL+VF
2021_02_26,1,1,1,,AP+AL+VF
2021_02_27,1,0,1,AL,AP+VF
2021_02_28,1,1,1,,AP+AL+VF
2021_03_01,1,0,1,AL,AP+VF
2021_03_02,1,1,1,,AP+AL+VF
2021_03_03,1,1,1,,AP+AL+VF
2021_03_04,1,1,1,,AP+AL+VF
2021_03_05,1,1,1,,AP+AL+VF
2021_03_06,1,1,1,,AP+AL+VF
2021_03_07,1,1,1,,AP+AL+VF
2021_03_08,1,1,1,,AP+AL+VF
2021_03_09,1,1,1,,AP+AL+VF
2021_03_10,1,0,1,AL,AP+VF
2021_03_11,1,1,1,,AP+AL+VF
2021_03_12,1,1,1,,AP+AL+VF
2021_03_13,1,1,1,,AP+AL+VF
2021_03_14,1,1,1,,AP+AL+VF
2021_03_15,1,1,1,,AP+AL+VF
2021_03_16,1,1,1,,AP+AL+VF
2021_03_17,0,0,0,AP+AL+VF,
2021_03_18,0,0,0,AP+AL+VF,
2021_03_19,0,0,0,AP+AL+VF,
2021_03_20,1,1,1,,AP+AL+VF
2021_03_21,1,1,1,,AP+AL+VF
2021_03_22,1,0,1,AL,AP+VF
2021_03_23,1,1,1,,AP+AL+VF
2021_03_24,1,1,1,,AP+AL+VF
2021_03_25,1,0,1,AL,AP+VF
2021_03_26,1,0,1,AL,AP+VF
2021_03_27,1,0,1,AL,AP+VF
2021_03_28,1,1,1,,AP+AL+VF
2021_03_29,1,1,1,,AP+AL+VF
2021_03_30,1,1,1,,AP+AL+VF
2021_03_31,1,0,1,AL,AP+VF
2021_04_01,1,1,1,,AP+AL+VF
2021_04_02,1,0,1,AL,AP+VF
2021_04_03,1,0,1,AL,AP+VF
2021_04_04,1,1,1,,AP+AL+VF
2021_04_05,1,0,1,AL,AP+VF
2021_04_06,1,1,1,,AP+AL+VF
2021_04_07,1,1,1,,AP+AL+VF
2021_04_08,1,1,1,,AP+AL+VF
2021_04_09,1,0,1,AL,AP+VF
2021_04_10,1,1,1,,AP+AL+VF
2021_04_11,1,1,1,,AP+AL+VF
2021_04_12,1,1,1,,AP+AL+VF
2021_04_13,1,1,1,,AP+AL+VF
2021_04_14,1,1,1,,AP+AL+VF
2021_04_15,1,1,1,,AP+AL+VF
2021_04_16,1,1,1,,AP+AL+VF
2021_04_17,1,0,1,AL,AP+VF
2021_04_18,1,0,1,AL,AP+VF
2021_04_19,1,1,1,,AP+AL+VF
2021_04_20,1,1,1,,AP+AL+VF
2021_04_21,1,1,1,,AP+AL+VF
2021_04_22,1,1,1,,AP+AL+VF
2021_04_23,1,1,1,,AP+AL+VF
2021_04_24,1,1,1,,AP+AL+VF
2021_04_25,1,1,1,,AP+AL+VF
2021_04_26,1,1,1,,AP+AL+VF
2021_04_27,1,1,1,,AP+AL+VF
2021_04_28,1,0,1,AL,AP+VF
2021_04_29,1,1,1,,AP+AL+VF
2021_04_30,1,1,1,,AP+AL+VF
2021_05_01,1,1,1,,AP+AL+VF
2021_05_02,1,1,1,,AP+AL+VF
2021_05_03,1,1,1,,AP+AL+VF
2021_05_04,1,1,1,,AP+AL+VF
2021_05_05,1,1,1,,AP+AL+VF
2021_05_06,1,0,1,AL,AP+VF
2021_05_07,1,0,1,AL,AP+VF
2021_05_08,1,1,1,,AP+AL+VF
2021_05_09,1,1,1,,AP+AL+VF
2021_05_10,1,0,1,AL,AP+VF
2021_05_11,1,0,1,AL,AP+VF
2021_05_12,1,1,0,VF,AP+AL
2021_05_13,1,1,0,VF,AP+AL
2021_05_14,1,1,0,VF,AP+AL
2021_05_15,1,1,1,,AP+AL+VF
2021_05_16,1,1,1,,AP+AL+VF
2021_05_17,1,0,0,AL+VF,AP
2021_05_18,1,1,1,,AP+AL+VF
2021_05_19,1,0,0,AL+VF,AP
2021_05_20,1,1,0,VF,AP+AL
2021_05_21,1,1,0,VF,AP+AL
2021_05_22,1,1,1,,AP+AL+VF
2021_05_23,1,1,0,VF,AP+AL
2021_05_24,1,1,0,VF,AP+AL
2021_05_25,1,1,1,,AP+AL+VF
2021_05_26,1,1,0,VF,AP+AL
2021_05_27,1,1,1,,AP+AL+VF
2021_05_28,1,1,1,,AP+AL+VF
2021_05_29,0,0,0,AP+AL+VF,
2021_05_30,0,0,0,AP+AL+VF,
2021_05_31,1,1,1,,AP+AL+VF
2021_06_01,1,0,0,AL+VF,AP
2021_06_02,1,1,0,VF,AP+AL
2021_06_03,1,0,0,AL+VF,AP
2021_06_04,1,1,1,,AP+AL+VF
2021_06_05,1,1,0,VF,AP+AL
2021_06_06,1,1,1,,AP+AL+VF
2021_06_07,1,1,1,,AP+AL+VF
2021_06_08,1,1,1,,AP+AL+VF
2021_06_09,1,1,1,,AP+AL+VF
2021_06_10,1,1,1,,AP+AL+VF
2021_06_11,1,1,1,,AP+AL+VF
2021_06_12,0,0,0,AP+AL+VF,
2021_06_13,0,0,0,AP+AL+VF,
2021_06_14,0,0,0,AP+AL+VF,
2021_06_15,1,1,1,,AP+AL+VF
2021_06_16,1,1,0,VF,AP+AL
2021_06_17,1,1,0,VF,AP+AL
2021_06_18,1,1,1,,AP+AL+VF
2021_06_19,1,1,0,VF,AP+AL
2021_06_20,1,1,0,VF,AP+AL
2021_06_21,1,1,1,,AP+AL+VF
2021_06_22,1,1,1,,AP+AL+VF
2021_06_23,1,1,1,,AP+AL+VF
2021_06_24,1,1,1,,AP+AL+VF
2021_06_25,1,1,0,VF,AP+AL
2021_06_26,1,1,0,VF,AP+AL
2021_06_27,1,1,0,VF,AP+AL
2021_06_28,1,1,0,VF,AP+AL
2021_06_29,1,1,1,,AP+AL+VF
2021_06_30,1,1,1,,AP+AL+VF
2021_07_01,1,1,0,VF,AP+AL
2021_07_02,1,1,0,VF,AP+AL
2021_07_03,1,1,1,,AP+AL+VF
2021_07_04,1,1,0,VF,AP+AL
2021_07_05,1,1,0,VF,AP+AL
2021_07_06,1,1,1,,AP+AL+VF
2021_07_07,1,1,1,,AP+AL+VF
2021_07_08,1,1,1,,AP+AL+VF
2021_07_09,1,1,1,,AP+AL+VF
2021_07_10,1,1,0,VF,AP+AL
2021_07_11,1,1,1,,AP+AL+VF
2021_07_12,1,1,1,,AP+AL+VF
2021_07_13,1,1,1,,AP+AL+VF
2021_07_14,1,1,0,VF,AP+AL
2021_07_15,1,1,0,VF,AP+AL
2021_07_16,1,1,0,VF,AP+AL
2021_07_17,1,1,1,,AP+AL+VF
2021_07_18,1,1,0,VF,AP+AL
2021_07_19,1,1,1,,AP+AL+VF
2021_07_20,1,1,0,VF,AP+AL
2021_07_21,1,1,0,VF,AP+AL
2021_07_22,1,1,1,,AP+AL+VF
2021_07_23,1,1,1,,AP+AL+VF
2021_07_24,1,1,0,VF,AP+AL
2021_07_25,1,1,0,VF,AP+AL
2021_07_26,1,1,1,,AP+AL+VF
2021_07_27,1,1,0,VF,AP+AL
2021_07_28,1,1,0,VF,AP+AL
2021_07_29,1,1,0,VF,AP+AL
2021_07_30,1,1,1,,AP+AL+VF
2021_07_31,1,1,1,,AP+AL+VF
2021_08_01,1,1,0,VF,AP+AL
2021_08_02,1,1,0,VF,AP+AL
2021_08_03,1,1,0,VF,AP+AL
2021_08_04,1,1,1,,AP+AL+VF
2021_08_05,1,1,0,VF,AP+AL
2021_08_06,1,1,0,VF,AP+AL
2021_08_07,1,1,1,,AP+AL+VF
2021_08_08,1,1,1,,AP+AL+VF
2021_08_09,1,1,1,,AP+AL+VF
2021_08_10,1,1,1,,AP+AL+VF
2021_08_11,1,1,0,VF,AP+AL
2021_08_12,1,1,1,,AP+AL+VF
2021_08_13,1,1,0,VF,AP+AL
2021_08_14,1,1,0,VF,AP+AL
2021_08_15,1,1,0,VF,AP+AL
2021_08_16,1,1,1,,AP+AL+VF
2021_08_17,1,1,1,,AP+AL+VF
2021_08_18,0,0,0,AP+AL+VF,
2021_08_19,1,1,1,,AP+AL+VF
2021_08_20,1,1,0,VF,AP+AL
2021_08_21,1,1,1,,AP+AL+VF
2021_08_22,1,1,1,,AP+AL+VF
2021_08_23,1,1,0,VF,AP+AL
2021_08_24,1,1,0,VF,AP+AL
2021_08_25,1,1,1,,AP+AL+VF
2021_08_26,1,1,1,,AP+AL+VF
2021_08_27,1,1,0,VF,AP+AL
2021_08_28,1,1,0,VF,AP+AL
2021_08_29,1,1,1,,AP+AL+VF
2021_08_30,1,1,1,,AP+AL+VF
2021_08_31,1,1,0,VF,AP+AL
2021_09_01,1,1,0,VF,AP+AL
2021_09_02,0,0,0,AP+AL+VF,
2021_09_03,1,1,1,,AP+AL+VF
2021_09_04,1,1,1,,AP+AL+VF
2021_09_05,1,1,0,VF,AP+AL
2021_09_06,1,1,0,VF,AP+AL
2021_09_07,1,1,0,VF,AP+AL
2021_09_08,1,1,0,VF,AP+AL
2021_09_09,1,1,0,VF,AP+AL
2021_09_10,1,1,1,,AP+AL+VF
2021_09_11,1,1,1,,AP+AL+VF
2021_09_12,1,1,0,VF,AP+AL
2021_09_13,1,1,0,VF,AP+AL
2021_09_14,1,1,0,VF,AP+AL
2021_09_15,1,1,1,,AP+AL+VF
2021_09_16,1,1,1,,AP+AL+VF
2021_09_17,1,1,0,VF,AP+AL
2021_09_18,1,1,0,VF,AP+AL
2021_09_19,1,1,1,,AP+AL+VF
2021_09_20,1,1,0,VF,AP+AL
2021_09_21,1,1,1,,AP+AL+VF
2021_09_22,1,1,1,,AP+AL+VF
2021_09_23,1,1,0,VF,AP+AL
2021_09_24,1,1,1,,AP+AL+VF
2021_09_25,1,1,1,,AP+AL+VF
2021_09_26,1,1,1,,AP+AL+VF
2021_09_27,1,1,0,VF,AP+AL
2021_09_28,1,1,1,,AP+AL+VF
2021_09_29,1,1,0,VF,AP+AL
2021_09_30,1,1,0,VF,AP+AL
2021_10_01,1,1,0,VF,AP+AL
2021_10_02,1,1,0,VF,AP+AL
2021_10_03,1,1,0,VF,AP+AL
2021_10_04,1,1,0,VF,AP+AL
2021_10_05,1,1,0,VF,AP+AL
2021_10_06,1,1,0,VF,AP+AL
2021_10_07,1,1,1,,AP+AL+VF
2021_10_08,1,1,1,,AP+AL+VF
2021_10_09,1,1,1,,AP+AL+VF
2021_10_10,1,1,0,VF,AP+AL
2021_10_11,1,1,0,VF,AP+AL
2021_10_12,1,1,0,VF,AP+AL
2021_10_13,1,1,1,,AP+AL+VF
2021_10_14,1,1,0,VF,AP+AL
2021_10_15,1,1,0,VF,AP+AL
2021_10_16,1,1,1,,AP+AL+VF
2021_10_17,1,1,1,,AP+AL+VF
2021_10_18,1,1,0,VF,AP+AL
2021_10_19,1,1,0,VF,AP+AL
2021_10_20,0,0,0,AP+AL+VF,
2021_10_21,1,1,1,,AP+AL+VF
2021_10_22,1,1,1,,AP+AL+VF
2021_10_23,1,1,0,VF,AP+AL
2021_10_24,1,1,1,,AP+AL+VF
2021_10_25,1,1,1,,AP+AL+VF
2021_10_26,1,1,0,VF,AP+AL
2021_10_27,1,1,1,,AP+AL+VF
2021_10_28,0,0,0,AP+AL+VF,
2021_10_29,0,0,0,AP+AL+VF,
2021_10_30,0,0,0,AP+AL+VF,
2021_10_31,0,0,0,AP+AL+VF,
2021_11_01,0,0,0,AP+AL+VF,
2021_11_02,0,0,0,AP+AL+VF,
2021_11_03,1,1,1,,AP+AL+VF
2021_11_04,1,1,1,,AP+AL+VF
2021_11_05,1,1,0,VF,AP+AL
2021_11_06,1,1,0,VF,AP+AL
2021_11_07,1,1,0,VF,AP+AL
2021_11_08,1,1,0,VF,AP+AL
2021_11_09,1,1,0,VF,AP+AL
2021_11_10,1,1,0,VF,AP+AL
2021_11_11,1,1,1,,AP+AL+VF
2021_11_12,1,1,0,VF,AP+AL
2021_11_13,1,1,0,VF,AP+AL
2021_11_14,1,1,0,VF,AP+AL
2021_11_15,1,1,0,VF,AP+AL
2021_11_16,1,1,0,VF,AP+AL
2021_11_17,1,1,1,,AP+AL+VF
2021_11_18,1,1,0,VF,AP+AL
2021_11_19,1,1,1,,AP+AL+VF
2021_11_20,1,1,0,VF,AP+AL
2021_11_21,1,1,0,VF,AP+AL
2021_11_22,1,1,0,VF,AP+AL
2021_11_23,1,1,1,,AP+AL+VF
2021_11_24,1,1,0,VF,AP+AL
2021_11_25,1,1,1,,AP+AL+VF
2021_11_26,1,1,0,VF,AP+AL
2021_11_27,1,1,0,VF,AP+AL
2021_11_28,1,1,0,VF,AP+AL
2021_11_29,1,1,1,,AP+AL+VF
2021_11_30,1,1,1,,AP+AL+VF
2021_12_01,1,1,1,,AP+AL+VF
2021_12_02,1,1,1,,AP+AL+VF
2021_12_03,1,1,1,,AP+AL+VF
2021_12_04,1,1,1,,AP+AL+VF
2021_12_05,1,1,0,VF,AP+AL
2021_12_06,1,1,1,,AP+AL+VF
2021_12_07,1,1,0,VF,AP+AL
2021_12_08,1,1,1,,AP+AL+VF
2021_12_09,1,1,0,VF,AP+AL
2021_12_10,1,1,0,VF,AP+AL
2021_12_11,1,1,1,,AP+AL+VF
2021_12_12,1,1,0,VF,AP+AL
2021_12_13,1,1,0,VF,AP+AL
2021_12_14,1,1,1,,AP+AL+VF
2021_12_15,1,1,0,VF,AP+AL
2021_12_16,1,1,1,,AP+AL+VF
2021_12_17,1,1,1,,AP+AL+VF
2021_12_18,1,1,1,,AP+AL+VF
2021_12_19,1,1,1,,AP+AL+VF
2021_12_20,1,1,0,VF,AP+AL
2021_12_21,1,1,0,VF,AP+AL
2021_12_22,1,1,0,VF,AP+AL
2021_12_23,1,1,0,VF,AP+AL
2021_12_24,1,1,1,,AP+AL+VF
2021_12_25,1,1,1,,AP+AL+VF
2021_12_26,1,1,0,VF,AP+AL
2021_12_27,1,1,0,VF,AP+AL
2021_12_28,1,1,0,VF,AP+AL
2021_12_29,1,1,0,VF,AP+AL
2021_12_30,1,1,0,VF,AP+AL
2021_12_31,1,1,1,,AP+AL+VF
2022_01_01,1,1,1,,AP+AL+VF
2022_01_02,1,1,1,,AP+AL+VF
2022_01_03,1,1,1,,AP+AL+VF
2022_01_04,1,1,1,,AP+AL+VF
2022_01_05,1,1,1,,AP+AL+VF
2022_01_06,1,1,1,,AP+AL+VF
2022_01_07,1,1,1,,AP+AL+VF
2022_01_08,1,1,1,,AP+AL+VF
2022_01_09,1,1,1,,AP+AL+VF
2022_01_10,1,1,1,,AP+AL+VF
2022_01_11,1,1,1,,AP+AL+VF
2022_01_12,1,1,1,,AP+AL+VF
2022_01_13,1,1,1,,AP+AL+VF
2022_01_14,1,1,1,,AP+AL+VF
2022_01_15,1,1,1,,AP+AL+VF
2022_01_16,1,1,1,,AP+AL+VF
2022_01_17,1,1,1,,AP+AL+VF
2022_01_18,1,1,1,,AP+AL+VF
2022_01_19,1,1,1,,AP+AL+VF
2022_01_20,0,0,0,AP+AL+VF,
2022_01_21,0,0,0,AP+AL+VF,
2022_01_22,0,0,0,AP+AL+VF,
2022_01_23,0,0,0,AP+AL+VF,
2022_01_24,0,0,0,AP+AL+VF,
2022_01_25,0,0,0,AP+AL+VF,
2022_01_26,1,1,1,,AP+AL+VF
2022_01_27,1,1,1,,AP+AL+VF
2022_01_28,1,1,1,,AP+AL+VF
2022_01_29,1,1,1,,AP+AL+VF
2022_01_30,1,1,1,,AP+AL+VF
2022_01_31,1,1,1,,AP+AL+VF
2022_02_01,1,1,1,,AP+AL+VF
2022_02_02,1,1,1,,AP+AL+VF
2022_02_03,1,1,1,,AP+AL+VF
2022_02_04,1,1,1,,AP+AL+VF
2022_02_05,1,1,1,,AP+AL+VF
2022_02_06,1,1,1,,AP+AL+VF
2022_02_07,1,1,1,,AP+AL+VF
2022_02_08,1,1,1,,AP+AL+VF
2022_02_09,1,1,1,,AP+AL+VF
2022_02_10,1,1,1,,AP+AL+VF
2022_02_11,1,1,1,,AP+AL+VF
2022_02_12,1,1,1,,AP+AL+VF
2022_02_13,1,1,1,,AP+AL+VF
2022_02_14,1,1,1,,AP+AL+VF
2022_02_15,1,1,1,,AP+AL+VF
2022_02_16,1,1,1,,AP+AL+VF
2022_02_17,1,1,1,,AP+AL+VF
2022_02_18,1,1,1,,AP+AL+VF
2022_02_19,1,1,1,,AP+AL+VF
2022_02_20,1,1,1,,AP+AL+VF
2022_02_21,1,1,1,,AP+AL+VF
2022_02_22,1,1,1,,AP+AL+VF
2022_02_23,1,1,1,,AP+AL+VF
2022_02_24,1,1,1,,AP+AL+VF
2022_02_25,1,1,1,,AP+AL+VF
2022_02_26,1,1,1,,AP+AL+VF
2022_02_27,1,1,1,,AP+AL+VF
2022_02_28,1,1,1,,AP+AL+VF
2022_03_01,1,1,1,,AP+AL+VF
2022_03_02,1,1,1,,AP+AL+VF
2022_03_03,1,1,1,,AP+AL+VF
2022_03_04,1,1,1,,AP+AL+VF
2022_03_05,1,1,1,,AP+AL+VF
2022_03_06,1,1,1,,AP+AL+VF
2022_03_07,1,1,1,,AP+AL+VF
2022_03_08,1,1,1,,AP+AL+VF
2022_03_09,1,1,1,,AP+AL+VF
2022_03_10,1,1,1,,AP+AL+VF
2022_03_11,1,1,1,,AP+AL+VF
2022_03_12,1,1,1,,AP+AL+VF
2022_03_13,1,1,1,,AP+AL+VF
2022_03_14,1,1,1,,AP+AL+VF
2022_03_15,1,1,1,,AP+AL+VF
2022_03_16,1,1,1,,AP+AL+VF
2022_03_17,1,1,1,,AP+AL+VF
2022_03_18,1,1,1,,AP+AL+VF
2022_03_19,1,1,1,,AP+AL+VF
2022_03_20,1,1,1,,AP+AL+VF
2022_03_21,1,1,1,,AP+AL+VF
2022_03_22,1,1,1,,AP+AL+VF
2022_03_23,1,1,1,,AP+AL+VF
2022_03_24,1,1,1,,AP+AL+VF
2022_03_25,1,1,1,,AP+AL+VF
2022_03_26,1,1,1,,AP+AL+VF
2022_03_27,1,1,1,,AP+AL+VF
2022_03_28,0,0,0,AP+AL+VF,
2022_03_29,0,0,0,AP+AL+VF,
2022_03_30,0,0,0,AP+AL+VF,
2022_03_31,1,1,1,,AP+AL+VF
2022_04_01,1,1,1,,AP+AL+VF
2022_04_02,1,1,1,,AP+AL+VF
2022_04_03,1,1,1,,AP+AL+VF
2022_04_04,1,1,1,,AP+AL+VF
2022_04_05,1,1,1,,AP+AL+VF
2022_04_06,1,1,1,,AP+AL+VF
2022_04_07,1,1,1,,AP+AL+VF
2022_04_08,1,1,1,,AP+AL+VF
2022_04_09,1,1,1,,AP+AL+VF
2022_04_10,1,1,1,,AP+AL+VF
2022_04_11,1,1,1,,AP+AL+VF
2022_04_12,1,1,1,,AP+AL+VF
2022_04_13,1,1,1,,AP+AL+VF
2022_04_14,1,1,1,,AP+AL+VF
2022_04_15,1,1,1,,AP+AL+VF
2022_04_16,1,1,1,,AP+AL+VF
2022_04_17,1,1,1,,AP+AL+VF
2022_04_18,1,1,1,,AP+AL+VF
2022_04_19,1,1,1,,AP+AL+VF
2022_04_20,1,1,1,,AP+AL+VF
2022_04_21,1,1,1,,AP+AL+VF
2022_04_22,1,1,1,,AP+AL+VF
2022_04_23,1,1,1,,AP+AL+VF
2022_04_24,1,1,1,,AP+AL+VF
2022_04_25,1,1,1,,AP+AL+VF
2022_04_26,1,1,1,,AP+AL+VF
2022_04_27,1,1,1,,AP+AL+VF
2022_04_28,1,1,1,,AP+AL+VF
2022_04_29,1,1,1,,AP+AL+VF
2022_04_30,1,1,1,,AP+AL+VF
2022_05_01,1,1,1,,AP+AL+VF
2022_05_02,1,1,1,,AP+AL+VF
2022_05_03,1,1,1,,AP+AL+VF
2022_05_04,1,1,1,,AP+AL+VF
2022_05_05,1,1,1,,AP+AL+VF
2022_05_06,1,1,1,,AP+AL+VF
2022_05_07,1,1,1,,AP+AL+VF
2022_05_08,1,1,1,,AP+AL+VF
2022_05_09,1,1,1,,AP+AL+VF
2022_05_10,1,1,1,,AP+AL+VF
2022_05_11,1,1,1,,AP+AL+VF
2022_05_12,1,1,1,,AP+AL+VF
2022_05_13,1,1,1,,AP+AL+VF
2022_05_14,1,1,1,,AP+AL+VF
2022_05_15,1,1,1,,AP+AL+VF
2022_05_16,1,1,1,,AP+AL+VF
2022_05_17,1,1,1,,AP+AL+VF
2022_05_18,1,1,1,,AP+AL+VF
2022_05_19,1,1,1,,AP+AL+VF
2022_05_20,1,1,1,,AP+AL+VF
2022_05_21,1,1,1,,AP+AL+VF
2022_05_22,1,1,1,,AP+AL+VF
2022_05_23,1,1,1,,AP+AL+VF
2022_05_24,1,1,1,,AP+AL+VF
2022_05_25,1,1,1,,AP+AL+VF
2022_05_26,1,1,1,,AP+AL+VF
2022_05_27,1,1,1,,AP+AL+VF
2022_05_28,1,1,1,,AP+AL+VF
2022_05_29,1,1,1,,AP+AL+VF
2022_05_30,1,1,1,,AP+AL+VF
2022_05_31,1,1,1,,AP+AL+VF
2022_06_01,1,1,1,,AP+AL+VF
2022_06_02,1,1,1,,AP+AL+VF
2022_06_03,1,1,1,,AP+AL+VF
2022_06_04,1,1,1,,AP+AL+VF
2022_06_05,1,1,1,,AP+AL+VF
2022_06_06,1,1,1,,AP+AL+VF
2022_06_07,1,1,1,,AP+AL+VF
2022_06_08,1,1,1,,AP+AL+VF
2022_06_09,1,1,1,,AP+AL+VF
2022_06_10,1,1,1,,AP+AL+VF
2022_06_11,1,1,1,,AP+AL+VF
2022_06_12,1,1,1,,AP+AL+VF
2022_06_13,1,1,1,,AP+AL+VF
2022_06_14,1,1,1,,AP+AL+VF
2022_06_15,1,1,1,,AP+AL+VF
2022_06_16,1,1,1,,AP+AL+VF
2022_06_17,1,1,1,,AP+AL+VF
2022_06_18,1,1,1,,AP+AL+VF
2022_06_19,1,1,1,,AP+AL+VF
2022_06_20,1,1,1,,AP+AL+VF
2022_06_21,1,1,1,,AP+AL+VF
2022_06_22,1,1,1,,AP+AL+VF
2022_06_23,1,1,1,,AP+AL+VF
2022_06_24,1,1,1,,AP+AL+VF
2022_06_25,1,1,1,,AP+AL+VF
2022_06_26,1,1,1,,AP+AL+VF
2022_06_27,1,1,1,,AP+AL+VF
2022_06_28,1,1,1,,AP+AL+VF
2022_06_29,1,1,1,,AP+AL+VF
2022_06_30,1,1,1,,AP+AL+VF
2022_07_01,1,1,1,,AP+AL+VF
2022_07_02,1,1,1,,AP+AL+VF
2022_07_03,1,1,1,,AP+AL+VF
2022_07_04,1,1,1,,AP+AL+VF
2022_07_05,1,1,1,,AP+AL+VF
2022_07_06,1,1,1,,AP+AL+VF
2022_07_07,1,1,1,,AP+AL+VF
2022_07_08,1,1,1,,AP+AL+VF
2022_07_09,1,1,1,,AP+AL+VF
2022_07_10,1,1,1,,AP+AL+VF
2022_07_11,1,1,1,,AP+AL+VF
2022_07_12,1,1,1,,AP+AL+VF
2022_07_13,1,1,1,,AP+AL+VF
2022_07_14,1,1,1,,AP+AL+VF
2022_07_15,1,1,1,,AP+AL+VF
2022_07_16,1,1,1,,AP+AL+VF
2022_07_17,1,1,1,,AP+AL+VF
2022_07_18,1,1,1,,AP+AL+VF
2022_07_19,1,1,1,,AP+AL+VF
2022_07_20,1,1,1,,AP+AL+VF
2022_07_21,1,1,1,,AP+AL+VF
2022_07_22,1,1,1,,AP+AL+VF
2022_07_23,1,1,1,,AP+AL+VF
2022_07_24,1,1,1,,AP+AL+VF
2022_07_25,1,1,1,,AP+AL+VF
2022_07_26,1,1,1,,AP+AL+VF
2022_07_27,1,1,1,,AP+AL+VF
2022_07_28,1,1,1,,AP+AL+VF
2022_07_29,1,1,1,,AP+AL+VF
2022_07_30,1,1,1,,AP+AL+VF
2022_07_31,1,1,1,,AP+AL+VF
2022_08_01,1,1,1,,AP+AL+VF
2022_08_02,1,1,1,,AP+AL+VF
2022_08_03,1,1,1,,AP+AL+VF
2022_08_04,1,1,1,,AP+AL+VF
2022_08_05,1,1,1,,AP+AL+VF
2022_08_06,1,1,1,,AP+AL+VF
2022_08_07,1,1,1,,AP+AL+VF
2022_08_08,1,1,1,,AP+AL+VF
2022_08_09,1,1,1,,AP+AL+VF
2022_08_10,1,1,1,,AP+AL+VF
2022_08_11,1,1,1,,AP+AL+VF
2022_08_12,1,1,1,,AP+AL+VF
2022_08_13,1,1,1,,AP+AL+VF
2022_08_14,1,1,1,,AP+AL+VF
2022_08_15,1,1,1,,AP+AL+VF
2022_08_16,1,1,1,,AP+AL+VF
2022_08_17,1,1,1,,AP+AL+VF
2022_08_18,1,1,1,,AP+AL+VF
2022_08_19,1,1,1,,AP+AL+VF
2022_08_20,1,1,1,,AP+AL+VF
2022_08_21,1,1,1,,AP+AL+VF
2022_08_22,1,1,1,,AP+AL+VF
2022_08_23,1,1,1,,AP+AL+VF
2022_08_24,1,1,1,,AP+AL+VF
2022_08_25,1,1,1,,AP+AL+VF
2022_08_26,1,1,1,,AP+AL+VF
2022_08_27,1,1,1,,AP+AL+VF
2022_08_28,0,0,0,AP+AL+VF,
2022_08_29,0,0,0,AP+AL+VF,
2022_08_30,1,1,1,,AP+AL+VF
2022_08_31,1,1,1,,AP+AL+VF
2022_09_01,1,1,1,,AP+AL+VF
2022_09_02,1,1,1,,AP+AL+VF
2022_09_03,1,1,1,,AP+AL+VF
2022_09_04,1,1,1,,AP+AL+VF
2022_09_05,1,1,1,,AP+AL+VF
2022_09_06,1,1,1,,AP+AL+VF
2022_09_07,1,1,1,,AP+AL+VF
2022_09_08,1,1,1,,AP+AL+VF
2022_09_09,1,1,1,,AP+AL+VF
2022_09_10,1,1,1,,AP+AL+VF
2022_09_11,1,1,1,,AP+AL+VF
2022_09_12,1,1,1,,AP+AL+VF
2022_09_13,1,1,1,,AP+AL+VF
2022_09_14,1,1,1,,AP+AL+VF
2022_09_15,1,1,1,,AP+AL+VF
2022_09_16,1,1,1,,AP+AL+VF
2022_09_17,1,1,1,,AP+AL+VF
2022_09_18,1,1,1,,AP+AL+VF
2022_09_19,1,1,1,,AP+AL+VF
2022_09_20,1,1,1,,AP+AL+VF
2022_09_21,1,1,1,,AP+AL+VF
2022_09_22,1,1,1,,AP+AL+VF
2022_09_23,1,1,1,,AP+AL+VF
2022_09_24,1,1,1,,AP+AL+VF
2022_09_25,1,1,1,,AP+AL+VF
2022_09_26,1,1,1,,AP+AL+VF
2022_09_27,1,1,1,,AP+AL+VF
2022_09_28,1,1,1,,AP+AL+VF
2022_09_29,1,1,1,,AP+AL+VF
2022_09_30,1,1,1,,AP+AL+VF
2022_10_01,1,1,1,,AP+AL+VF
2022_10_02,1,1,1,,AP+AL+VF
2022_10_03,1,1,1,,AP+AL+VF
2022_10_04,1,1,1,,AP+AL+VF
2022_10_05,1,1,1,,AP+AL+VF
2022_10_06,1,1,1,,AP+AL+VF
2022_10_07,1,1,1,,AP+AL+VF
2022_10_08,1,1,1,,AP+AL+VF
2022_10_09,1,1,1,,AP+AL+VF
2022_10_10,1,1,1,,AP+AL+VF
2022_10_11,1,1,1,,AP+AL+VF
2022_10_12,1,1,1,,AP+AL+VF
2022_10_13,1,1,1,,AP+AL+VF
2022_10_14,1,1,1,,AP+AL+VF
2022_10_15,1,1,1,,AP+AL+VF
2022_10_16,1,1,1,,AP+AL+VF
2022_10_17,1,1,1,,AP+AL+VF
2022_10_18,1,1,1,,AP+AL+VF
2022_10_19,1,1,1,,AP+AL+VF
2022_10_20,1,1,1,,AP+AL+VF
2022_10_21,0,0,0,AP+AL+VF,
2022_10_22,0,0,0,AP+AL+VF,
2022_10_23,0,0,0,AP+AL+VF,
2022_10_24,0,0,0,AP+AL+VF,
2022_10_25,0,0,0,AP+AL+VF,
2022_10_26,0,0,0,AP+AL+VF,
2022_10_27,0,0,0,AP+AL+VF,
2022_10_28,0,0,0,AP+AL+VF,
2022_10_29,0,0,0,AP+AL+VF,
2022_10_30,0,0,0,AP+AL+VF,
2022_10_31,0,0,0,AP+AL+VF,
2022_11_01,0,0,0,AP+AL+VF,
2022_11_02,0,0,0,AP+AL+VF,
2022_11_03,0,0,0,AP+AL+VF,
2022_11_04,0,0,0,AP+AL+VF,
2022_11_05,0,0,0,AP+AL+VF,
2022_11_06,0,0,0,AP+AL+VF,
2022_11_07,0,0,0,AP+AL+VF,
2022_11_08,0,0,0,AP+AL+VF,
2022_11_09,1,1,1,,AP+AL+VF
2022_11_10,1,1,1,,AP+AL+VF
2022_11_11,0,0,0,AP+AL+VF,
2022_11_12,0,0,0,AP+AL+VF,
2022_11_13,0,0,0,AP+AL+VF,
2022_11_14,0,0,0,AP+AL+VF,
2022_11_15,0,0,0,AP+AL+VF,
2022_11_16,0,0,0,AP+AL+VF,
2022_11_17,0,0,0,AP+AL+VF,
2022_11_18,0,0,0,AP+AL+VF,
2022_11_19,0,0,0,AP+AL+VF,
2022_11_20,0,0,0,AP+AL+VF,
2022_11_21,0,0,0,AP+AL+VF,
2022_11_22,0,0,0,AP+AL+VF,
2022_11_23,0,0,0,AP+AL+VF,
2022_11_24,0,0,0,AP+AL+VF,
2022_11_25,0,0,0,AP+AL+VF,
2022_11_26,0,0,0,AP+AL+VF,
2022_11_27,0,0,0,AP+AL+VF,
2022_11_28,0,0,0,AP+AL+VF,
2022_11_29,0,0,0,AP+AL+VF,
2022_11_30,0,0,0,AP+AL+VF,
2022_12_01,0,0,0,AP+AL+VF,
2022_12_02,0,0,0,AP+AL+VF,
2022_12_03,0,0,0,AP+AL+VF,
2022_12_04,0,0,0,AP+AL+VF,
2022_12_05,0,0,0,AP+AL+VF,
2022_12_06,0,0,0,AP+AL+VF,
2022_12_07,0,0,0,AP+AL+VF,
2022_12_08,1,1,1,,AP+AL+VF
2022_12_09,1,1,1,,AP+AL+VF
2022_12_10,1,1,1,,AP+AL+VF
2022_12_11,1,1,1,,AP+AL+VF
2022_12_12,1,1,1,,AP+AL+VF
2022_12_13,1,1,1,,AP+AL+VF
2022_12_14,1,1,1,,AP+AL+VF
2022_12_15,1,1,1,,AP+AL+VF
2022_12_16,1,1,1,,AP+AL+VF
2022_12_17,1,1,1,,AP+AL+VF
2022_12_18,1,1,1,,AP+AL+VF
2022_12_19,1,1,1,,AP+AL+VF
2022_12_20,1,1,1,,AP+AL+VF
2022_12_21,1,1,1,,AP+AL+VF
2022_12_22,1,1,1,,AP+AL+VF
2022_12_23,1,1,1,,AP+AL+VF
2022_12_24,1,1,1,,AP+AL+VF
2022_12_25,1,1,1,,AP+AL+VF
2022_12_26,1,1,1,,AP+AL+VF
2022_12_27,1,1,1,,AP+AL+VF
2022_12_28,1,1,1,,AP+AL+VF
2022_12_29,1,1,1,,AP+AL+VF
2022_12_30,0,0,0,AP+AL+VF,
2022_12_31,1,1,1,,AP+AL+VF
